condition,seed_id,n_gen,vendi
gemma_t10,543,51,2.458649158477783
gemma_t10,1105,51,3.302558422088623
gemma_t10,1587,51,2.422901153564453
gemma_t10,17355,51,2.6878232955932617
gemma_t10,20744,51,2.5089423656463623
gemma_t10,39011,51,3.059753179550171
gemma_t10,41263,51,2.8066201210021973
gemma_t10,61274,51,2.611300230026245
gemma_t10,89639,51,3.993035078048706
gemma_t10,92327,51,2.9703776836395264
gemma_t10,94285,51,3.0856552124023438
gemma_t10,96824,51,2.6740126609802246
gemma_t10,106054,51,3.4861161708831787
gemma_t10,115174,51,4.4723591804504395
gemma_t10,122829,51,2.421398162841797
gemma_t10,126584,51,2.893141269683838
gemma_t10,133195,51,3.6405038833618164
gemma_t10,138716,51,1.9584226608276367
gemma_t10,139787,51,2.1579837799072266
gemma_t10,141282,51,2.5300183296203613
gemma_t10,142368,51,2.299057960510254
gemma_t10,146843,51,3.752824544906616
gemma_t10,151184,51,2.907172203063965
gemma_t10,162169,51,1.7220165729522705
gemma_t10,173611,51,2.8839216232299805
gemma_t10,203279,51,2.608042001724243
gemma_t10,207468,51,2.30147385597229
gemma_t10,217895,51,2.3366544246673584
gemma_t10,220553,51,2.520289659500122
gemma_t10,223637,51,2.362112045288086
gemma_t10,230735,51,2.4580631256103516
gemma_t10,235645,51,2.1713225841522217
gemma_t10,247735,51,2.675558567047119
gemma_t10,256149,51,2.4914135932922363
gemma_t10,259144,51,2.9537274837493896
gemma_t10,306227,51,3.620452880859375
gemma_t10,326903,51,3.3303797245025635
gemma_t10,337390,51,3.3782315254211426
gemma_t10,338760,51,3.3123693466186523
gemma_t10,340852,51,2.51507830619812
gemma_t10,384520,51,2.9516546726226807
gemma_t10,406026,51,2.9439754486083984
gemma_t10,414569,51,3.8592770099639893
gemma_t10,437687,51,2.538983106613159
gemma_t10,441563,51,3.535991907119751
gemma_t10,472478,51,2.639577865600586
gemma_t10,497108,51,2.755286455154419
gemma_t10,524450,51,3.2379150390625
gemma_t10,557620,51,2.7079432010650635
gemma_t10,560565,51,2.3088159561157227
gemma_t10,574574,51,3.272329092025757
gemma_t10,577805,51,2.471555471420288
gemma_t10,600412,51,4.4289870262146
gemma_t10,605706,51,2.4630353450775146
gemma_t10,617993,51,5.155038356781006
gemma_t10,630188,51,2.682044744491577
gemma_t10,631855,51,3.417799711227417
gemma_t10,652921,51,2.244126796722412
gemma_t10,687037,51,3.1090481281280518
gemma_t10,696805,51,2.7323591709136963
gemma_t10,725590,51,2.7643792629241943
gemma_t10,744471,51,2.2201709747314453
gemma_t10,747342,51,2.837390184402466
gemma_t10,767485,51,2.0524423122406006
gemma_t10,836219,51,3.60387921333313
gemma_t10,842881,51,4.457937717437744
gemma_t10,845121,51,2.632948637008667
gemma_t10,857321,51,2.1561567783355713
gemma_t10,862713,51,2.783639669418335
gemma_t10,870211,51,2.402855157852173
gemma_t10,881437,51,2.668523073196411
gemma_t10,905565,51,4.371489524841309
gemma_t10,930231,51,2.734060525894165
gemma_t10,931054,51,3.155888080596924
gemma_t10,940795,51,2.4784843921661377
gemma_t10,950358,51,1.9907203912734985
gemma_t10,955518,51,2.3419113159179688
gemma_t10,969555,51,3.2557332515716553
gemma_t10,989439,51,2.3592777252197266
gemma_t10,1040556,51,2.978783130645752
gemma_t10,1044865,51,2.141615390777588
gemma_t10,1066490,51,2.3994386196136475
gemma_t10,1077383,51,4.2920732498168945
gemma_t10,1104123,51,3.6680476665496826
gemma_t10,1117579,51,3.6290647983551025
gemma_t10,1125916,51,3.367387294769287
gemma_t10,1137329,51,2.555530548095703
gemma_t10,1139225,51,2.3491945266723633
gemma_t10,1139492,51,2.936058282852173
gemma_t10,1234375,51,3.1189494132995605
gemma_t10,1240016,51,2.639167070388794
gemma_t10,1254267,51,3.4290730953216553
gemma_t10,1260035,51,3.4260165691375732
gemma_t10,1267472,51,2.5767083168029785
gemma_t10,1269020,51,2.4182755947113037
gemma_t10,1311547,51,2.21213436126709
gemma_t10,1336493,51,2.776061534881592
gemma_t10,1356505,51,3.266784429550171
gemma_t10,1389483,51,3.642782211303711
gemma_t10,1434196,51,2.7985315322875977
gemma_t10,1499080,51,2.0467493534088135
gemma_t10,1508909,51,2.5269381999969482
gemma_t10,1511192,51,2.1866812705993652
gemma_t10,1541076,51,3.8353445529937744
gemma_t10,1553193,51,3.046675443649292
gemma_t10,1563223,51,4.061990737915039
gemma_t10,1564278,51,2.7762744426727295
gemma_t10,1567400,51,2.1283159255981445
gemma_t10,1570443,51,2.4758284091949463
gemma_t10,1642392,51,2.266596794128418
gemma_t10,1662415,51,3.947218418121338
gemma_t10,1675452,51,2.8669512271881104
gemma_t10,1689426,51,3.0571634769439697
gemma_t10,1707814,51,3.401637077331543
gemma_t10,1762731,51,3.210979461669922
gemma_t10,1766244,51,2.5711822509765625
gemma_t10,1770102,51,3.29253888130188
gemma_t10,1774259,51,3.3506510257720947
gemma_t10,1828592,51,2.1953394412994385
gemma_t10,1828713,51,3.7924084663391113
gemma_t10,1848109,51,3.3022727966308594
gemma_t10,1854889,51,3.6020634174346924
gemma_t10,1862889,51,3.2659337520599365
gemma_t10,1880070,51,3.2359931468963623
gemma_t10,1919756,51,3.6777737140655518
gemma_t10,1929239,51,3.8639440536499023
gemma_t10,1966079,51,3.5150158405303955
gemma_t10,1969767,51,3.510399103164673
gemma_t10,1992250,51,2.2741198539733887
gemma_t10,2012188,51,2.182021141052246
gemma_t10,2021980,51,2.2273924350738525
gemma_t10,2061169,51,2.4386415481567383
gemma_t10,2061341,51,3.3813891410827637
gemma_t10,2131938,51,3.866973400115967
gemma_t10,2140766,51,2.9285223484039307
gemma_t10,2146847,51,3.0164589881896973
gemma_t10,2159818,51,3.6917505264282227
gemma_t10,2162648,51,3.5476877689361572
gemma_t10,2162860,51,2.464293956756592
gemma_t10,2201909,51,2.561169147491455
gemma_t10,2204603,51,2.6111905574798584
gemma_t10,2204967,51,2.4317257404327393
gemma_t10,2213896,51,2.816547393798828
gemma_t10,2216180,51,2.8538899421691895
gemma_t10,2228719,51,3.035005569458008
gemma_t10,2233498,51,2.8404879570007324
gemma_t10,2250656,51,2.4286880493164062
gemma_t10,2267179,51,2.0875344276428223
gemma_t10,2271146,51,2.5081984996795654
gemma_t10,2302492,51,2.995575428009033
gemma_t10,2303379,51,2.7952749729156494
gemma_t10,2317858,51,3.0433871746063232
gemma_t10,2318481,51,2.880265712738037
gemma_t10,2325074,51,2.6900694370269775
gemma_t10,2334067,51,2.5898635387420654
gemma_t10,2367456,51,2.2580373287200928
gemma_t10,2380086,51,2.9306163787841797
gemma_t10,2390655,51,3.2012553215026855
gemma_t10,2418468,51,2.8218936920166016
gemma_t10,2425494,51,2.6900346279144287
gemma_t10,2426309,51,2.9627528190612793
gemma_t10,2434362,51,3.3351354598999023
gemma_t10,2454882,51,2.3733713626861572
gemma_t10,2493033,51,3.409365653991699
gemma_t10,2496355,51,3.0356528759002686
gemma_t10,2556949,51,3.6881401538848877
gemma_t10,2574224,51,2.3141233921051025
gemma_t10,2592133,51,4.060131549835205
gemma_t10,2593903,51,2.7771408557891846
gemma_t10,2597568,51,2.574125051498413
gemma_t10,2623009,51,2.638429641723633
gemma_t10,2625301,51,2.4559340476989746
gemma_t10,2654931,51,3.67138409614563
gemma_t10,2717698,51,3.424683094024658
gemma_t10,2742513,51,3.182622194290161
gemma_t10,2760254,51,2.5803914070129395
gemma_t10,2782776,51,2.674137830734253
gemma_t10,2783746,51,3.3308444023132324
gemma_t10,2790679,51,3.708927631378174
gemma_t10,2797612,51,2.75162410736084
gemma_t10,2812117,51,2.718785524368286
gemma_t10,2816661,51,4.086740016937256
gemma_t10,2820782,51,3.7982068061828613
gemma_t10,2839348,51,2.616966724395752
gemma_t10,2844066,51,1.9844205379486084
gemma_t10,2867243,51,2.015631914138794
gemma_t10,2868247,51,2.0488767623901367
gemma_t10,2882092,51,3.5465891361236572
gemma_t10,2887257,51,3.0324349403381348
gemma_t10,2897037,51,2.9524004459381104
gemma_t10,2905151,51,2.1360182762145996
gemma_t10,2937095,51,3.559901475906372
gemma_t10,2944650,51,3.7615950107574463
gemma_t10,2948298,51,3.1046841144561768
gemma_t10,2952144,51,2.726351261138916
gemma_t10,2973141,51,2.0494821071624756
gemma_t10,2986205,51,2.888288736343384
gemma_t10,2990483,51,2.5107624530792236
gemma_t10,3016990,51,3.860459327697754
gemma_t10,3033303,51,2.747284173965454
gemma_t10,3051772,51,2.7954299449920654
gemma_t10,3063394,51,1.6900570392608643
gemma_t10,3065236,51,2.894176959991455
gemma_t10,3083231,51,3.4861671924591064
gemma_t10,3089175,51,2.4982388019561768
gemma_t10,3101865,51,4.297197341918945
gemma_t10,3127682,51,3.016803503036499
gemma_t10,3130692,51,2.6007001399993896
gemma_t10,3132651,51,4.299203872680664
gemma_t10,3144258,51,2.8109426498413086
gemma_t10,3160937,51,2.5771377086639404
gemma_t10,3202289,51,3.2877516746520996
gemma_t10,3221856,51,2.471781015396118
gemma_t10,3222040,51,2.843553304672241
gemma_t10,3257353,51,3.852701425552368
gemma_t10,3262717,51,2.886627435684204
gemma_t10,3265924,51,4.195003509521484
gemma_t10,3274110,51,3.7719666957855225
gemma_t10,3278107,51,3.5787267684936523
gemma_t10,3282953,51,2.8581416606903076
gemma_t10,3291104,51,2.2707505226135254
gemma_t10,3295641,51,2.9778873920440674
gemma_t10,3351788,51,2.5293002128601074
gemma_t10,3401524,51,2.2877588272094727
gemma_t10,3413244,51,2.407580852508545
gemma_t10,3426453,51,2.911353826522827
gemma_t10,3438497,51,5.155018329620361
gemma_t10,3504755,51,2.782496452331543
gemma_t10,3510042,51,1.87082839012146
gemma_t10,3514435,51,2.658600091934204
gemma_t10,3526062,51,2.124800443649292
gemma_t10,3526501,51,2.5120718479156494
gemma_t10,3527244,51,3.3391335010528564
gemma_t10,3527842,51,2.7819409370422363
gemma_t10,3536005,51,2.9667017459869385
gemma_t10,3555187,51,2.495629072189331
gemma_t10,3565485,51,2.301255226135254
gemma_t10,3576631,51,2.7566945552825928
gemma_t10,3598758,51,2.6483473777770996
gemma_t10,3623373,51,3.0227866172790527
gemma_t10,3641676,51,3.280345916748047
gemma_t10,3656086,51,2.4237852096557617
gemma_t10,3662564,51,2.8916544914245605
gemma_t10,3666937,51,2.524125337600708
gemma_t10,3677429,51,2.911989212036133
gemma_t10,3718988,51,2.2231409549713135
gemma_t10,3792324,51,2.4549925327301025
gemma_t10,3806582,51,2.848104238510132
gemma_t10,3882054,51,2.946443557739258
gemma_t10,3896491,51,2.516730308532715
gemma_t10,3913537,51,4.120139122009277
gemma_t10,3932228,51,2.360884428024292
gemma_t10,3933075,51,3.031780481338501
gemma_t10,4248450,51,2.9673845767974854
gemma_t10,4310945,51,2.658216953277588
gemma_t10,4311707,51,2.808858633041382
gemma_t10,4354069,51,1.8180747032165527
gemma_t10,4406182,51,2.7678115367889404
gemma_t10,4411469,51,4.33474588394165
gemma_t10,4460159,51,3.420689105987549
gemma_t10,4547415,51,3.458491563796997
gemma_t10,4588148,51,3.497951030731201
gemma_t10,4623739,51,2.558704376220703
gemma_t10,4654482,51,2.370372772216797
gemma_t10,4698173,51,3.000746250152588
gemma_t10,4702087,51,3.182698965072632
gemma_t10,4715568,51,2.35563063621521
gemma_t10,4732544,51,3.5969767570495605
gemma_t10,4792796,51,3.218602418899536
gemma_t10,4829361,51,2.547093152999878
gemma_t10,4859003,51,3.1243600845336914
gemma_t10,4891749,51,2.2230167388916016
gemma_t10,4894130,51,2.8933355808258057
gemma_t10,4895939,51,2.4466187953948975
gemma_t10,4899062,51,2.746006965637207
gemma_t10,4929974,51,2.145057439804077
gemma_t10,4936344,51,2.4958035945892334
gemma_t10,4942335,51,3.6335315704345703
gemma_t10,4948322,51,3.8372185230255127
gemma_t10,4953145,51,2.92151141166687
gemma_t10,4956100,51,2.7833096981048584
gemma_t10,4957155,51,2.8590786457061768
gemma_t10,4975368,51,3.111815929412842
gemma_t10,4981128,51,2.4691736698150635
gemma_t10,5001921,51,2.492799758911133
gemma_t10,5013006,51,3.276405096054077
gemma_t10,5016370,51,2.723153829574585
gemma_t10,5019682,51,3.22214937210083
gemma_t10,5020278,51,2.552417755126953
gemma_t10,5033484,51,4.486870765686035
gemma_t10,5053850,51,3.1132917404174805
gemma_t10,5062433,51,3.2983639240264893
gemma_t10,5066019,51,2.2342889308929443
gemma_t10,5068376,51,2.282151222229004
gemma_t10,5068554,51,1.8299224376678467
gemma_t10,5068596,51,3.660698890686035
gemma_t10,5071138,51,2.649524211883545
gemma_t10,5073886,51,2.2680928707122803
gemma_t10,5092868,51,2.5442183017730713
gemma_t10,5112038,51,2.639615535736084
gemma_t10,5118729,51,3.360137701034546
gemma_t10,5125975,51,2.9884371757507324
gemma_t10,5163433,51,5.310827732086182
gemma_t10,5165773,51,3.3616890907287598
gemma_t10,5165854,51,3.283856153488159
gemma_t10,5187426,51,2.862459897994995
gemma_t10,5191821,51,3.120512008666992
gemma_t10,5204434,51,2.943443775177002
gemma_t10,5213476,51,2.3186166286468506
gemma_t10,5234044,51,2.40350341796875
gemma_t10,5241137,51,4.050273418426514
gemma_t10,5247929,51,3.524156332015991
gemma_t10,5252401,51,2.8751983642578125
gemma_t10,5252952,51,3.58186674118042
gemma_t10,5267356,51,1.8890128135681152
gemma_t10,5403702,51,3.3049209117889404
gemma_t10,5410083,51,3.457490921020508
gemma_t10,5462493,51,2.629166841506958
gemma_t10,5509911,51,3.3697805404663086
gemma_t10,5519060,51,3.9935414791107178
gemma_t10,5535381,51,2.093140125274658
gemma_t10,5557854,51,2.1864943504333496
gemma_t10,5591459,51,4.076113700866699
gemma_t10,5617603,51,2.7009897232055664
gemma_t10,5628616,51,4.439090251922607
gemma_t10,5632184,51,2.281519889831543
gemma_t10,5636935,51,3.1441307067871094
gemma_t10,5649853,51,2.817539930343628
gemma_t10,5673925,51,2.6036832332611084
gemma_t10,5729159,51,3.30503249168396
gemma_t10,5737359,51,2.432077646255493
gemma_t10,5740960,51,2.8073787689208984
gemma_t10,5761781,51,3.5133321285247803
gemma_t10,5776384,51,2.060572624206543
gemma_t10,5779419,51,2.4748435020446777
gemma_t10,5802667,51,2.712855577468872
gemma_t10,5815755,51,3.0296990871429443
gemma_t10,5816303,51,3.0000760555267334
gemma_t10,5818711,51,3.1005702018737793
gemma_t10,5821457,51,3.1961536407470703
gemma_t10,5825949,51,3.468411445617676
gemma_t10,5859332,51,2.2846662998199463
gemma_t10,5968971,51,4.205028057098389
gemma_t10,5993783,51,1.9488685131072998
gemma_t10,6008960,51,3.7358763217926025
gemma_t10,6118285,51,2.0337064266204834
gemma_t10,6157828,51,2.153010845184326
gemma_t10,6183556,51,2.4485528469085693
gemma_t10,6197592,51,4.10415506362915
gemma_t10,6206777,51,2.2959513664245605
gemma_t10,6222768,51,3.6557672023773193
gemma_t10,6235360,51,2.9766790866851807
gemma_t10,6237722,51,2.8509113788604736
gemma_t10,6246116,51,4.101241111755371
gemma_t10,6246996,51,2.4921436309814453
gemma_t10,6249194,51,3.1068108081817627
gemma_t10,6263378,51,2.946286916732788
gemma_t10,6278207,51,2.906479597091675
gemma_t10,6311642,51,2.2700436115264893
gemma_t10,6359641,51,2.4868757724761963
gemma_t10,6360322,51,3.5376381874084473
gemma_t10,6364632,51,2.014676332473755
gemma_t10,6380915,51,2.4052388668060303
gemma_t10,6397026,51,2.1560513973236084
gemma_t10,6428039,51,2.85782790184021
gemma_t10,6430837,51,2.8867037296295166
gemma_t10,6441832,51,3.375840425491333
gemma_t10,6452487,51,1.8591091632843018
gemma_t10,6453515,51,1.9400417804718018
gemma_t10,6468765,51,3.2051165103912354
gemma_t10,6506243,51,2.4545109272003174
gemma_t10,6508854,51,2.9322495460510254
gemma_t10,6529193,51,2.71352481842041
gemma_t10,6532096,51,2.4362986087799072
gemma_t10,6540287,51,3.201054811477661
gemma_t10,6541910,51,3.2652926445007324
gemma_t10,6551751,51,2.600802421569824
gemma_t10,6561519,51,2.187879800796509
gemma_t10,6618571,51,4.406527042388916
gemma_t10,6627923,51,3.4179892539978027
gemma_t10,6660863,51,2.9269633293151855
gemma_t10,6666052,51,2.2566308975219727
gemma_t10,6683636,51,2.1169731616973877
gemma_t10,6713076,51,4.339714050292969
gemma_t10,6728280,51,2.266981363296509
gemma_t10,6737909,51,2.3588674068450928
gemma_t10,6772589,51,2.3179502487182617
gemma_t10,6797800,51,2.7818000316619873
gemma_t10,6803340,51,2.7271015644073486
gemma_t10,6879481,51,1.9022526741027832
gemma_t10,6881637,51,3.228370428085327
gemma_t10,6922426,51,2.1888208389282227
gemma_t10,6981674,51,2.689375162124634
gemma_t10,7013414,51,2.0728776454925537
gemma_t10,7074119,51,2.1596267223358154
gemma_t10,7100502,51,2.552490472793579
gemma_t10,7139779,51,2.827770471572876
gemma_t10,7146903,51,2.882843494415283
gemma_t10,7172294,51,3.762056827545166
gemma_t10,7182393,51,2.751603603363037
gemma_t10,7197241,51,3.4107398986816406
gemma_t10,7197724,51,2.630547046661377
gemma_t10,7212585,51,2.782689332962036
gemma_t10,7218315,51,3.082448720932007
gemma_t10,7294125,51,2.0108423233032227
gemma_t10,7294316,51,3.21103835105896
gemma_t10,7311195,51,3.2555294036865234
gemma_t10,7397938,51,2.700153112411499
gemma_t10,7403346,51,3.024139404296875
gemma_t10,7410732,51,2.1524624824523926
gemma_t10,7413367,51,2.1821188926696777
gemma_t10,7417943,51,2.9917166233062744
gemma_t10,7421176,51,2.350351095199585
gemma_t10,7454072,51,3.454993724822998
gemma_t10,7473831,51,2.1035690307617188
gemma_t10,7475429,51,3.2745234966278076
gemma_t10,7490434,51,2.7377915382385254
gemma_t10,7497218,51,2.891024112701416
gemma_t10,7499734,51,2.96775484085083
gemma_t10,7516595,51,2.388885498046875
gemma_t10,7557552,51,3.3920536041259766
gemma_t10,7617879,51,4.7720513343811035
gemma_t10,7658338,51,3.6975584030151367
gemma_t10,7663461,51,5.8233466148376465
gemma_t10,7665329,51,2.300787925720215
gemma_t10,7680936,51,2.412034749984741
gemma_t10,7699280,51,2.901674747467041
gemma_t10,7708374,51,2.8796675205230713
gemma_t10,7752968,51,2.547013282775879
gemma_t10,7785983,51,2.502230405807495
gemma_t10,7819714,51,2.6067447662353516
gemma_t10,7890036,51,4.672787666320801
gemma_t10,7988167,51,2.632479190826416
gemma_t10,8008954,51,2.7236826419830322
gemma_t10,8012781,51,1.7391092777252197
gemma_t10,8021351,51,2.5209741592407227
gemma_t10,8031974,51,2.1203079223632812
gemma_t10,8052901,51,2.1684939861297607
gemma_t10,8066499,51,1.7144522666931152
gemma_t10,8198608,51,2.9091413021087646
gemma_t10,8202418,51,3.524015188217163
gemma_t10,8229552,51,2.5710837841033936
gemma_t10,8280711,51,2.98179030418396
gemma_t10,8387007,51,2.1809699535369873
gemma_t10,8395799,51,2.0136635303497314
gemma_t10,8523995,51,2.8543012142181396
gemma_t10,8528301,51,2.4197871685028076
gemma_t10,8586038,51,3.018784523010254
gemma_t10,8677917,51,2.7928996086120605
gemma_t10,8723181,51,2.8225817680358887
gemma_t10,8723311,51,2.50675368309021
gemma_t10,8821211,51,3.3198931217193604
gemma_t10,8940645,51,2.9417824745178223
gemma_t10,9124334,51,2.835461139678955
gemma_t10,9134916,51,2.408921718597412
gemma_t10,9135033,51,2.192960262298584
gemma_t10,9137624,51,3.465930461883545
gemma_t10,9163756,51,2.5834076404571533
gemma_t10,9164793,51,2.682715654373169
gemma_t10,9187880,51,2.6423556804656982
gemma_t10,9192723,51,2.826211452484131
gemma_t10,9197196,51,2.403665065765381
gemma_t10,9205021,51,3.3654592037200928
gemma_t10,9251622,51,2.80195951461792
gemma_t10,9268430,51,3.2662198543548584
gemma_t10,9285053,51,3.3760592937469482
gemma_t10,9340391,51,3.724919080734253
gemma_t10,9345583,51,3.4284660816192627
gemma_t10,9385494,51,2.799314498901367
gemma_t10,9387600,51,2.610232353210449
gemma_t10,9397697,51,3.495436191558838
gemma_t10,9471817,51,4.567387580871582
gemma_t10,9471964,51,3.3378446102142334
gemma_t10,9483510,51,2.6579787731170654
gemma_t10,9524495,51,4.194547176361084
gemma_t10,9591035,51,3.1715586185455322
gemma_t10,9615470,51,4.306576728820801
gemma_t10,9626793,51,2.792825937271118
gemma_t10,9662636,51,4.092780113220215
gemma_t10,9700115,51,2.391946792602539
gemma_t10,9711750,51,3.4463436603546143
gemma_t10,9737200,51,3.350273847579956
gemma_t10,9751546,51,2.5888493061065674
gemma_t10,9752897,51,2.777590751647949
gemma_t10,9767487,51,2.548396587371826
gemma_t10,9768369,51,2.8413586616516113
gemma_t10,9778036,51,3.743513822555542
gemma_t10,9818013,51,3.6379053592681885
gemma_t10,9884935,51,3.3028435707092285
gemma_t10,9917468,51,2.307244300842285
gemma_t10,9963298,51,2.7238845825195312
gemma_t10,10076790,51,3.3496453762054443
gemma_t10,10103200,51,2.395291328430176
gemma_t10,10135300,51,2.387420177459717
gemma_t10,10186140,51,3.2816548347473145
gemma_t10,10202504,51,2.8540077209472656
gemma_t10,10281325,51,3.183281421661377
gemma_t10,10348155,51,2.9473493099212646
gemma_t10,10361075,51,3.311609983444214
gemma_t10,10366378,51,2.500589609146118
gemma_t10,10367294,51,2.517282009124756
gemma_t10,10401980,51,2.18192458152771
gemma_t10,10436313,51,2.516803503036499
gemma_t10,10480989,51,3.116947889328003
gemma_t10,10494183,51,2.832144260406494
gemma_t10,10509498,51,2.291934013366699
gemma_t10,10523208,51,3.0678391456604004
gemma_t10,10573012,51,2.4453227519989014
gemma_t10,10606201,51,2.833050489425659
gemma_t10,10643243,51,2.1378173828125
gemma_t10,10649571,51,3.7864205837249756
gemma_t10,10691183,51,4.177250862121582
gemma_t10,10728540,51,2.8222720623016357
gemma_t10,10898149,51,4.472684860229492
gemma_t10,10913456,51,2.633938789367676
gemma_t10,11004224,51,2.9190423488616943
gemma_t10,11022639,51,3.8468456268310547
gemma_t10,11054023,51,3.4181067943573
gemma_t10,11074539,51,3.0481748580932617
gemma_t10,11091552,51,3.123839855194092
gemma_t10,11128248,51,2.5334513187408447
gemma_t10,11142668,51,2.590341329574585
gemma_t10,11152489,51,1.8586595058441162
gemma_t10,11157751,51,3.946824789047241
gemma_t10,11202365,51,2.705094575881958
gemma_t10,11262376,51,2.6361312866210938
gemma_t10,11270374,51,3.3089022636413574
gemma_t10,11365698,51,2.3318591117858887
gemma_t10,11387463,51,2.218123197555542
gemma_t10,11391667,51,3.577454090118408
gemma_t10,11505828,51,2.313587188720703
gemma_t10,11595344,51,2.6039879322052
gemma_t10,11597846,51,2.6235227584838867
gemma_t10,11626649,51,2.8961946964263916
gemma_t10,11644259,51,2.877370834350586
gemma_t10,11650107,51,1.951886773109436
gemma_t10,11751039,51,2.6254303455352783
gemma_t10,11754890,51,5.094855785369873
gemma_t10,11771220,51,2.7086679935455322
gemma_t10,11777996,51,3.1878745555877686
gemma_t10,11805625,51,2.7144851684570312
gemma_t10,11866664,51,3.7890114784240723
gemma_t10,11872486,51,2.2342405319213867
gemma_t10,11879061,51,2.1157734394073486
gemma_t10,12075649,51,3.4122118949890137
gemma_t10,12122749,51,2.3877580165863037
gemma_t10,12187767,51,3.026099443435669
gemma_t10,12203896,51,3.173637866973877
gemma_t10,12220417,51,3.006070613861084
gemma_t10,12230893,51,2.913726568222046
gemma_t10,12241221,51,3.6280629634857178
gemma_t10,12245213,51,3.363321542739868
gemma_t10,12266201,51,3.081005811691284
gemma_t10,12294387,51,2.275184154510498
gemma_t10,12304778,51,2.308232307434082
gemma_t10,12320170,51,2.5973708629608154
gemma_t10,12332957,51,2.9176743030548096
gemma_t10,12345746,51,2.794308662414551
gemma_t10,12355828,51,3.216823101043701
gemma_t10,12440940,51,2.682854175567627
gemma_t10,12451537,51,2.59810209274292
gemma_t10,12585424,51,3.4422717094421387
gemma_t10,12586316,51,1.9215598106384277
gemma_t10,12588798,51,2.1969072818756104
gemma_t10,12603385,51,2.981614828109741
gemma_t10,12607082,51,3.091153860092163
gemma_t10,12615602,51,2.535379409790039
gemma_t10,12688069,51,1.8962655067443848
gemma_t10,12744871,51,4.59561014175415
gemma_t10,12807398,51,3.068157196044922
gemma_t10,12847491,51,3.0932884216308594
gemma_t10,12851711,51,2.104616165161133
gemma_t10,12926055,51,2.85526967048645
gemma_t10,12938495,51,2.882511854171753
gemma_t10,12964363,51,1.9690470695495605
gemma_t10,12998432,51,3.9856841564178467
gemma_t10,13030311,51,3.051913261413574
gemma_t10,13100783,51,2.9375414848327637
gemma_t10,13214003,51,3.3823657035827637
gemma_t10,13239813,51,2.7559196949005127
gemma_t10,13335042,51,3.3745059967041016
gemma_t10,13350236,51,2.805086374282837
gemma_t10,13495961,51,2.1772146224975586
gemma_t10,13529592,51,4.370927810668945
gemma_t10,13603998,51,3.8583803176879883
gemma_t10,13675482,51,2.2141449451446533
gemma_t10,13690180,51,2.9696149826049805
gemma_t10,13692090,51,2.784797430038452
gemma_t10,13694466,51,3.901034116744995
gemma_t10,13696741,51,5.468850135803223
gemma_t10,13701579,51,3.5579278469085693
gemma_t10,13745156,51,3.6966135501861572
gemma_t10,13746570,51,2.883335590362549
gemma_t10,13746581,51,2.7590041160583496
gemma_t10,13746789,51,3.8218066692352295
gemma_t10,13747425,51,3.306507110595703
gemma_t10,13747961,51,2.2696449756622314
gemma_t10,13748720,51,2.3761532306671143
gemma_t10,13751352,51,2.4841296672821045
gemma_t10,13752894,51,2.0893304347991943
gemma_t10,13753905,51,2.5625078678131104
gemma_t10,13756572,51,2.669445753097534
gemma_t10,13858533,51,2.892043113708496
gemma_t10,13916015,51,2.325197696685791
gemma_t10,13937253,51,2.6135218143463135
gemma_t10,13959787,51,3.729599952697754
gemma_t10,13972671,51,2.084066152572632
gemma_t10,14068705,51,3.4724881649017334
gemma_t10,14091946,51,2.8744094371795654
gemma_t10,14099741,51,3.0762271881103516
gemma_t10,14141143,51,2.802663564682007
gemma_t10,14155276,51,2.9049570560455322
gemma_t10,14169402,51,3.1533591747283936
gemma_t10,14170854,51,2.9331607818603516
gemma_t10,14176162,51,3.456465482711792
gemma_t10,14186198,51,2.7311699390411377
gemma_t10,14259080,51,2.6158993244171143
gemma_t10,14291750,51,3.8174479007720947
gemma_t10,14301751,51,3.8942065238952637
gemma_t10,14328180,51,2.2097325325012207
gemma_t10,14341841,51,2.910599946975708
gemma_t10,14358598,51,2.452244997024536
gemma_t10,14404227,51,3.984759569168091
gemma_t10,14407737,51,2.446133852005005
gemma_t10,14421595,51,2.575822353363037
gemma_t10,14429450,51,3.1452038288116455
gemma_t10,14434979,51,4.305030822753906
gemma_t10,14441283,51,2.868381977081299
gemma_t10,14454803,51,4.186659336090088
gemma_t10,14472576,51,3.337740421295166
gemma_t10,14500933,51,2.2532551288604736
gemma_t10,14502960,51,3.1159493923187256
gemma_t10,14554263,51,2.8327584266662598
gemma_t10,14579508,51,3.1014230251312256
gemma_t10,14584778,51,2.3305811882019043
gemma_t10,14680675,51,3.9692835807800293
gemma_t10,14743706,51,2.5175728797912598
gemma_t10,14745914,51,4.44529390335083
gemma_t10,14760908,51,2.689749002456665
gemma_t10,14776729,51,2.798846483230591
gemma_t10,14800090,51,3.129377841949463
gemma_t10,14807742,51,3.654827833175659
gemma_t10,14818452,51,2.2570202350616455
gemma_t10,14819490,51,2.7002973556518555
gemma_t10,14874026,51,2.845294952392578
gemma_t10,14878319,51,2.2916476726531982
gemma_t10,14878646,51,2.572782516479492
gemma_t10,14879921,51,3.468797445297241
gemma_t10,15026764,51,2.6402316093444824
gemma_t10,15040286,51,2.683107852935791
gemma_t10,15065468,51,2.881380558013916
gemma_t10,15139323,51,3.02119517326355
gemma_t10,15197674,51,3.2215561866760254
gemma_t10,15201331,51,3.436103105545044
gemma_t10,15202196,51,2.298077344894409
gemma_t10,15213991,51,2.086975574493408
gemma_t10,15220741,51,2.1567087173461914
gemma_t10,15279538,51,2.753967046737671
gemma_t10,15281193,51,2.995181083679199
gemma_t10,15281983,51,4.864649772644043
gemma_t10,15324422,51,3.2667927742004395
gemma_t10,15344879,51,2.0502829551696777
gemma_t10,15376317,51,3.192744493484497
gemma_t10,15382836,51,2.8640947341918945
gemma_t10,15407650,51,2.701526403427124
gemma_t10,15412473,51,3.2010958194732666
gemma_t10,15484870,51,2.3287532329559326
gemma_t10,15489071,51,3.064403533935547
gemma_t10,15548746,51,2.4215519428253174
gemma_t10,15600287,51,2.264113187789917
gemma_t10,15603670,51,3.722740650177002
gemma_t10,15607400,51,3.187981605529785
gemma_t10,15620570,51,3.3517751693725586
gemma_t10,15687295,51,3.04646372795105
gemma_t10,15720214,51,2.6124401092529297
gemma_t10,15728911,51,3.690804958343506
gemma_t10,15757897,51,3.0884735584259033
gemma_t10,15768663,51,2.2572920322418213
gemma_t10,15817938,51,2.38332462310791
gemma_t10,15828278,51,3.0224039554595947
gemma_t10,15829781,51,3.5095369815826416
gemma_t10,15842085,51,1.8607919216156006
gemma_t10,15870937,51,2.7456345558166504
gemma_t10,15939234,51,2.596262216567993
gemma_t10,15961108,51,2.2249600887298584
gemma_t10,15976919,51,2.00762677192688
gemma_t10,15980568,51,2.626685380935669
gemma_t10,15986631,51,3.078864812850952
gemma_t10,16039645,51,2.569427490234375
gemma_t10,16124522,51,3.140045404434204
gemma_t10,16126936,51,2.542048454284668
gemma_t10,16141969,51,2.6146769523620605
gemma_t10,16227864,51,2.330925703048706
gemma_t10,16251657,51,2.820690393447876
gemma_t10,16290774,51,3.4768147468566895
gemma_t10,16386838,51,3.181969165802002
gemma_t10,16391334,51,3.3668410778045654
gemma_t10,16399303,51,2.376166820526123
gemma_t10,16404002,51,3.167724132537842
gemma_t10,16504570,51,2.5017926692962646
gemma_t10,16509032,51,2.626538038253784
gemma_t10,16537814,51,3.2815518379211426
gemma_t10,16571013,51,2.807349681854248
gemma_t10,16631020,51,2.559377431869507
gemma_t10,16661147,51,3.0380401611328125
gemma_t10,16766006,51,2.267137050628662
gemma_t10,16766506,51,3.3520448207855225
gemma_t10,16787742,51,2.3858251571655273
gemma_t10,16788431,51,2.501347303390503
gemma_t10,16839291,51,2.717353582382202
gemma_t10,16839927,51,2.6763410568237305
gemma_t10,16863934,51,3.5401549339294434
gemma_t10,16872779,51,1.8870275020599365
gemma_t10,16915526,51,3.1169536113739014
gemma_t10,16998656,51,3.081332206726074
gemma_t10,17039365,51,1.8110872507095337
gemma_t10,17175925,51,2.5175764560699463
gemma_t10,17202384,51,2.6093413829803467
gemma_t10,17360001,51,3.682797431945801
gemma_t10,17364624,51,2.84816837310791
gemma_t10,17370242,51,3.498441457748413
gemma_t10,17375754,51,1.9891045093536377
gemma_t10,17458010,51,3.61441707611084
gemma_t10,17464854,51,3.9583981037139893
gemma_t10,17476563,51,3.233039140701294
gemma_t10,17507793,51,2.5995185375213623
gemma_t10,17515275,51,2.3279411792755127
gemma_t10,17553490,51,2.950517177581787
gemma_t10,17578970,51,2.880966901779175
gemma_t10,17584674,51,2.2167623043060303
gemma_t10,17589422,51,3.140578031539917
gemma_t10,17606580,51,3.668550491333008
gemma_t10,17625727,51,2.386349678039551
gemma_t10,17667087,51,2.23970365524292
gemma_t10,17716605,51,2.444016218185425
gemma_t10,17784265,51,3.74521803855896
gemma_t10,17865105,51,3.023189067840576
gemma_t10,17884437,51,2.2573883533477783
gemma_t10,17889549,51,2.3944664001464844
gemma_t10,17909922,51,1.7995171546936035
gemma_t10,17961054,51,3.3331098556518555
gemma_t10,18083801,51,3.2545368671417236
gemma_t10,18214317,51,3.808650016784668
gemma_t10,18296459,51,2.5131781101226807
gemma_t10,18312025,51,2.186514377593994
gemma_t10,18431463,51,3.4648654460906982
gemma_t10,18449288,51,4.881476879119873
gemma_t10,18468577,51,3.246454954147339
gemma_t10,18483718,51,3.0166709423065186
gemma_t10,18505561,51,2.112370014190674
gemma_t10,18613906,51,1.9055123329162598
gemma_t10,18634877,51,2.3222081661224365
gemma_t10,18733074,51,3.1689646244049072
gemma_t10,18750779,51,2.329885959625244
gemma_t10,18907802,51,3.124330997467041
gemma_t10,19170988,51,3.2925186157226562
gemma_t10,19172224,51,4.181378364562988
gemma_t10,19175261,51,2.858052968978882
gemma_t10,19186315,51,2.2474992275238037
gemma_t10,19187663,51,3.328883171081543
gemma_t10,19204066,51,3.601775884628296
gemma_t10,19206893,51,2.2263400554656982
gemma_t10,19263469,51,2.418630361557007
gemma_t10,19263554,51,2.839494466781616
gemma_t10,19435386,51,2.9345991611480713
gemma_t10,19485843,51,1.9313806295394897
gemma_t10,19624082,51,5.264548301696777
gemma_t10,20335790,51,3.4239256381988525
gemma_t10,20503654,51,3.2306268215179443
gemma_t10,21015570,51,3.0128250122070312
gemma_t10,21275504,51,3.5729942321777344
gemma_t10,21382535,51,2.798203706741333
gemma_t10,21428581,51,2.786971092224121
gemma_t10,21616326,51,3.1117703914642334
gemma_t10,21646317,51,3.3898699283599854
gemma_t10,21665298,51,2.938215970993042
gemma_t10,21668994,51,3.5679163932800293
gemma_t10,21669304,51,4.805176734924316
gemma_t10,21670658,51,3.383751153945923
gemma_t10,21689288,51,2.336381673812866
gemma_t10,21697629,51,2.4188780784606934
gemma_t10,21697648,51,3.3653788566589355
gemma_t10,21700944,51,3.367964744567871
gemma_t10,21702856,51,3.473313570022583
gemma_t10,21709048,51,2.6389682292938232
gemma_t10,21715690,51,2.424617052078247
gemma_t10,21716001,51,2.185558795928955
gemma_t10,21721135,51,2.6990253925323486
gemma_t10,21723747,51,2.888476610183716
gemma_t10,21725995,51,3.5449514389038086
gemma_t10,21726583,51,2.8453452587127686
gemma_t10,21726677,51,2.943362236022949
gemma_t10,21730065,51,3.3859992027282715
gemma_t10,21730715,51,3.2666287422180176
gemma_t10,21731209,51,2.434920072555542
gemma_t10,21732778,51,2.7290565967559814
gemma_t10,21735129,51,3.213944911956787
gemma_t10,21740766,51,3.4619462490081787
gemma_t10,22272492,51,3.6285862922668457
gemma_t10,22716243,51,3.0752601623535156
gemma_t10,23204325,51,3.355494737625122
gemma_t10,23678406,51,3.035236358642578
gemma_t10,24202507,51,3.190706491470337
gemma_t10,24901977,51,2.6578354835510254
gemma_t10,25111673,51,2.5371761322021484
gemma_t10,25113027,51,2.9514660835266113
gemma_t10,26538892,51,3.5865368843078613
gemma_t10,26698484,51,2.5210516452789307
gemma_t10,26873455,51,2.584109306335449
gemma_t10,26988506,51,2.603633165359497
gemma_t10,27249900,51,3.166591167449951
gemma_t10,27274148,51,3.541165590286255
gemma_t10,27843613,51,2.430220127105713
gemma_t10,28044836,51,2.289285898208618
gemma_t10,28193461,51,3.213078737258911
gemma_t10,28232901,51,3.46724796295166
gemma_t10,28323588,51,2.732758045196533
gemma_t10,28616370,51,2.3095364570617676
gemma_t10,29149810,51,2.7158305644989014
gemma_t10,29161506,51,2.9384605884552
gemma_t10,29162291,51,3.327920436859131
gemma_t10,29162884,51,4.319542407989502
gemma_t10,29191669,51,5.383458137512207
gemma_t10,29259081,51,3.1387929916381836
gemma_t10,29298828,51,2.87243390083313
gemma_t10,29407280,51,3.51275372505188
gemma_t10,29413033,51,2.581611156463623
gemma_t10,29907166,51,2.6432323455810547
gemma_t10,30042437,51,2.9403371810913086
gemma_t10,30129590,51,3.315990686416626
gemma_t10,30164212,51,2.819127082824707
gemma_t10,31150453,51,3.3268864154815674
gemma_t10,31713824,51,2.328575849533081
gemma_t10,32821791,51,2.3620429039001465
gemma_t10,32923127,51,2.689548969268799
gemma_t10,33626727,51,1.855397343635559
gemma_t10,33777646,51,1.9535895586013794
gemma_t10,33864324,51,3.378969192504883
gemma_t10,34190303,51,3.5348873138427734
gemma_t10,35386653,51,3.1228482723236084
gemma_t10,36364048,51,2.6653947830200195
gemma_t10,37405481,51,2.669879674911499
gemma_t10,38132419,51,2.213379383087158
gemma_t10,38234032,51,2.7669053077697754
gemma_t10,38934160,51,3.0705392360687256
gemma_t10,39871772,51,3.272933006286621
gemma_t10,40166767,51,2.573051691055298
gemma_t10,40501690,51,2.324143648147583
gemma_t10,41332060,51,2.925621747970581
gemma_t10,43059601,51,3.615605592727661
gemma_t10,43282987,51,2.0994794368743896
gemma_t10,43289219,51,2.533910036087036
gemma_t10,43959086,51,2.1604316234588623
gemma_t10,44009215,51,3.276001214981079
gemma_t10,44062236,51,3.2424557209014893
gemma_t10,44063972,51,2.0852890014648438
gemma_t10,44069187,51,1.8930773735046387
gemma_t10,44077201,51,2.6382625102996826
gemma_t10,44080449,51,3.622403383255005
gemma_t10,44087711,51,2.8561325073242188
gemma_t10,44090948,51,3.181731939315796
gemma_t10,44105851,51,4.472671031951904
gemma_t10,44115640,51,3.7210991382598877
gemma_t10,44129061,51,3.1780619621276855
gemma_t10,44130060,51,2.936100721359253
gemma_t10,44131019,51,2.460106611251831
gemma_t10,44134207,51,2.067089080810547
gemma_t10,44144625,51,2.337008476257324
gemma_t10,44145304,51,3.6853528022766113
gemma_t10,44145664,51,2.843369483947754
gemma_t10,44145776,51,2.2655813694000244
gemma_t10,44145836,51,1.8644535541534424
gemma_t10,44151916,51,2.50588059425354
gemma_t10,44152851,51,2.618349313735962
gemma_t10,44161048,51,2.430220127105713
gemma_t10,44163645,51,2.458996534347534
gemma_t10,44164810,51,2.3615305423736572
gemma_t10,44167998,50,4.058244228363037
gemma_t10,44169697,51,3.229691743850708
gemma_t10,44170949,51,2.264800548553467
gemma_t10,44174597,51,4.0540547370910645
gemma_t10,44178763,51,3.9665212631225586
gemma_t10,44220219,51,2.8253941535949707
gemma_t10,44243501,51,2.4515740871429443
gemma_t10,46889991,51,3.636199951171875
gemma_t10,46927617,51,3.2818055152893066
gemma_t10,46932607,51,2.8029661178588867
gemma_t10,46937952,51,1.853000283241272
gemma_t10,46939026,51,2.386234760284424
gemma_t10,46953263,51,2.5328209400177
gemma_t10,46959165,51,2.358372211456299
gemma_t10,47016219,51,2.705559730529785
gemma_t10,47018172,51,2.7717623710632324
gemma_t10,47020074,51,3.066704511642456
gemma_t10,48352299,51,4.38109827041626
gemma_t10,48353672,51,2.930367946624756
gemma_t10,48353884,51,2.3377842903137207
gemma_t10,48357955,51,1.7198362350463867
gemma_t10,49191384,51,3.0217180252075195
gemma_t10,49208337,51,2.8279683589935303
gemma_t10,49212016,51,2.897068500518799
gemma_t10,49212861,51,2.447218656539917
gemma_t10,49215746,51,3.6586713790893555
gemma_t10,49411029,51,3.3441107273101807
gemma_t10,49413369,51,1.9037681818008423
gemma_t10,49417344,51,2.2532684803009033
gemma_t10,49420146,51,2.5785086154937744
gemma_t10,49430466,51,3.319232702255249
gemma_t10,49430686,51,3.399219036102295
gemma_t10,49578052,51,2.0086374282836914
gemma_t10,49587276,51,3.561720132827759
gemma_t10,49656421,51,1.678668737411499
gemma_t10,49656757,51,2.711876392364502
gemma_t10,49664123,51,2.202636480331421
gemma_t10,49742509,51,4.119358539581299
gemma_t10,49742988,51,2.5694618225097656
gemma_t10,49865411,51,2.4675869941711426
gemma_t10,51862727,51,2.8958420753479004
gemma_t10,51867514,51,2.2413382530212402
gemma_t10,51867574,51,3.09588360786438
gemma_t10,51869205,51,3.21376895904541
gemma_t10,51870078,51,3.4187419414520264
gemma_t10,51870827,51,3.050502061843872
gemma_t10,51871042,51,2.7110865116119385
gemma_t10,51871198,51,2.6684257984161377
gemma_t10,51873719,51,2.347853899002075
gemma_t10,51873882,51,2.7092316150665283
gemma_t10,51875405,51,3.1967740058898926
gemma_t10,51875413,51,3.7245380878448486
gemma_t10,51875856,51,3.5091536045074463
gemma_t10,51877568,51,2.4813313484191895
gemma_t10,51878172,51,2.7630796432495117
gemma_t10,51878335,51,2.480078935623169
gemma_t10,51878395,51,1.7833778858184814
gemma_t10,51878811,51,3.661498785018921
gemma_t10,51879191,51,2.5167250633239746
gemma_t10,51880064,51,2.880681037902832
gemma_t10,51880268,51,3.366366386413574
gemma_t10,51880850,51,2.629415988922119
gemma_t10,51881821,51,1.7800357341766357
gemma_t10,51881992,51,2.0444743633270264
gemma_t10,51882074,51,2.8382022380828857
gemma_t10,51917388,51,4.116499423980713
gemma_t10,51977305,51,2.327190399169922
gemma_t10,51978342,51,3.787660598754883
gemma_t10,51982253,51,3.024853467941284
gemma_t10,51984717,51,2.0744283199310303
gemma_t10,51990373,51,2.367061138153076
gemma_t10,52000761,51,1.9259010553359985
gemma_t10,52003282,51,3.3754115104675293
gemma_t10,52006529,51,2.741346597671509
gemma_t10,52009840,51,2.6276097297668457
gemma_t10,52011616,51,3.8352036476135254
gemma_t10,52019251,51,3.8974239826202393
gemma_t10,52044834,51,2.833466053009033
gemma_t10,52046908,51,2.2301251888275146
gemma_t10,52047587,51,3.394623041152954
gemma_t10,52054914,51,3.445171594619751
gemma_t10,52056513,51,3.2644827365875244
gemma_t10,52069762,51,2.347590208053589
gemma_t10,52070035,51,2.6848111152648926
gemma_t10,52070657,51,2.2700486183166504
gemma_t10,52073201,51,1.88712477684021
gemma_t10,52074346,51,2.6078901290893555
gemma_t10,52078335,51,2.5940706729888916
gemma_t10,52098907,51,2.823199987411499
gemma_t10,52100101,51,2.4903500080108643
gemma_t10,52100117,51,3.0304982662200928
gemma_t10,52100616,51,2.3276383876800537
gemma_t10,52100878,51,2.3988373279571533
gemma_t10,52110037,51,2.3686766624450684
gemma_t10,52113185,51,2.790958881378174
gemma_t10,52115097,51,2.839965581893921
gemma_t10,52115592,51,2.7925350666046143
gemma_t10,52116920,51,2.8247227668762207
gemma_t10,52119091,51,2.5152840614318848
gemma_t10,52119483,51,2.7638399600982666
gemma_t10,52119752,51,4.380648612976074
gemma_t10,52135124,51,3.199436902999878
gemma_t10,52136564,51,3.613189458847046
gemma_t10,52143204,51,3.33412504196167
gemma_t10,52143467,51,2.4823648929595947
gemma_t10,52144157,51,2.5103368759155273
gemma_t10,52145657,51,3.5345265865325928
gemma_t10,52153656,51,2.7240288257598877
gemma_t10,52154254,51,2.82224702835083
gemma_t10,52154304,51,3.5480499267578125
gemma_t10,52155427,51,2.318864345550537
gemma_t10,52156147,51,2.1496176719665527
gemma_t10,52156206,51,2.8349385261535645
gemma_t10,52156433,51,2.3981480598449707
gemma_t10,52158121,51,2.265674352645874
gemma_t10,52158178,51,2.99261474609375
gemma_t10,52160439,51,2.276672124862671
gemma_t10,52160797,51,2.9134745597839355
gemma_t10,52161864,51,2.894805431365967
gemma_t10,52162540,51,2.4842257499694824
gemma_t10,52165754,51,2.3763175010681152
gemma_t10,52166626,51,4.349145412445068
gemma_t10,52166727,51,2.0308518409729004
gemma_t10,52167799,51,2.444047212600708
gemma_t10,52171279,51,4.10361909866333
gemma_t10,52171904,51,3.239380121231079
gemma_t10,52176498,51,2.283404588699341
gemma_t10,52178689,51,3.4135794639587402
gemma_t10,52182989,51,3.4085474014282227
gemma_t10,52183384,51,3.2403290271759033
gemma_t10,52183483,51,2.627941131591797
gemma_t10,52188604,51,3.1193931102752686
gemma_t10,52190376,51,2.8285913467407227
gemma_t10,52194540,51,2.5391299724578857
gemma_t10,52215843,51,3.394373893737793
gemma_t10,52221821,51,2.818331480026245
gemma_t10,52255687,51,3.3711724281311035
gemma_t10,52298363,51,2.2864928245544434
gemma_t10,52307098,51,3.1967897415161133
gemma_t10,52310274,51,3.115574836730957
gemma_t10,52333947,51,3.6527910232543945
gemma_t10,52811641,51,5.7123260498046875
gemma_t10,52815006,51,3.457587718963623
gemma_t10,52816033,51,2.389369249343872
gemma_t10,52843977,51,1.7858186960220337
gemma_t10,52895001,51,2.231812000274658
gemma_t10,52900003,51,2.27603816986084
gemma_t10,52916675,51,1.8845666646957397
gemma_t10,52917952,51,4.063467502593994
gemma_t10,52920257,51,2.5021607875823975
gemma_t10,52926380,51,3.324061393737793
gemma_t10,52938038,51,2.6662673950195312
gemma_t10,52943615,51,3.996920347213745
gemma_t10,52979524,51,1.8445733785629272
gemma_t10,52984852,51,2.677791118621826
gemma_t10,53017700,51,2.7755751609802246
gemma_t10,53019653,51,2.5706353187561035
gemma_t10,53034346,51,4.554872035980225
gemma_t10,53035038,51,1.8718981742858887
gemma_t10,53037336,51,3.5202715396881104
gemma_t10,53064621,51,3.2309839725494385
gemma_t10,53079301,51,3.525033712387085
gemma_t10,53079601,51,3.0874009132385254
gemma_t10,53079743,51,2.07466983795166
gemma_t10,53079799,51,2.3423879146575928
gemma_t10,53079972,51,2.7214138507843018
gemma_t10,53080156,51,2.265479803085327
gemma_t10,53080384,51,2.298152446746826
gemma_t10,53080764,51,3.415513753890991
gemma_t10,53080784,51,2.369802474975586
gemma_t10,53080846,51,2.84293794631958
gemma_t10,53081209,51,2.30491042137146
gemma_t10,53081291,51,2.2041473388671875
gemma_t10,53081318,51,3.008394479751587
gemma_t10,53081403,51,3.3155126571655273
gemma_t10,53081407,51,3.2801525592803955
gemma_t10,53081627,51,2.3533384799957275
gemma_t10,53081634,51,3.2921643257141113
gemma_t10,53082197,51,2.266195297241211
gemma_t10,53082257,51,2.9843573570251465
gemma_t10,53082972,51,2.9593491554260254
gemma_t10,53083054,51,2.788374423980713
gemma_t10,53083061,51,2.5737686157226562
gemma_t10,53083122,51,2.8439316749572754
gemma_t10,53083232,51,3.1977827548980713
gemma_t10,53083305,51,2.2804479598999023
gemma_t10,53083475,51,2.117233991622925
gemma_t10,53083677,51,3.189883232116699
gemma_t10,53095207,51,2.372878074645996
gemma_t10,53099899,51,1.8747975826263428
gemma_t10,53109787,51,4.529272556304932
gemma_t10,53110354,51,2.2959377765655518
gemma_t10,53178856,51,3.3389792442321777
gemma_t10,53217060,51,2.810129404067993
gemma_t10,53223679,51,5.159799575805664
gemma_t10,53247198,51,3.5364701747894287
gemma_t10,53295957,51,2.260836362838745
gemma_t10,53298765,51,2.583665609359741
gemma_t10,53298878,51,2.7944905757904053
gemma_t10,53578487,51,2.568058490753174
gemma_t10,53640239,51,3.3431622982025146
gemma_t10,53645946,51,2.5682876110076904
gemma_t10,54893641,51,2.750842809677124
gemma_t10,56657817,51,3.492500066757202
gemma_t10,56657857,51,2.7618026733398438
gemma_t10,56895551,51,2.855813980102539
gemma_t10,57189558,51,1.8612864017486572
gemma_t10,57564106,51,3.011904001235962
gemma_t10,57570672,51,3.4664385318756104
gemma_t10,59553499,51,2.3300929069519043
gemma_t10,59553563,51,3.4389967918395996
gemma_t10,59599633,51,2.3532676696777344
gemma_t10,59599706,51,3.1117897033691406
gemma_t10,59599940,51,1.9813964366912842
gemma_t10,59604492,51,3.0231900215148926
gemma_t10,60441316,51,3.1788647174835205
gemma_t10,61153666,51,3.720421314239502
gemma_t10,61874237,51,2.363933801651001
gemma_t10,62637241,51,3.037825107574463
gemma_t10,65038030,51,3.391836166381836
gemma_t10,67788603,51,3.7097761631011963
gemma_t10,67855815,51,2.586911678314209
gemma_t10,67855860,51,3.0173416137695312
gemma_t10,67855893,51,3.329819679260254
gemma_t10,67855999,51,2.6693615913391113
gemma_t10,67856005,51,2.7113592624664307
gemma_t10,67856013,51,2.884359359741211
gemma_t10,67856167,51,2.9316530227661133
gemma_t10,67856324,51,2.3717005252838135
gemma_t10,67856607,51,3.600571632385254
gemma_t10,67856712,51,1.9254754781723022
gemma_t10,67877016,51,2.172612428665161
gemma_t10,68167178,51,2.951620101928711
gemma_t10,70349933,51,2.995840311050415
gemma_t10,71144630,51,2.64677095413208
gemma_t10,71147690,51,2.6157352924346924
gemma_t10,73729169,51,2.404108762741089
gemma_t10,76666127,51,2.964982032775879
gemma_t10,80628347,51,3.093700647354126
gemma_t10,80628357,51,1.9286097288131714
gemma_t10,83458715,51,4.251925945281982
gemma_t10,84842989,51,2.483670473098755
gemma_t10,84843987,51,2.0185728073120117
gemma_t10,85459677,51,2.993088960647583
gemma_t10,85464175,51,2.382073402404785
gemma_t10,85498775,51,2.9141581058502197
gemma_t10,85501317,51,4.156771659851074
gemma_t10,85518027,51,2.8281681537628174
gemma_t10,85528598,51,3.006046772003174
gemma_t10,85531331,51,2.9280362129211426
gemma_t10,86716257,51,2.3965706825256348
gemma_t10,91183938,51,2.5274453163146973
gemma_t10,91184042,51,3.821714162826538
gemma_t10,102350590,51,3.790034055709839
gemma_t10,102350747,51,3.15653657913208
gemma_t10,102350767,51,2.426178216934204
gemma_t10,102350941,51,2.903334617614746
gemma_t10,102350997,51,2.4722323417663574
gemma_t10,102351463,51,3.5818591117858887
gemma_t10,102351547,51,2.3158442974090576
gemma_t10,102351717,51,2.3960297107696533
gemma_t10,102352060,51,2.9099690914154053
gemma_t10,102352698,51,4.405930042266846
gemma_t10,102352788,51,2.5173733234405518
gemma_t10,102352962,51,2.7811193466186523
gemma_t10,102353817,51,3.4801108837127686
gemma_t10,102353837,51,3.398927927017212
gemma_t10,102353852,51,4.203864097595215
gemma_t10,102354384,51,5.093698024749756
gemma_t10,102354395,51,3.5563015937805176
gemma_t10,102354583,51,2.38234806060791
gemma_t10,102354588,51,4.856503009796143
gemma_t10,102354684,51,4.132181167602539
gemma_t10,102483154,51,2.956376552581787
gemma_t10,106402715,51,3.0875086784362793
gemma_t10,109933467,51,1.8416070938110352
gemma_t10,116880070,51,2.6167407035827637
gemma_t10,118674834,51,3.431565523147583
gemma_t10,118680003,51,2.3719048500061035
gemma_t10,119308902,51,2.3382091522216797
gemma_t10,119309472,51,2.0153656005859375
gemma_t10,120224153,51,2.891416549682617
gemma_t10,126167342,51,2.6859443187713623
gemma_t10,126181046,51,2.558173418045044
gemma_t10,128000127,51,2.923826217651367
gemma_t10,128345225,51,3.189183473587036
gemma_t10,128345548,51,3.342874765396118
gemma_t10,129945216,51,2.759143114089966
gemma_t10,133306280,51,2.833974838256836
gemma_t10,133597585,51,3.03973650932312
gemma_t10,135466290,51,2.2001311779022217
gemma_t10,153312535,51,3.262253999710083
gemma_t10,153312687,51,3.915487766265869
gemma_t10,153313061,51,2.928694009780884
gemma_t10,153313159,51,3.4404239654541016
gemma_t10,153313581,51,3.1770408153533936
gemma_t10,155089817,51,2.4922308921813965
gemma_t10,155091369,51,3.2623493671417236
gemma_t10,155092736,51,2.027324914932251
gemma_t10,155100086,51,2.8143808841705322
gemma_t10,155100120,51,3.8152925968170166
gemma_t10,159041042,51,2.4096901416778564
gemma_t10,159041048,51,5.704183578491211
gemma_t10,159041867,51,2.2917633056640625
gemma_t10,160009452,51,2.312371015548706
gemma_t10,160009896,51,2.231123685836792
gemma_t10,162183964,51,3.0619287490844727
gemma_t10,165163819,51,1.848814845085144
gemma_t10,166228669,51,2.618793487548828
gemma_t10,167217355,51,4.266635417938232
gemma_t10,167217367,51,2.5927329063415527
gemma_t10,167217453,51,2.0536813735961914
gemma_t10,168169888,51,2.0866315364837646
gemma_t10,170078653,51,3.021594762802124
gemma_t10,170078772,51,2.6795990467071533
gemma_t10,170079112,51,2.764570474624634
gemma_t10,173188048,51,2.7019801139831543
gemma_t10,173188803,51,2.4675989151000977
gemma_t10,173990423,51,3.519162893295288
gemma_t10,173990455,51,2.5518903732299805
gemma_t10,173990506,51,2.3655688762664795
gemma_t10,173990585,51,2.7498323917388916
gemma_t10,173991101,51,2.02665638923645
gemma_t10,174797737,51,2.745614528656006
gemma_t10,174797747,51,4.036865711212158
gemma_t10,174797886,51,3.4790618419647217
gemma_t10,174798153,51,2.607022762298584
gemma_t10,174798218,51,2.7013132572174072
gemma_t10,174798293,51,3.1511340141296387
gemma_t10,174798321,51,2.3132729530334473
gemma_t10,174798410,51,2.6363956928253174
gemma_t10,174799117,51,2.4397926330566406
gemma_t10,174799262,51,2.447127103805542
gemma_t10,174799301,51,1.8006974458694458
gemma_t10,174799304,51,3.0850512981414795
gemma_t10,174799346,51,3.355224132537842
gemma_t10,174799399,51,2.90622615814209
gemma_t10,174799702,51,4.738977432250977
gemma_t10,174799768,51,2.509390354156494
gemma_t10,174799793,51,2.457542657852173
gemma_t10,174799844,51,4.450875759124756
gemma_t10,174799895,51,2.367842197418213
gemma_t10,174799974,51,3.0961904525756836
gemma_t10,174800106,51,2.813382148742676
gemma_t10,174800272,51,2.558619737625122
gemma_t10,174800458,51,2.3352904319763184
gemma_t10,174800839,51,3.7638628482818604
gemma_t10,174800890,51,2.8538877964019775
gemma_t10,174800963,51,2.713628053665161
gemma_t10,174801080,51,3.2122018337249756
gemma_t10,174801222,51,2.7204620838165283
gemma_t10,174801388,51,4.1453423500061035
gemma_t10,174801519,51,2.984663486480713
gemma_t10,174801632,51,2.2443132400512695
gemma_t10,174801764,51,2.953531503677368
gemma_t10,174802397,51,2.2375118732452393
gemma_t10,174802484,51,1.9047931432724
gemma_t10,174802848,51,2.351994514465332
gemma_t10,174802873,51,2.1629245281219482
gemma_t10,174803111,51,3.9188692569732666
gemma_t10,174803587,51,3.407698392868042
gemma_t10,181704107,51,2.6682779788970947
gemma_t10,182952458,51,3.834139823913574
gemma_t10,182952800,51,1.9782319068908691
gemma_t10,182952848,51,3.571394205093384
gemma_t10,182952892,51,3.134416103363037
gemma_t10,182953113,51,2.638551712036133
gemma_t10,182953211,51,1.9451019763946533
gemma_t10,182953250,51,2.6613457202911377
gemma_t10,184482578,51,2.0738186836242676
gemma_t10,184483123,51,1.9024465084075928
gemma_t10,184483331,51,2.5629348754882812
gemma_t10,184486755,51,2.8112449645996094
gemma_t10,184486914,51,2.4515867233276367
gemma_t10,184487171,51,2.2593753337860107
gemma_t10,184487889,51,3.1138229370117188
gemma_t10,186206211,51,3.4987196922302246
gemma_t10,186206508,51,2.9176104068756104
gemma_t10,186206974,51,2.0433547496795654
gemma_t10,189762009,51,3.208341360092163
gemma_t10,189762068,51,2.4848456382751465
gemma_t10,189762081,51,4.252201080322266
gemma_t10,189762189,51,2.1708920001983643
gemma_t10,189762341,51,2.3792624473571777
gemma_t10,189762487,51,2.3879647254943848
gemma_t10,189762556,51,4.353097438812256
gemma_t10,189927911,51,2.62480092048645
gemma_t10,189928008,51,2.95460844039917
gemma_t10,189928148,51,3.4377386569976807
gemma_t10,189928186,51,2.6436777114868164
gemma_t10,189928248,51,2.751319646835327
gemma_t10,189928358,51,2.379868745803833
gemma_t10,189928395,51,2.867180824279785
gemma_t10,189999088,51,2.392758846282959
gemma_t10,189999659,51,2.9524595737457275
gemma_t10,190000105,51,2.30558443069458
gemma_t10,190001673,51,3.1200320720672607
gemma_t10,192530110,51,4.570444107055664
gemma_t10,195064954,51,4.25195837020874
gemma_t10,195068920,51,3.125267744064331
gemma_t10,195069071,51,2.7664976119995117
gemma_t10,195069392,51,2.107964038848877
gemma_t10,195218574,51,2.672659158706665
gemma_t10,195218693,51,5.534773826599121
gemma_t10,195316733,51,2.6152493953704834
gemma_t10,195345077,51,4.021441459655762
gemma_t10,195345094,51,3.2248623371124268
gemma_t10,195345201,51,2.5935466289520264
gemma_t10,195345563,51,3.435295343399048
gemma_t10,195477534,51,2.8571889400482178
gemma_t10,195504787,51,2.4106972217559814
gemma_t10,195584320,51,2.885462760925293
gemma_t10,195766884,51,2.3158419132232666
gemma_t10,195776147,51,2.1140236854553223
gemma_t10,195776229,51,3.163893699645996
gemma_t10,195820682,51,2.200498104095459
gemma_t10,195847811,51,2.8087737560272217
gemma_t10,195848217,51,3.015780448913574
gemma_t10,195886246,51,2.8365211486816406
gemma_t10,196167277,51,3.558610200881958
gemma_t10,196171551,51,3.5574371814727783
gemma_t10,196171668,51,1.952961802482605
gemma_t10,196172197,51,2.9056694507598877
gemma_t10,196175184,51,2.780498504638672
gemma_t10,196176000,51,3.266831398010254
gemma_t10,196176396,51,2.328516960144043
gemma_t10,196176628,51,2.432189702987671
gemma_t10,196178484,51,3.763007402420044
gemma_t10,196178503,51,2.909064292907715
gemma_t10,196181315,51,2.1464591026306152
gemma_t10,196181536,51,2.927852153778076
gemma_t10,196181811,51,2.2186739444732666
gemma_t10,196181887,51,3.0646250247955322
gemma_t10,196182395,51,3.186448812484741
gemma_t10,196183158,51,2.952960968017578
gemma_t10,196183669,51,3.187009811401367
gemma_t10,196184679,51,2.6397979259490967
gemma_t10,196185038,51,2.811253547668457
gemma_t10,196186167,51,3.0343685150146484
gemma_t10,196186961,51,2.048271656036377
gemma_t10,196187162,51,2.7118959426879883
gemma_t10,196187316,51,2.2420294284820557
gemma_t10,196187320,51,3.3039677143096924
gemma_t10,196188501,51,2.6806564331054688
gemma_t10,196188987,51,2.442556142807007
gemma_t10,196189567,51,2.744486093521118
gemma_t10,196189661,51,2.4461610317230225
gemma_t10,196192979,51,2.8412868976593018
gemma_t10,196193055,51,3.054300546646118
gemma_t10,196194557,51,2.627124071121216
gemma_t10,196197006,51,3.2840161323547363
gemma_t10,196198494,51,2.369567394256592
gemma_t10,196199713,51,2.7047176361083984
gemma_t10,196205749,51,2.390364408493042
gemma_t10,196206886,51,2.6067922115325928
gemma_t10,196209746,51,2.525390148162842
gemma_t10,196210081,51,3.045459747314453
gemma_t10,196210782,51,3.379490852355957
gemma_t10,196211238,51,2.5572662353515625
gemma_t10,196211486,51,3.957618236541748
gemma_t10,196211550,51,2.7166006565093994
gemma_t10,196217527,51,2.5363426208496094
gemma_t10,196471188,51,3.2079896926879883
gemma_t10,196471198,51,2.274340867996216
gemma_t10,196621534,51,2.228752613067627
gemma_t10,196621535,51,2.515113592147827
gemma_t10,198179946,51,2.7858681678771973
gemma_t10,198184456,51,2.9512627124786377
gemma_t10,198184729,51,2.5669796466827393
gemma_t10,198939259,51,2.2264583110809326
gemma_t10,198967754,51,2.1163346767425537
gemma_t10,198973187,51,3.6342320442199707
gemma_t10,199001173,51,4.269569396972656
gemma_t10,199022396,51,2.7437140941619873
gemma_t10,199371491,51,2.66767954826355
gemma_t10,199371687,51,2.0987942218780518
gemma_t10,199379359,51,3.3673129081726074
gemma_t10,199452955,51,2.8470873832702637
gemma_t10,199523733,51,1.7368133068084717
gemma_t10,199529989,51,2.170499324798584
gemma_t10,199552244,51,3.097768545150757
gemma_t10,199577588,51,2.878701686859131
gemma_t10,199577634,51,2.8010239601135254
gemma_t10,199668626,51,2.9071528911590576
gemma_t10,199668753,51,3.200467586517334
gemma_t10,201058596,51,3.8549630641937256
gemma_t10,201058633,51,3.499483585357666
gemma_t10,201058720,51,2.552778959274292
gemma_t10,201070022,51,2.785430908203125
gemma_t10,201070265,51,2.927381753921509
gemma_t10,201103745,51,2.5519044399261475
gemma_t10,201124425,51,2.9306540489196777
gemma_t10,201307832,51,2.7609639167785645
gemma_t10,201645145,51,2.260314464569092
gemma_t10,201646223,51,2.0433731079101562
gemma_t10,201646551,51,2.430198907852173
gemma_t10,201651596,51,2.143984317779541
gemma_t10,201657818,51,3.254502773284912
gemma_t10,201666437,51,2.3637075424194336
gemma_t10,201666620,51,2.990961790084839
gemma_t10,201668205,51,2.4312047958374023
gemma_t10,201669180,51,1.8526179790496826
gemma_t10,201670412,51,3.1101951599121094
gemma_t10,201676778,51,2.1074578762054443
gemma_t10,201691562,51,1.9731149673461914
gemma_t10,201697450,51,3.06866192817688
gemma_t10,201698093,51,2.3006622791290283
gemma_t10,201698197,51,2.094168186187744
gemma_t10,201698258,51,3.3615593910217285
gemma_t10,201698358,51,2.903085470199585
gemma_t10,201741133,51,3.075282335281372
gemma_t10,201742252,51,2.4765331745147705
gemma_t10,201742578,51,2.370985269546509
gemma_t10,202120468,51,2.7841148376464844
gemma_t10,202120592,51,3.645991086959839
gemma_t10,202121966,51,2.132052183151245
gemma_t10,202235037,51,3.7248454093933105
gemma_t10,202235596,51,3.70585298538208
gemma_t10,202537031,51,3.364992380142212
gemma_t10,202537041,51,3.7114484310150146
gemma_t10,202537179,51,2.4519991874694824
gemma_t10,202537221,51,3.570648431777954
gemma_t10,202537332,51,3.4108593463897705
gemma_t10,202537477,51,2.3005638122558594
gemma_t10,202537499,51,3.1709468364715576
gemma_t10,202537890,51,3.6499111652374268
gemma_t10,202538141,51,3.102632761001587
gemma_t10,202538495,51,2.757222890853882
gemma_t10,202538609,51,3.2549641132354736
gemma_t10,202538897,51,2.6556262969970703
gemma_t10,202539004,51,3.496208667755127
gemma_t10,202539031,51,5.455585479736328
gemma_t10,202539063,51,3.9013025760650635
gemma_t10,202539354,51,2.4946863651275635
gemma_t10,202539496,51,2.188098907470703
gemma_t10,202539540,51,2.7734007835388184
gemma_t10,202540033,51,3.8063979148864746
gemma_t10,202540088,51,2.4200549125671387
gemma_t10,202540096,51,2.9951694011688232
gemma_t10,202540203,51,2.0115573406219482
gemma_t10,202540590,51,3.399184465408325
gemma_t10,202540591,51,3.5454061031341553
gemma_t10,202540640,51,2.183300495147705
gemma_t10,202540793,51,2.1080992221832275
gemma_t10,202540839,51,3.2382125854492188
gemma_t10,202541009,51,3.431734085083008
gemma_t10,202541012,51,3.2111289501190186
gemma_t10,202541043,51,4.053721904754639
gemma_t10,202541147,51,3.625986099243164
gemma_t10,202541184,51,2.596120595932007
gemma_t10,202541185,51,2.70733380317688
gemma_t10,202541352,51,2.0629327297210693
gemma_t10,202541363,51,2.5924267768859863
gemma_t10,202541447,51,2.1489920616149902
gemma_t10,202541473,51,2.373655319213867
gemma_t10,202541491,51,2.0493128299713135
gemma_t10,202541545,51,3.8141114711761475
gemma_t10,202541569,51,2.4344265460968018
gemma_t10,202541578,51,5.993279457092285
gemma_t10,202541610,51,3.4632675647735596
gemma_t10,202541654,51,2.1654117107391357
gemma_t10,202542261,51,5.230555534362793
gemma_t10,202542397,51,2.2374074459075928
gemma_t10,202542569,51,3.2658445835113525
gemma_t10,202542757,51,3.627065896987915
gemma_t10,202558451,51,3.7509336471557617
gemma_t10,202558815,51,3.733532667160034
gemma_t10,202565485,51,4.174598217010498
gemma_t10,202565569,51,3.5227861404418945
gemma_t10,202565697,51,1.922439455986023
gemma_t10,202572810,51,3.58060622215271
gemma_t10,202577372,51,3.7416605949401855
gemma_t10,202577934,51,2.428563356399536
gemma_t10,202583694,51,2.4433772563934326
gemma_t10,202635721,51,3.010190725326538
gemma_t10,202660724,51,3.1771156787872314
gemma_t10,202660912,51,2.789766788482666
gemma_t10,202661048,51,2.413140058517456
gemma_t10,202712648,51,2.1874656677246094
gemma_t10,202718954,51,2.269850730895996
gemma_t10,202734183,51,3.0733747482299805
gemma_t10,202734592,51,2.381652355194092
gemma_t10,202763602,51,2.1172475814819336
gemma_t10,202765126,51,3.013692617416382
gemma_t10,202765253,51,3.7952213287353516
gemma_t10,202765548,51,3.7000510692596436
gemma_t10,202769823,51,3.0908288955688477
gemma_t10,202770936,51,2.487884283065796
gemma_t10,202771124,51,3.5588572025299072
gemma_t10,202771535,51,2.739579200744629
gemma_t10,202773239,51,2.4478402137756348
gemma_t10,202773689,51,2.270644426345825
gemma_t10,202774375,51,2.9372916221618652
gemma_t10,202774468,51,2.0656707286834717
gemma_t10,202776122,51,2.8042454719543457
gemma_t10,202776447,51,2.5901429653167725
gemma_t10,202776649,51,2.4086544513702393
gemma_t10,202781392,51,2.5414316654205322
gemma_t10,202783478,51,3.219266653060913
gemma_t10,202784449,51,1.904694676399231
gemma_t10,202785255,51,2.583557367324829
gemma_t10,202785879,51,2.596813678741455
gemma_t10,202786066,51,2.1643903255462646
gemma_t10,202786882,51,2.9038748741149902
gemma_t10,202788490,51,4.423140525817871
gemma_t10,202788575,51,2.9834041595458984
gemma_t10,202789603,51,2.101447105407715
gemma_t10,203146520,51,2.072808265686035
gemma_t10,203150358,51,2.5677366256713867
gemma_t10,203610181,51,1.9669795036315918
gemma_t10,203626520,51,2.142993211746216
gemma_t10,203836056,51,3.422769784927368
gemma_t10,203836888,51,5.041551113128662
gemma_t10,203905404,51,2.7046945095062256
gemma_t10,204009154,51,2.389259099960327
gemma_t10,204512247,51,3.17075252532959
gemma_t10,204744108,51,3.7048497200012207
gemma_t10,204823992,51,2.5282649993896484
gemma_t10,204902024,51,3.4236209392547607
gemma_t10,204949631,51,2.605290412902832
gemma_t10,207794190,51,3.8080506324768066
gemma_t10,207847197,51,3.237030506134033
gemma_t10,207847250,51,3.0131723880767822
gemma_t10,207847598,51,3.318223237991333
gemma_t10,207847960,51,2.528822422027588
gemma_t10,207852358,51,3.610852003097534
gemma_t10,207852450,51,3.0059986114501953
gemma_t10,207852597,51,2.6521217823028564
gemma_t10,207852642,51,4.180070877075195
gemma_t10,207853017,51,2.4987165927886963
gemma_t10,207853111,51,3.60351824760437
gemma_t10,207853145,51,3.718287467956543
gemma_t10,207853191,51,2.4231913089752197
gemma_t10,207853290,51,2.7172818183898926
gemma_t10,207853300,51,1.9209022521972656
gemma_t10,207853304,51,3.6142473220825195
gemma_t10,207863306,51,3.3513712882995605
gemma_t10,207870323,51,3.1111350059509277
gemma_t10,207870937,51,2.3914923667907715
gemma_t10,207901226,51,2.41318416595459
gemma_t10,207925651,51,3.2633161544799805
gemma_t10,207996257,51,2.972501277923584
gemma_t10,208001011,51,3.1778509616851807
gemma_t10,208006253,51,2.6852614879608154
gemma_t10,208191596,51,3.8521580696105957
gemma_t10,208527026,51,2.2149178981781006
gemma_t10,208547632,51,2.26926589012146
gemma_t10,209009596,51,3.9991326332092285
gemma_t10,209054931,51,1.982370138168335
gemma_t10,209202658,51,3.05802845954895
gemma_t10,210164439,51,3.2491581439971924
gemma_t10,210164665,51,4.729887008666992
gemma_t10,210701352,51,2.8102622032165527
gemma_t10,210714061,51,4.055576324462891
gemma_t10,211003735,51,3.594748020172119
gemma_t10,211029226,51,2.9340505599975586
gemma_t10,211031933,51,3.867711305618286
gemma_t10,211066200,51,3.826282501220703
gemma_t10,211082681,51,3.444021224975586
gemma_t10,211126910,51,1.890640377998352
gemma_t10,211258645,51,2.83099102973938
gemma_t10,211532588,51,2.5262184143066406
gemma_t10,211677475,51,2.8895351886749268
gemma_t10,211987786,51,4.194869518280029
gemma_t10,212718077,51,3.696038007736206
gemma_t10,212725806,51,2.5730178356170654
gemma_t10,212747810,51,3.7422916889190674
gemma_t10,212800438,51,2.941124200820923
gemma_t10,213982630,51,2.3869259357452393
gemma_t10,214623124,51,5.301234245300293
gemma_t10,214693050,51,3.2243430614471436
gemma_t10,214794966,51,3.3431899547576904
gemma_t10,214802401,51,3.476508855819702
gemma_t10,214802500,51,3.384531021118164
gemma_t10,214802514,51,4.33418607711792
gemma_t10,214802587,51,2.3971569538116455
gemma_t10,214802624,51,1.5517514944076538
gemma_t10,214802812,51,3.575275182723999
gemma_t10,214802856,51,3.6349551677703857
gemma_t10,214802887,51,3.7635691165924072
gemma_t10,214803082,51,2.1601126194000244
gemma_t10,215191351,51,3.729125499725342
gemma_t10,215238391,51,2.3629958629608154
gemma_t10,215238965,51,2.7078962326049805
gemma_t10,215415911,51,4.143844127655029
gemma_t10,215415968,51,2.069892644882202
gemma_t10,215416110,51,2.1242079734802246
gemma_t10,215416175,51,1.9716566801071167
gemma_t10,215416349,51,2.956524133682251
gemma_t10,215547988,51,3.0097815990448
gemma_t10,215548041,51,2.9925386905670166
gemma_t10,215548215,51,2.5403640270233154
gemma_t10,215548225,51,2.782465934753418
gemma_t10,215548916,51,2.069525957107544
gemma_t10,215737001,51,2.2775423526763916
gemma_t10,215744806,51,2.171090602874756
gemma_t10,215744924,51,2.326876163482666
gemma_t10,215744944,51,3.220360279083252
gemma_t10,215745286,51,3.060523748397827
gemma_t10,215745290,51,3.2157859802246094
gemma_t10,215745354,51,2.5082545280456543
gemma_t10,215745536,51,2.9018280506134033
gemma_t10,215768766,51,2.1535427570343018
gemma_t10,215768768,51,3.8734922409057617
gemma_t10,215768769,51,2.9438931941986084
gemma_t10,215768835,51,2.8686060905456543
gemma_t10,215785828,51,2.661968469619751
gemma_t10,215785895,51,5.011260509490967
gemma_t10,215786391,51,2.6310174465179443
gemma_t10,215806653,51,2.9118378162384033
gemma_t10,215811473,51,1.8952007293701172
gemma_t10,215814290,51,2.3680059909820557
gemma_t10,215814515,51,2.3175225257873535
gemma_t10,215826646,51,1.9798455238342285
gemma_t10,215827207,51,2.6221766471862793
gemma_t10,215827461,51,3.300057888031006
gemma_t10,215827653,51,2.521331787109375
gemma_t10,215827766,51,3.3125922679901123
gemma_t10,215827807,51,2.864133358001709
gemma_t10,215827989,51,1.9016228914260864
gemma_t10,215828313,51,2.0603153705596924
gemma_t10,215828384,51,2.7661662101745605
gemma_t10,215828553,51,3.0613324642181396
gemma_t10,216035773,51,2.2764534950256348
gemma_t10,216056240,51,3.7693464756011963
gemma_t10,216056269,51,2.9049413204193115
gemma_t10,216056453,51,2.8258004188537598
gemma_t10,216056509,51,2.55248761177063
gemma_t10,216080642,51,4.084086894989014
gemma_t10,216080701,51,2.2040042877197266
gemma_t10,216080986,51,2.5182340145111084
gemma_t10,216144439,51,3.292365789413452
gemma_t10,216144503,51,2.4524333477020264
gemma_t10,216144770,51,2.232573986053467
gemma_t10,216552849,51,2.2219157218933105
gemma_t10,216552854,51,3.3113484382629395
gemma_t10,216552897,51,3.4025754928588867
gemma_t10,216552978,51,1.9766478538513184
gemma_t10,216553067,51,3.3102569580078125
gemma_t10,216553182,51,3.3903050422668457
gemma_t10,216553210,51,2.7167768478393555
gemma_t10,216553264,51,2.0711123943328857
gemma_t10,216557637,51,2.654339551925659
gemma_t10,216562233,51,3.8454301357269287
gemma_t10,216562330,51,3.1581814289093018
gemma_t10,216562386,51,2.6997532844543457
gemma_t10,216562638,51,2.129992723464966
gemma_t10,216562779,51,3.519803285598755
gemma_t10,216562785,51,2.091160535812378
gemma_t10,216636598,51,2.7654964923858643
gemma_t10,216641736,51,2.777951717376709
gemma_t10,216641773,51,3.7260935306549072
gemma_t10,216641842,51,2.45257568359375
gemma_t10,216641848,51,4.295678615570068
gemma_t10,216641852,51,2.603414297103882
gemma_t10,216641956,51,2.5129075050354004
gemma_t10,216642043,51,2.1477622985839844
gemma_t10,216642230,51,2.5836195945739746
gemma_t10,216867622,51,3.4885032176971436
gemma_t10,216868180,51,2.883068084716797
gemma_t10,216868234,51,2.4279966354370117
gemma_t10,216868259,51,1.7088490724563599
gemma_t10,216868472,51,3.375857353210449
gemma_t10,216868486,51,1.9738565683364868
gemma_t10,216868525,51,2.6266913414001465
gemma_t10,216868592,51,4.377636909484863
gemma_t10,216868683,51,3.050544500350952
gemma_t10,216868725,51,2.219825506210327
gemma_t10,216869183,51,2.1516077518463135
gemma_t10,216869577,51,5.249781131744385
gemma_t10,216914409,51,2.1643879413604736
gemma_t10,216914626,51,3.7038097381591797
gemma_t10,216914911,51,3.705174207687378
gemma_t10,218076648,51,2.369640827178955
gemma_t10,218470058,51,3.397866725921631
gemma_t10,218470122,51,2.0261714458465576
gemma_t10,218470125,51,1.8922985792160034
gemma_t10,218470144,51,3.367457151412964
gemma_t10,218470237,51,1.9487394094467163
gemma_t10,218470359,51,4.94675350189209
gemma_t10,218470427,51,3.7761902809143066
gemma_t10,218470517,51,5.410097122192383
gemma_t10,218486837,51,3.612665891647339
gemma_t10,218487098,51,2.809453010559082
gemma_t10,218487100,51,2.581306219100952
gemma_t10,218487136,51,3.1508102416992188
gemma_t10,218487168,51,2.6972692012786865
gemma_t10,218487230,51,2.2647743225097656
gemma_t10,218487237,51,2.8797404766082764
gemma_t10,218487279,51,3.6872997283935547
gemma_t10,218487288,51,3.6157097816467285
gemma_t10,218487373,51,4.872745513916016
gemma_t10,218487454,51,2.7496581077575684
gemma_t10,218487506,51,3.2536892890930176
gemma_t10,218487696,51,3.7529683113098145
gemma_t10,218487733,51,2.615906238555908
gemma_t10,218500588,51,2.7985618114471436
gemma_t10,218501728,51,2.565181255340576
gemma_t10,218502350,51,5.117897033691406
gemma_t10,218517044,51,1.802558422088623
gemma_t10,218517088,51,3.5292623043060303
gemma_t10,218517128,51,2.9358999729156494
gemma_t10,218538467,51,2.117154359817505
gemma_t10,218560609,51,3.3784902095794678
gemma_t10,218571018,51,3.299633502960205
gemma_t10,218571035,51,2.820981502532959
gemma_t10,218571152,51,2.8678205013275146
gemma_t10,218571167,51,2.7131094932556152
gemma_t10,218571335,51,3.202995538711548
gemma_t10,218580945,51,2.1332409381866455
gemma_t10,218581853,51,2.3144419193267822
gemma_t10,218595658,51,3.7417807579040527
gemma_t10,218595710,51,2.69535231590271
gemma_t10,218595915,51,3.4455928802490234
gemma_t10,218595930,51,2.9920125007629395
gemma_t10,218610661,51,3.8630049228668213
gemma_t10,218613630,51,3.409611463546753
gemma_t10,218613850,51,2.1955409049987793
gemma_t10,218614095,51,2.5331106185913086
gemma_t10,218628691,51,3.3307180404663086
gemma_t10,218628872,51,4.729587554931641
gemma_t10,218630027,51,3.109222173690796
gemma_t10,218665566,51,2.9938580989837646
gemma_t10,218674382,51,3.7019715309143066
gemma_t10,218684346,51,2.297693967819214
gemma_t10,218718559,51,2.293426990509033
gemma_t10,218718982,51,2.5189642906188965
gemma_t10,218763259,51,3.7327704429626465
gemma_t10,218763425,51,2.396016836166382
gemma_t10,218763678,51,2.019606351852417
gemma_t10,218869840,51,3.066469192504883
gemma_t10,218883429,51,2.3351216316223145
gemma_t10,218889746,51,2.3713831901550293
gemma_t10,218901061,51,3.676701068878174
gemma_t10,218971632,51,3.782747745513916
gemma_t10,218971877,51,3.0365824699401855
gemma_t10,218974137,51,1.798043966293335
gemma_t10,219036690,51,3.199155807495117
gemma_t10,219124328,51,3.4831223487854004
gemma_t10,219165306,51,2.3466601371765137
gemma_t10,219176513,51,3.0031003952026367
gemma_t10,219176849,51,2.1064982414245605
gemma_t10,219177150,51,2.55442214012146
gemma_t10,219260306,51,2.9983553886413574
gemma_t10,219302617,51,2.6934947967529297
gemma_t10,219304854,51,1.700490951538086
gemma_t10,219304992,51,2.649763584136963
gemma_t10,219306244,51,6.593144416809082
gemma_t10,219307246,51,1.6689032316207886
gemma_t10,219309091,51,2.1364378929138184
gemma_t10,219310312,51,2.492824077606201
gemma_t10,219401758,51,3.2213897705078125
gemma_t10,219530664,51,3.162311315536499
gemma_t10,219530980,51,2.067823648452759
gemma_t10,219558508,51,2.1108462810516357
gemma_t10,219573244,51,4.148507595062256
gemma_t10,219573654,51,2.437110185623169
gemma_t10,219635956,51,2.0273540019989014
gemma_t10,219708219,51,3.3956310749053955
gemma_t10,219719687,51,2.171225070953369
gemma_t10,219721462,51,3.2856369018554688
gemma_t10,219966938,51,3.3827409744262695
gemma_t10,219980605,51,4.058953285217285
gemma_t10,220044829,51,2.2793054580688477
gemma_t10,220044878,51,2.075111150741577
gemma_t10,220044881,51,2.6678576469421387
gemma_t10,220045417,51,3.011134386062622
gemma_t10,220045465,51,1.8783957958221436
gemma_t10,220045816,51,3.7287726402282715
gemma_t10,220045824,51,1.7786321640014648
gemma_t10,220045825,51,2.9955520629882812
gemma_t10,220045826,51,2.7457427978515625
gemma_t10,220045828,51,3.1923141479492188
gemma_t10,220045831,51,1.9238934516906738
gemma_t10,220045835,51,2.7235848903656006
gemma_t10,220045906,51,2.6019442081451416
gemma_t10,220045915,51,1.9531930685043335
gemma_t10,220045953,51,2.5182430744171143
gemma_t10,220046222,51,2.3222835063934326
gemma_t10,220046453,51,2.7776637077331543
gemma_t10,220046465,51,2.731703042984009
gemma_t10,220046499,51,3.410212516784668
gemma_t10,220046510,51,2.4146649837493896
gemma_t10,220046814,51,2.9310503005981445
gemma_t10,220047070,51,2.9547829627990723
gemma_t10,220047186,51,2.338567018508911
gemma_t10,220047251,51,3.976339340209961
gemma_t10,220047266,51,2.6386640071868896
gemma_t10,220047363,51,2.3552863597869873
gemma_t10,220047771,51,2.5541200637817383
gemma_t10,220047822,51,2.808640241622925
gemma_t10,220047831,51,2.8452725410461426
gemma_t10,220047862,51,2.2689409255981445
gemma_t10,220047871,51,3.449483633041382
gemma_t10,220047976,51,2.81764817237854
gemma_t10,220048083,51,2.2135815620422363
gemma_t10,220048213,51,2.7261974811553955
gemma_t10,220048228,51,2.395230531692505
gemma_t10,220049701,51,2.0964932441711426
gemma_t10,220059617,51,2.0671133995056152
gemma_t10,220060899,51,2.577277183532715
gemma_t10,220250648,51,2.589043378829956
gemma_t10,220265679,51,3.2566657066345215
gemma_t10,220280994,51,2.3892805576324463
gemma_t10,220330688,51,1.685599684715271
gemma_t10,220331638,51,2.972209930419922
gemma_t10,220363596,51,2.820000171661377
gemma_t10,220364230,51,2.731522560119629
gemma_t10,220425360,51,3.644528388977051
gemma_t10,220525491,51,2.6406147480010986
gemma_t10,220546439,51,3.054922580718994
gemma_t10,220686630,51,2.08430552482605
gemma_t10,220794027,51,2.9308242797851562
gemma_t10,220919861,51,2.8044095039367676
gemma_t10,221005781,51,3.0908396244049072
gemma_t10,221090091,51,1.9143868684768677
gemma_t10,221090332,51,2.1284403800964355
gemma_t10,221150562,51,2.8968467712402344
gemma_t10,221246333,51,2.0183372497558594
gemma_t10,221376974,51,3.7017195224761963
gemma_t10,221517069,51,2.800198554992676
gemma_t10,221640658,51,3.185101270675659
gemma_t10,221702970,51,3.3868250846862793
gemma_t10,221703773,51,3.6408638954162598
gemma_t10,221738937,51,3.5091302394866943
gemma_t10,221738987,51,2.4771244525909424
gemma_t10,221739233,51,3.2886836528778076
gemma_t10,221739295,51,2.9836063385009766
gemma_t10,221739314,51,3.2977190017700195
gemma_t10,221749138,51,1.9585713148117065
gemma_t10,221761251,51,3.7437329292297363
gemma_t10,221761320,51,3.2378175258636475
gemma_t10,221761685,51,3.040374517440796
gemma_t10,221802738,51,3.266123056411743
gemma_t10,221802772,51,2.871025323867798
gemma_t10,221818878,51,2.4719748497009277
gemma_t10,221835708,51,2.486475706100464
gemma_t10,221836078,51,3.4018731117248535
gemma_t10,221836081,51,3.303586721420288
gemma_t10,221845203,51,4.154229164123535
gemma_t10,221857750,51,2.5127971172332764
gemma_t10,221878973,51,3.4977519512176514
gemma_t10,221879025,51,3.1549880504608154
gemma_t10,221948991,51,3.2367727756500244
gemma_t10,221949175,51,2.921344041824341
gemma_t10,221949448,51,2.8483123779296875
gemma_t10,221970112,51,4.372203826904297
gemma_t10,221970445,51,2.9250924587249756
gemma_t10,221970493,51,3.224835157394409
gemma_t10,221995543,51,2.801832437515259
gemma_t10,221995630,51,2.4765779972076416
gemma_t10,221996144,51,2.644909620285034
gemma_t10,222008363,51,3.448549509048462
gemma_t10,222066712,51,3.2294137477874756
gemma_t10,222090330,51,2.888956069946289
gemma_t10,222090412,51,4.037961006164551
gemma_t10,222103842,51,3.2380950450897217
gemma_t10,222124366,51,3.5910322666168213
gemma_t10,222124934,51,2.4762871265411377
gemma_t10,222125099,51,4.2475361824035645
gemma_t10,222132916,51,4.144014835357666
gemma_t10,222133028,50,2.7872838973999023
gemma_t10,222133166,51,2.594357490539551
gemma_t10,222134074,51,2.31811261177063
gemma_t10,222134115,51,2.5631797313690186
gemma_t10,222140803,51,2.6975252628326416
gemma_t10,222140969,51,3.551583766937256
gemma_t10,222141043,51,3.6932623386383057
gemma_t10,222141045,51,2.000242233276367
gemma_t10,222141054,51,3.290590524673462
gemma_t10,222141056,51,3.469395637512207
gemma_t10,222141483,51,2.270801544189453
gemma_t10,222141790,51,3.3500852584838867
gemma_t10,222142129,51,2.7291765213012695
gemma_t10,222156681,51,3.0484280586242676
gemma_t10,222176890,51,4.217900276184082
gemma_t10,222177069,51,2.45110821723938
gemma_t10,222177127,51,2.164187431335449
gemma_t10,222177239,51,2.095771551132202
gemma_t10,222177485,51,3.2410898208618164
gemma_t10,222177762,51,3.075982093811035
gemma_t10,222177767,51,2.0247695446014404
gemma_t10,222177851,51,2.0407590866088867
gemma_t10,222205878,51,2.623955726623535
gemma_t10,222208701,51,3.9782707691192627
gemma_t10,222208714,51,3.502183675765991
gemma_t10,222208845,51,1.9964476823806763
gemma_t10,222208958,51,3.7014548778533936
gemma_t10,222208984,51,2.3646609783172607
gemma_t10,222209112,51,3.1943788528442383
gemma_t10,222225253,51,2.76560115814209
gemma_t10,222271911,51,2.588839530944824
gemma_t10,222272319,51,2.3202712535858154
gemma_t10,222272447,51,2.9346554279327393
gemma_t10,222290596,51,3.5855846405029297
gemma_t10,222290670,51,3.9310364723205566
gemma_t10,222290677,51,3.2159979343414307
gemma_t10,222290679,51,2.7671878337860107
gemma_t10,222290752,51,5.486095905303955
gemma_t10,222290851,51,2.656576633453369
gemma_t10,222291117,51,3.4835503101348877
gemma_t10,222291132,51,2.2027814388275146
gemma_t10,222291386,51,2.1738128662109375
gemma_t10,222291532,51,3.1151695251464844
gemma_t10,222291619,51,2.423194646835327
gemma_t10,222306079,51,2.9720301628112793
gemma_t10,222310116,51,3.0744457244873047
gemma_t10,222310469,51,2.218414783477783
gemma_t10,222310559,51,2.4007930755615234
gemma_t10,222310618,51,4.075763702392578
gemma_t10,222310689,51,1.8369638919830322
gemma_t10,222310761,51,2.361332416534424
gemma_t10,222310837,51,4.037984371185303
gemma_t10,222341502,51,2.935717821121216
gemma_t10,222341606,51,3.5989720821380615
gemma_t10,222341713,51,3.5505988597869873
gemma_t10,222341867,51,3.2656607627868652
gemma_t10,222377768,51,5.712347984313965
gemma_t10,222379195,51,2.987259864807129
gemma_t10,223953395,51,2.0048139095306396
gemma_t10,223953416,51,2.989891529083252
gemma_t10,223957053,51,3.4059739112854004
gemma_t10,224704949,51,3.2544453144073486
gemma_t10,224705337,51,2.5355536937713623
gemma_t10,224706384,51,2.386491537094116
gemma_t10,224724415,51,4.163895130157471
gemma_t10,224802782,51,3.306593656539917
gemma_t10,224803298,51,2.1355173587799072
gemma_t10,224803491,51,3.267658233642578
gemma_t10,224803588,51,4.011415958404541
gemma_t10,224814107,51,3.5280237197875977
gemma_t10,224818197,51,4.174949645996094
gemma_t10,225039884,51,2.5281472206115723
gemma_t10,225040672,51,2.394426107406616
gemma_t10,225041226,51,2.405397891998291
gemma_t10,225062282,51,2.4606847763061523
gemma_t10,225062337,51,2.8865413665771484
gemma_t10,225066679,51,2.2687692642211914
gemma_t10,225066984,51,3.467742681503296
gemma_t10,225067055,51,2.248516321182251
gemma_t10,225067077,51,2.37988543510437
gemma_t10,225067549,51,2.936786413192749
gemma_t10,225067563,51,3.5194010734558105
gemma_t10,225067713,51,3.3201217651367188
gemma_t10,225068329,51,2.9242475032806396
gemma_t10,225070214,51,2.886723518371582
gemma_t10,225074971,51,2.5774126052856445
gemma_t10,225075639,51,2.7394964694976807
gemma_t10,225094152,51,2.1258773803710938
gemma_t10,225103036,51,1.974822759628296
gemma_t10,226222232,51,3.4602174758911133
gemma_t10,226226607,51,4.632925033569336
gemma_t10,226226666,51,4.350398540496826
gemma_t10,226226744,51,3.4207401275634766
gemma_t10,226227390,51,3.8990464210510254
gemma_t10,226236740,51,2.7374441623687744
gemma_t10,226237179,51,1.8383688926696777
gemma_t10,226237546,51,2.4700822830200195
gemma_t10,226245979,51,2.306885242462158
gemma_t10,226254361,51,2.283134698867798
gemma_t10,226262191,51,3.7862491607666016
gemma_t10,226262204,51,3.147615671157837
gemma_t10,226262205,51,4.256119728088379
gemma_t10,226262224,51,2.344914197921753
gemma_t10,226262227,51,2.653925895690918
gemma_t10,226262252,51,2.4505763053894043
gemma_t10,226262263,51,2.3551104068756104
gemma_t10,226262266,51,2.7381093502044678
gemma_t10,226262283,51,3.2051498889923096
gemma_t10,226262284,51,2.3021929264068604
gemma_t10,226262316,51,3.4246840476989746
gemma_t10,226262325,51,2.051973819732666
gemma_t10,226262344,51,2.285719633102417
gemma_t10,226262349,51,2.7698352336883545
gemma_t10,226262425,51,2.6433298587799072
gemma_t10,226278099,51,2.1212973594665527
gemma_t10,226281376,51,2.4799246788024902
gemma_t10,226281660,51,3.6336967945098877
gemma_t10,226283452,51,1.7612327337265015
gemma_t10,226283533,51,3.059108257293701
gemma_t10,226283593,51,3.1448206901550293
gemma_t10,226283779,51,2.3818681240081787
gemma_t10,226283839,51,4.352121353149414
gemma_t10,226283910,51,3.7732138633728027
gemma_t10,226283984,51,2.081866979598999
gemma_t10,226284018,51,3.127167224884033
gemma_t10,227230267,51,1.9378758668899536
gemma_t10,227230896,51,2.4181575775146484
gemma_t10,227231059,51,3.430036783218384
gemma_t10,227231123,51,3.158052682876587
gemma_t10,227231240,51,2.6741554737091064
gemma_t10,227231454,51,2.967797040939331
gemma_t10,227231541,51,2.1572821140289307
gemma_t10,227231632,51,3.119863986968994
gemma_t10,227231689,51,2.499863862991333
gemma_t10,227255526,51,2.976599931716919
gemma_t10,227745074,51,3.447936773300171
gemma_t10,227840539,51,2.0237700939178467
gemma_t10,229152766,51,3.90830135345459
gemma_t10,229363636,51,4.383510589599609
gemma_t10,229365667,51,2.4299652576446533
gemma_t10,229365773,51,2.930342197418213
gemma_t10,229365839,51,3.018181324005127
gemma_t10,229371560,51,2.3986594676971436
gemma_t10,229376913,51,3.395176410675049
gemma_t10,229376920,51,4.043638229370117
gemma_t10,229679941,51,3.738076686859131
gemma_t10,229923069,51,1.8764146566390991
gemma_t10,229923118,51,3.09086012840271
gemma_t10,229923196,51,3.95221209526062
gemma_t10,229923207,51,3.0266895294189453
gemma_t10,229923220,51,3.4555749893188477
gemma_t10,229923438,51,2.657660722732544
gemma_t10,229923538,51,2.540203809738159
gemma_t10,229923551,51,3.41324520111084
gemma_t10,229923747,51,2.8325910568237305
gemma_t10,229923749,51,3.0251269340515137
gemma_t10,229923903,51,2.8391025066375732
gemma_t10,229924005,51,2.4475114345550537
gemma_t10,229924184,51,2.6114652156829834
gemma_t10,229924220,51,2.933509111404419
gemma_t10,229924402,51,4.024914264678955
gemma_t10,230119728,51,2.073298931121826
gemma_t10,230433978,51,2.9985194206237793
gemma_t10,230434014,51,3.62567138671875
gemma_t10,230437591,51,2.8652455806732178
gemma_t10,230437613,51,2.774005651473999
gemma_t10,230438816,51,3.0812056064605713
gemma_t10,231572779,51,2.1274330615997314
gemma_t10,231592914,51,3.3278346061706543
gemma_t10,231648372,51,3.768730401992798
gemma_t10,231698419,51,2.207280158996582
gemma_t10,231698657,51,2.805122137069702
gemma_t10,231704318,51,3.0808141231536865
gemma_t10,231718729,51,2.991112232208252
gemma_t10,231719525,51,3.0399701595306396
gemma_t10,231740666,51,2.7440969944000244
gemma_t10,231749968,51,2.6265499591827393
gemma_t10,231750020,51,1.8287467956542969
gemma_t10,231879840,51,1.86077082157135
gemma_t10,231951460,51,2.932391405105591
gemma_t10,232147874,51,3.738945722579956
gemma_t10,232185112,51,2.980543375015259
gemma_t10,232185275,51,2.8166372776031494
gemma_t10,232185425,51,1.7459417581558228
gemma_t10,232185439,51,2.5381267070770264
gemma_t10,232222189,51,2.7238900661468506
gemma_t10,232233408,51,3.974180221557617
gemma_t10,232233599,51,2.5120882987976074
gemma_t10,232240181,51,3.172671318054199
gemma_t10,232257699,51,2.9527554512023926
gemma_t10,232307006,51,2.387681007385254
gemma_t10,232307434,51,2.6183295249938965
gemma_t10,232307483,51,2.765530824661255
gemma_t10,232335602,51,4.0383381843566895
gemma_t10,232335863,51,2.524709701538086
gemma_t10,232404131,51,2.386094808578491
gemma_t10,232478685,51,2.425236940383911
gemma_t10,233004708,51,2.409604072570801
gemma_t10,233033916,51,3.550954580307007
gemma_t10,233189542,51,4.679514408111572
gemma_t10,233189569,51,2.6628634929656982
gemma_t10,233204406,51,2.743638038635254
gemma_t10,233209848,51,2.048018455505371
gemma_t10,233210110,51,4.026813507080078
gemma_t10,233210195,51,2.9464900493621826
gemma_t10,233210199,51,2.9358932971954346
gemma_t10,233210367,51,2.1335606575012207
gemma_t10,233210556,51,2.6485097408294678
gemma_t10,233219387,51,2.6967310905456543
gemma_t10,233219395,51,2.105062961578369
gemma_t10,233219660,51,3.1036579608917236
gemma_t10,233219933,51,2.742466926574707
gemma_t10,233231453,51,3.432352304458618
gemma_t10,233231592,51,3.475957155227661
gemma_t10,233240744,51,2.4494736194610596
gemma_t10,233240759,51,2.620696544647217
gemma_t10,233240823,51,3.042820930480957
gemma_t10,233241004,51,2.648211717605591
gemma_t10,233241070,51,3.0235579013824463
gemma_t10,233241169,51,3.7873942852020264
gemma_t10,233289620,51,3.073516607284546
gemma_t10,233289621,51,2.195415496826172
gemma_t10,233289750,51,3.4450783729553223
gemma_t10,233296168,51,3.053985118865967
gemma_t10,233296182,51,3.113629102706909
gemma_t10,233296487,51,3.442580223083496
gemma_t10,233296511,51,3.0826919078826904
gemma_t10,233296655,51,3.276148557662964
gemma_t10,233296689,51,3.111952304840088
gemma_t10,233296709,51,2.4689266681671143
gemma_t10,233296775,51,2.524920701980591
gemma_t10,233297024,51,3.2996068000793457
gemma_t10,233304563,51,1.6706782579421997
gemma_t10,233324564,51,3.5746285915374756
gemma_t10,233365172,51,2.862536668777466
gemma_t10,233365339,51,3.001272678375244
gemma_t10,233423658,51,1.92841374874115
gemma_t10,233444226,51,3.336608409881592
gemma_t10,233481097,51,3.5273385047912598
gemma_t10,233864627,51,4.799904823303223
gemma_t10,234334712,51,2.352635383605957
gemma_t10,234335834,51,3.3562943935394287
gemma_t10,234337605,51,4.096072196960449
gemma_t10,234341137,51,4.069400787353516
gemma_t10,234469638,51,2.2293641567230225
gemma_t10,234469858,51,4.2849555015563965
gemma_t10,234679287,51,2.1962413787841797
gemma_t10,234679391,51,2.6670703887939453
gemma_t10,234681504,51,3.243631601333618
gemma_t10,234741719,51,3.9565305709838867
gemma_t10,234762936,51,4.007473468780518
gemma_t10,234763248,51,2.758619785308838
gemma_t10,234778136,51,2.275841474533081
gemma_t10,234790219,51,2.6981008052825928
gemma_t10,235097275,51,2.0747952461242676
gemma_t10,235097294,51,3.478440046310425
gemma_t10,235097313,51,3.016230583190918
gemma_t10,235097561,51,2.4868483543395996
gemma_t10,235097625,51,2.769451856613159
gemma_t10,235097662,51,2.0717380046844482
gemma_t10,235125628,51,2.5068604946136475
gemma_t10,235166279,51,3.6003963947296143
gemma_t10,235166395,51,2.9771742820739746
gemma_t10,235166497,51,3.2237696647644043
gemma_t10,235187032,51,2.53261137008667
gemma_t10,235196029,51,3.035937786102295
gemma_t10,235196067,51,2.7765045166015625
gemma_t10,235212088,51,2.6373565196990967
gemma_t10,235248187,51,2.2488837242126465
gemma_t10,235253782,51,2.649801731109619
gemma_t10,235253912,51,2.1927785873413086
gemma_t10,235254048,51,2.163792610168457
gemma_t10,235254574,51,2.2486515045166016
gemma_t10,235254732,51,2.98651123046875
gemma_t10,235254796,51,2.3857860565185547
gemma_t10,235265858,51,2.381531000137329
gemma_t10,235266233,51,2.729142427444458
gemma_t10,235266322,51,3.974290370941162
gemma_t10,235266324,51,3.1216623783111572
gemma_t10,235293739,51,2.722304105758667
gemma_t10,235293774,51,2.4457788467407227
gemma_t10,235293802,51,2.444399833679199
gemma_t10,235293967,51,2.9961702823638916
gemma_t10,235294002,51,4.4179253578186035
gemma_t10,235294081,51,2.678354501724243
gemma_t10,235294296,51,3.3119618892669678
gemma_t10,235313431,51,3.0310866832733154
gemma_t10,235313469,51,2.5468685626983643
gemma_t10,235313508,51,2.1478254795074463
gemma_t10,235313546,51,2.0865931510925293
gemma_t10,235313658,51,2.6737060546875
gemma_t10,235313785,51,3.3416008949279785
gemma_t10,235313788,51,2.7108702659606934
gemma_t10,235313818,51,2.2112228870391846
gemma_t10,235313879,51,3.2693917751312256
gemma_t10,235313916,51,3.383399724960327
gemma_t10,235313996,51,3.1363558769226074
gemma_t10,235352646,51,3.0506508350372314
gemma_t10,235358130,51,3.1110846996307373
gemma_t10,235358897,51,3.086778163909912
gemma_t10,235358955,51,2.5368857383728027
gemma_t10,235359141,51,3.6089093685150146
gemma_t10,235364002,51,1.9211331605911255
gemma_t10,235364036,51,3.1770877838134766
gemma_t10,235367681,51,2.7887215614318848
gemma_t10,235368202,51,1.824745535850525
gemma_t10,235390503,51,2.170713186264038
gemma_t10,235391043,51,2.742001533508301
gemma_t10,235415270,51,4.158639907836914
gemma_t10,235417102,51,3.128279447555542
gemma_t10,235417177,51,2.381319284439087
gemma_t10,235417503,51,3.711681604385376
gemma_t10,235422047,51,2.8878464698791504
gemma_t10,235433328,51,2.2762291431427
gemma_t10,235446895,51,2.0934841632843018
gemma_t10,235457983,51,1.7606298923492432
gemma_t10,235458570,51,2.5358691215515137
gemma_t10,235458620,51,2.7292966842651367
gemma_t10,235458643,51,3.7685141563415527
gemma_t10,235485451,51,2.7903785705566406
gemma_t10,235490087,51,3.7693593502044678
gemma_t10,235652287,51,3.00951886177063
gemma_t10,235669861,51,2.6619949340820312
gemma_t10,235683062,51,3.4181177616119385
gemma_t10,235683485,51,2.935915946960449
gemma_t10,235694265,51,4.044466495513916
gemma_t10,235720578,51,3.357438087463379
gemma_t10,235794968,51,2.634591817855835
gemma_t10,235795670,51,2.662794351577759
gemma_t10,235828923,51,2.516826868057251
gemma_t10,235828943,51,1.6773335933685303
gemma_t10,235898896,51,2.920992612838745
gemma_t10,236087808,51,3.104665994644165
gemma_t10,236171157,51,3.4411544799804688
gemma_t10,236428724,51,1.9124690294265747
gemma_t10,236428961,51,2.4371073246002197
gemma_t10,236459819,51,2.6259028911590576
gemma_t10,236459826,51,3.0505735874176025
gemma_t10,236459873,51,2.4526631832122803
gemma_t10,236459933,51,3.047855854034424
gemma_t10,236459946,51,2.2033374309539795
gemma_t10,236459953,51,3.7725648880004883
gemma_t10,236460001,51,3.407650947570801
gemma_t10,236460053,51,3.5278592109680176
gemma_t10,236460056,51,3.295198440551758
gemma_t10,236460087,51,2.1094422340393066
gemma_t10,236460102,51,3.364122152328491
gemma_t10,236460230,51,1.9624322652816772
gemma_t10,236460239,51,3.708987236022949
gemma_t10,236460257,51,2.544262170791626
gemma_t10,236460275,51,3.6207990646362305
gemma_t10,236460302,51,3.720794200897217
gemma_t10,236460322,51,2.4874260425567627
gemma_t10,236477365,51,2.4388530254364014
gemma_t10,236477682,51,3.097085475921631
gemma_t10,236477844,51,3.3744139671325684
gemma_t10,236477909,51,2.2056596279144287
gemma_t10,236478188,51,2.8131215572357178
gemma_t10,236478383,51,2.9918363094329834
gemma_t10,236912915,51,4.023306846618652
gemma_t10,236924832,51,2.829807758331299
gemma_t10,236956577,51,3.1236140727996826
gemma_t10,237091377,51,2.116387128829956
gemma_t10,237213465,51,2.037533760070801
gemma_t10,237251782,51,3.6309897899627686
gemma_t10,237263305,51,3.606609344482422
gemma_t10,237304047,51,3.103757858276367
gemma_t10,237304067,51,2.865523338317871
gemma_t10,237304520,51,2.2623605728149414
gemma_t10,237346893,51,3.6607258319854736
gemma_t10,237346897,51,4.170231819152832
gemma_t10,237347122,51,2.357238292694092
gemma_t10,237353665,51,2.435114622116089
gemma_t10,237365058,51,2.499990940093994
gemma_t10,237386676,51,2.0588202476501465
gemma_t10,237416760,51,2.9876718521118164
gemma_t10,237420398,51,2.096302032470703
gemma_t10,237420821,51,2.4027817249298096
gemma_t10,237421373,51,3.583591938018799
gemma_t10,237431340,51,5.027887344360352
gemma_t10,237433655,51,2.9002997875213623
gemma_t10,237439400,51,2.5591962337493896
gemma_t10,237440319,51,2.1524651050567627
gemma_t10,237442211,51,3.8187379837036133
gemma_t10,237442331,51,5.1527628898620605
gemma_t10,237452184,51,3.5703935623168945
gemma_t10,237452236,51,2.753941059112549
gemma_t10,237453242,51,2.165588140487671
gemma_t10,237453543,51,2.740098237991333
gemma_t10,237453590,51,2.207787036895752
gemma_t10,237454564,51,2.594369649887085
gemma_t10,237485098,51,2.7192130088806152
gemma_t10,237485454,51,2.4828367233276367
gemma_t10,237485472,51,3.0566256046295166
gemma_t10,237485586,51,2.908738374710083
gemma_t10,237490811,51,3.218571901321411
gemma_t10,237491053,51,3.276794910430908
gemma_t10,237491444,51,2.4435806274414062
gemma_t10,237491751,51,3.521202325820923
gemma_t10,237492043,51,2.287088632583618
gemma_t10,237492197,51,3.2062392234802246
gemma_t10,237500283,51,2.694377899169922
gemma_t10,237504105,51,2.169792652130127
gemma_t10,237507028,51,5.891129493713379
gemma_t10,237513360,51,2.5681092739105225
gemma_t10,237532321,51,2.1112382411956787
gemma_t10,237532404,51,2.4136459827423096
gemma_t10,237561567,51,3.219194173812866
gemma_t10,237562875,51,2.5446808338165283
gemma_t10,237562927,51,4.216632843017578
gemma_t10,237568724,51,3.9118592739105225
gemma_t10,237571370,51,1.7457902431488037
gemma_t10,237571691,51,2.690358877182007
gemma_t10,237572304,51,3.36245059967041
gemma_t10,237581068,51,2.224285125732422
gemma_t10,237698810,51,3.3280277252197266
gemma_t10,237940082,51,3.003854513168335
gemma_t10,237940206,51,4.272958755493164
gemma_t10,237940558,51,2.6099765300750732
gemma_t10,238198104,51,2.4886562824249268
gemma_t10,238198383,51,3.7920732498168945
gemma_t10,238226978,51,2.9877660274505615
gemma_t10,238259221,51,2.172029733657837
gemma_t10,238259403,51,2.8899691104888916
gemma_t10,238634750,51,3.7084567546844482
gemma_t10,238744497,51,2.3113133907318115
gemma_t10,238856828,51,2.6011807918548584
gemma_t10,238856900,51,2.8150293827056885
gemma_t10,238857078,51,2.120267868041992
gemma_t10,238857121,51,4.035481929779053
gemma_t10,238857301,51,3.935565948486328
gemma_t10,238857304,51,3.7377207279205322
gemma_t10,239009558,51,3.276703119277954
gemma_t10,239009606,51,2.799600124359131
gemma_t10,239015827,51,2.8003947734832764
gemma_t10,239015946,51,3.375429153442383
gemma_t10,239016123,51,3.8572142124176025
gemma_t10,239016717,51,1.7278660535812378
gemma_t10,239016893,51,2.6016294956207275
gemma_t10,239049842,51,2.6873106956481934
gemma_t10,240225648,51,2.519796848297119
gemma_t10,240288892,51,3.599492311477661
gemma_t10,241032941,51,2.763093948364258
gemma_t10,241033259,51,4.135326862335205
gemma_t10,241583340,51,3.678090810775757
gemma_t10,241583576,51,1.8835097551345825
gemma_t10,243865127,51,2.590768575668335
gemma_t10,243865204,51,2.8065521717071533
gemma_t10,243865235,51,2.839238166809082
gemma_t10,243865296,51,2.36197829246521
gemma_t10,243865314,51,2.0660250186920166
gemma_t10,243865355,51,3.0261478424072266
gemma_t10,243865391,51,3.410057306289673
gemma_t10,243865395,51,2.770415782928467
gemma_t10,243865399,51,4.4476447105407715
gemma_t10,244117167,51,2.800642728805542
gemma_t10,244909056,51,3.072681427001953
gemma_t10,245124270,51,2.372096538543701
gemma_t10,245130931,51,4.990330696105957
gemma_t10,245131402,51,2.874910593032837
gemma_t10,245144752,51,2.8354604244232178
gemma_t10,245218563,51,2.495879888534546
gemma_t10,245218671,51,4.252248764038086
gemma_t10,245218982,51,2.7631990909576416
gemma_t10,245219268,51,3.0686709880828857
gemma_t10,245219282,51,3.658740997314453
gemma_t10,245334784,51,2.22529935836792
gemma_t10,245836939,51,3.6785950660705566
gemma_t10,245853756,51,2.1439950466156006
gemma_t10,245855870,51,2.639117479324341
gemma_t10,246016271,51,3.296025276184082
gemma_t10,246017095,51,2.776728630065918
gemma_t10,246063436,51,1.9474270343780518
gemma_t10,246867373,51,2.6205854415893555
gemma_t10,247158838,51,3.8549859523773193
gemma_t10,247159046,51,2.299130916595459
gemma_t10,247187588,51,3.1497867107391357
gemma_t10,247222710,51,2.9582250118255615
gemma_t10,247291740,51,2.396960496902466
gemma_t10,247315166,51,3.1302058696746826
gemma_t10,247315260,51,2.321312427520752
gemma_t10,247362971,51,2.387775421142578
gemma_t10,247411350,51,2.709437847137451
gemma_t10,247446572,51,2.856459379196167
gemma_t10,247446894,51,2.2680511474609375
gemma_t10,247447662,51,3.160822629928589
gemma_t10,247450580,51,1.8441524505615234
gemma_t10,247450969,51,3.4144480228424072
gemma_t10,247451025,51,1.9708786010742188
gemma_t10,247451243,51,2.711118221282959
gemma_t10,247475919,51,5.175066947937012
gemma_t10,247518984,51,2.405062437057495
gemma_t10,247519084,51,3.361280918121338
gemma_t10,247593812,51,2.471054792404175
gemma_t10,247594302,51,4.294670104980469
gemma_t10,247594716,51,2.2262096405029297
gemma_t10,247594869,51,2.109830617904663
gemma_t10,247595094,51,3.046614646911621
gemma_t10,247595225,51,2.606008291244507
gemma_t10,247596835,51,3.0416147708892822
gemma_t10,247748640,51,2.585930824279785
gemma_t10,247748753,51,3.105375289916992
gemma_t10,247748809,51,4.784228324890137
gemma_t10,247762948,51,2.387770175933838
gemma_t10,247792843,51,3.5787713527679443
gemma_t10,247849293,51,3.0402042865753174
gemma_t10,247958465,51,3.6992716789245605
gemma_t10,248069378,51,2.9110474586486816
gemma_t10,248085045,51,3.2987492084503174
gemma_t10,248118588,51,2.285905122756958
gemma_t10,248118703,51,2.125617742538452
gemma_t10,248157348,51,3.1336681842803955
gemma_t10,248227577,51,2.703197479248047
gemma_t10,248227660,51,2.67106032371521
gemma_t10,248239933,51,1.98679780960083
gemma_t10,248377325,51,3.448532819747925
gemma_t10,248377585,51,2.1044132709503174
gemma_t10,248406097,51,2.5813472270965576
gemma_t10,248427016,51,2.074799060821533
gemma_t10,248476156,51,2.1752614974975586
gemma_t10,248512779,51,2.7778828144073486
gemma_t10,248524999,51,3.9635841846466064
gemma_t10,248721950,51,2.5260934829711914
gemma_t10,248779865,51,4.778836250305176
gemma_t10,248780015,51,3.047213077545166
gemma_t10,248780118,51,2.421015501022339
gemma_t10,248780173,51,2.4780609607696533
gemma_t10,248780372,51,2.161818504333496
gemma_t10,248780440,51,3.1421780586242676
gemma_t10,248780469,51,2.686061143875122
gemma_t10,248780517,51,1.8522037267684937
gemma_t10,248811704,51,2.598468542098999
gemma_t10,248888019,51,2.021955728530884
gemma_t10,248962000,51,1.9852211475372314
gemma_t10,248987526,51,5.085521697998047
gemma_t10,249062699,51,2.9836177825927734
gemma_t10,249062866,51,3.138478994369507
gemma_t10,249151979,51,2.3494508266448975
gemma_t10,249172784,51,2.017777442932129
gemma_t10,249209909,51,1.8229447603225708
gemma_t10,249240598,51,2.9117472171783447
gemma_t10,249687727,51,4.169288635253906
gemma_t10,250311114,51,3.7008910179138184
gemma_t10,250390839,51,1.7901073694229126
gemma_t10,250390923,51,2.355271816253662
gemma_t10,251765463,51,2.9458673000335693
gemma_t10,252089779,51,2.2114362716674805
gemma_t10,252439211,51,2.5868735313415527
gemma_t10,252693442,51,2.2352652549743652
gemma_t10,252735160,51,3.306201696395874
gemma_t10,252735212,51,3.116528272628784
gemma_t10,252762414,51,2.6047263145446777
gemma_t10,252780775,51,2.617072105407715
gemma_t10,252815378,51,2.5462982654571533
gemma_t10,252846273,51,2.802337408065796
gemma_t10,252873593,51,3.200807571411133
gemma_t10,252907428,51,3.4118762016296387
gemma_t10,252967945,51,2.9688732624053955
gemma_t10,252992571,51,2.5697414875030518
gemma_t10,253018348,51,1.9569282531738281
gemma_t10,253097741,51,3.061570644378662
gemma_t10,253098632,51,2.2040090560913086
gemma_t10,253107167,51,2.1453778743743896
gemma_t10,253157899,51,2.472465753555298
gemma_t10,253224433,51,3.137819528579712
gemma_t10,253237701,51,2.9885923862457275
gemma_t10,253244049,51,3.8121087551116943
gemma_t10,253420743,51,3.9975175857543945
gemma_t10,253447251,51,1.9687249660491943
gemma_t10,253510953,51,2.518637180328369
gemma_t10,253735139,51,2.4204068183898926
gemma_t10,253762071,51,2.734496831893921
gemma_t10,254275120,51,2.2727227210998535
gemma_t10,254591242,51,4.549829483032227
gemma_t10,254686088,51,2.448437213897705
gemma_t10,254823156,51,2.370232582092285
gemma_t10,254854009,51,2.0186879634857178
gemma_t10,254854257,51,2.4575819969177246
gemma_t10,254854495,51,4.148000717163086
gemma_t10,254877229,51,2.9134984016418457
gemma_t10,254877371,51,2.944795846939087
gemma_t10,254877569,51,3.262312889099121
gemma_t10,254877590,51,3.8595614433288574
gemma_t10,256461033,51,3.1345443725585938
gemma_t10,257365015,51,2.930263042449951
gemma_t10,257833897,51,3.1303775310516357
gemma_t10,258352678,51,3.490421772003174
gemma_t10,258378275,51,2.727003574371338
gemma_t10,258480165,51,3.010268449783325
gemma_t10,258547173,51,4.234663009643555
gemma_t10,258762343,51,2.867534637451172
gemma_t10,258822870,51,3.685131788253784
gemma_t10,258832427,51,2.8828248977661133
gemma_t10,258865558,51,2.5244572162628174
gemma_t10,258887946,51,2.649613380432129
gemma_t10,258947457,51,2.6554207801818848
gemma_t10,258967265,51,3.248335123062134
gemma_t10,259251773,51,3.375048875808716
gemma_t10,259370700,51,3.486604928970337
gemma_t10,259370817,51,3.788860559463501
gemma_t10,259370847,51,2.868292808532715
gemma_t10,259847758,51,3.155031681060791
gemma_t10,260316324,51,2.3786892890930176
gemma_t10,260490640,51,3.6981167793273926
gemma_t10,260537993,51,2.8348331451416016
gemma_t10,260557571,51,2.988490104675293
gemma_t10,260704223,51,3.3273391723632812
gemma_t10,261432085,51,2.8209235668182373
gemma_t10,263266654,51,3.511122226715088
gemma_t10,263334529,51,2.363616466522217
gemma_t10,263610040,51,2.9811956882476807
gemma_t10,263797079,51,1.890273928642273
gemma_t10,263797641,51,3.484626054763794
gemma_t10,263864711,51,3.913356304168701
gemma_t10,263876556,51,2.2099554538726807
gemma_t10,263877300,51,2.4970414638519287
gemma_t10,263883914,51,1.6121495962142944
gemma_t10,263883936,51,2.649841070175171
gemma_t10,264147090,51,3.3197827339172363
gemma_t10,264591429,51,6.358772277832031
gemma_t10,264719695,51,3.9872920513153076
gemma_t10,265067269,51,2.57818603515625
gemma_t10,265157516,51,3.016735076904297
gemma_t10,265157884,51,3.80665922164917
gemma_t10,265212821,51,4.393723487854004
gemma_t10,265221210,51,4.461277008056641
gemma_t10,265607943,51,2.0400195121765137
gemma_t10,265608038,51,3.0861191749572754
gemma_t10,265608057,51,1.6616945266723633
gemma_t10,265962751,51,3.123091459274292
gemma_t10,268357635,51,3.2863426208496094
gptoss,543,51,3.2620761394500732
gptoss,1105,51,5.639709949493408
gptoss,1587,51,3.377962112426758
gptoss,17355,51,3.1957826614379883
gptoss,20744,51,3.798726797103882
gptoss,39011,51,3.4126694202423096
gptoss,41263,51,4.106194496154785
gptoss,61274,51,3.140655040740967
gptoss,89639,51,3.7871501445770264
gptoss,92327,51,3.413814067840576
gptoss,94285,51,4.253660678863525
gptoss,96824,51,4.260873317718506
gptoss,106054,51,4.995546340942383
gptoss,115174,51,5.045208930969238
gptoss,122829,51,2.5709691047668457
gptoss,126584,51,2.6211819648742676
gptoss,133195,51,3.900909423828125
gptoss,138716,51,3.1365818977355957
gptoss,139787,51,3.2333250045776367
gptoss,141282,51,3.5126566886901855
gptoss,142368,51,2.6271026134490967
gptoss,146843,51,3.4012975692749023
gptoss,151184,51,3.065377950668335
gptoss,162169,51,2.4302711486816406
gptoss,173611,51,2.837205648422241
gptoss,203279,51,3.284663677215576
gptoss,207468,51,4.601622104644775
gptoss,217895,51,2.696497917175293
gptoss,220553,51,2.829277515411377
gptoss,223637,51,4.038893222808838
gptoss,230735,51,3.745894193649292
gptoss,235645,51,2.6477677822113037
gptoss,247735,51,3.5218660831451416
gptoss,256149,51,3.0674920082092285
gptoss,259144,51,4.516539096832275
gptoss,306227,51,4.298146724700928
gptoss,326903,51,4.38044548034668
gptoss,337390,51,4.086348533630371
gptoss,338760,51,2.906856060028076
gptoss,340852,51,3.368152618408203
gptoss,384520,51,3.679112434387207
gptoss,406026,51,3.2300398349761963
gptoss,414569,51,3.577953815460205
gptoss,437687,51,3.2498910427093506
gptoss,441563,51,3.5563182830810547
gptoss,472478,51,3.2210185527801514
gptoss,497108,51,3.9847512245178223
gptoss,524450,51,3.8301615715026855
gptoss,557620,51,3.3144030570983887
gptoss,560565,51,3.2118561267852783
gptoss,574574,51,3.591384172439575
gptoss,577805,51,4.41838264465332
gptoss,600412,51,5.044412612915039
gptoss,605706,51,3.4119834899902344
gptoss,617993,51,3.9201459884643555
gptoss,630188,51,3.4118106365203857
gptoss,631855,51,4.444342613220215
gptoss,652921,51,3.337951898574829
gptoss,687037,51,2.9162662029266357
gptoss,696805,51,3.658193588256836
gptoss,725590,51,4.317351818084717
gptoss,744471,51,3.522731065750122
gptoss,747342,51,3.7733805179595947
gptoss,767485,51,3.253277540206909
gptoss,836219,51,4.669666290283203
gptoss,842881,51,5.632632732391357
gptoss,845121,51,2.639301061630249
gptoss,857321,51,3.252455949783325
gptoss,862713,51,3.93691086769104
gptoss,870211,51,3.835697889328003
gptoss,881437,51,3.1876232624053955
gptoss,905565,51,4.4431562423706055
gptoss,930231,51,3.604856491088867
gptoss,931054,51,2.9805030822753906
gptoss,940795,51,3.9118154048919678
gptoss,950358,51,2.547377824783325
gptoss,955518,51,3.3112053871154785
gptoss,969555,51,6.156595230102539
gptoss,989439,51,3.499251127243042
gptoss,1040556,51,3.934755325317383
gptoss,1044865,51,3.4726574420928955
gptoss,1066490,51,3.862034559249878
gptoss,1077383,51,3.4280455112457275
gptoss,1104123,51,4.318449020385742
gptoss,1117579,51,4.228387832641602
gptoss,1125916,51,3.350163459777832
gptoss,1137329,51,4.025843143463135
gptoss,1139225,51,2.857578754425049
gptoss,1139492,51,3.2065131664276123
gptoss,1234375,51,3.293504238128662
gptoss,1240016,51,2.2488369941711426
gptoss,1254267,51,4.3481645584106445
gptoss,1260035,51,4.927917957305908
gptoss,1267472,51,2.6620965003967285
gptoss,1269020,51,2.741924285888672
gptoss,1311547,51,2.8596243858337402
gptoss,1336493,51,3.6313183307647705
gptoss,1356505,51,3.2114551067352295
gptoss,1389483,51,4.265777587890625
gptoss,1434196,51,2.980731248855591
gptoss,1499080,51,3.3006372451782227
gptoss,1508909,51,3.6860506534576416
gptoss,1511192,51,3.601649522781372
gptoss,1541076,51,3.837949752807617
gptoss,1553193,51,4.524050712585449
gptoss,1563223,51,4.577910900115967
gptoss,1564278,51,3.6248767375946045
gptoss,1567400,51,3.0376999378204346
gptoss,1570443,51,3.2346084117889404
gptoss,1642392,51,3.284425735473633
gptoss,1662415,51,3.752147912979126
gptoss,1675452,51,3.1826281547546387
gptoss,1689426,51,4.004787921905518
gptoss,1707814,51,4.808175563812256
gptoss,1762731,51,5.2437639236450195
gptoss,1766244,51,3.9493906497955322
gptoss,1770102,51,3.5715291500091553
gptoss,1774259,51,4.39686918258667
gptoss,1828592,51,3.0710268020629883
gptoss,1828713,51,3.775482177734375
gptoss,1848109,51,3.022887706756592
gptoss,1854889,51,3.9584972858428955
gptoss,1862889,51,2.825455904006958
gptoss,1880070,51,4.038117408752441
gptoss,1919756,51,3.6671035289764404
gptoss,1929239,51,5.044494152069092
gptoss,1966079,51,3.7492129802703857
gptoss,1969767,51,4.808929920196533
gptoss,1992250,51,3.160743236541748
gptoss,2012188,51,3.203984498977661
gptoss,2021980,51,4.871277332305908
gptoss,2061169,51,4.0990214347839355
gptoss,2061341,51,3.817087411880493
gptoss,2131938,51,3.970416784286499
gptoss,2140766,51,3.9425711631774902
gptoss,2146847,51,6.280867099761963
gptoss,2159818,51,5.223703384399414
gptoss,2162648,51,3.6319997310638428
gptoss,2162860,51,3.5308454036712646
gptoss,2201909,51,3.677622079849243
gptoss,2204603,51,3.5309717655181885
gptoss,2204967,51,3.5292038917541504
gptoss,2213896,51,3.662566900253296
gptoss,2216180,51,2.0556576251983643
gptoss,2228719,51,4.419212341308594
gptoss,2233498,51,3.4774391651153564
gptoss,2250656,51,2.958805561065674
gptoss,2267179,51,3.386836290359497
gptoss,2271146,51,2.950037717819214
gptoss,2302492,51,3.5691299438476562
gptoss,2303379,51,3.591162919998169
gptoss,2317858,51,3.5776050090789795
gptoss,2318481,51,4.328633785247803
gptoss,2325074,51,3.372772216796875
gptoss,2334067,51,3.1956892013549805
gptoss,2367456,51,3.668147325515747
gptoss,2380086,51,3.4756884574890137
gptoss,2390655,51,2.904705047607422
gptoss,2418468,51,4.578909397125244
gptoss,2425494,51,3.8134055137634277
gptoss,2426309,51,3.6939895153045654
gptoss,2434362,51,2.9955267906188965
gptoss,2454882,51,3.566295623779297
gptoss,2493033,51,2.8561408519744873
gptoss,2496355,51,4.0139479637146
gptoss,2556949,51,5.420638561248779
gptoss,2574224,51,3.133063554763794
gptoss,2592133,51,3.820035696029663
gptoss,2593903,51,3.5601820945739746
gptoss,2597568,51,4.019629001617432
gptoss,2623009,51,3.8697023391723633
gptoss,2625301,51,3.4647929668426514
gptoss,2654931,51,3.318615198135376
gptoss,2717698,51,5.024991512298584
gptoss,2742513,51,4.210483074188232
gptoss,2760254,51,3.767347574234009
gptoss,2782776,51,3.8196299076080322
gptoss,2783746,51,5.050851345062256
gptoss,2790679,51,4.032769203186035
gptoss,2797612,51,3.730929136276245
gptoss,2812117,51,3.522691011428833
gptoss,2816661,51,4.16267204284668
gptoss,2820782,51,4.480047225952148
gptoss,2839348,51,3.588869094848633
gptoss,2844066,51,3.5596683025360107
gptoss,2867243,51,4.411139965057373
gptoss,2868247,51,3.1510214805603027
gptoss,2882092,51,3.668050765991211
gptoss,2887257,51,3.3432936668395996
gptoss,2897037,51,2.6266918182373047
gptoss,2905151,51,2.485943078994751
gptoss,2937095,51,4.6811747550964355
gptoss,2944650,51,3.6148736476898193
gptoss,2948298,51,3.463994264602661
gptoss,2952144,51,4.589243412017822
gptoss,2973141,51,2.749488115310669
gptoss,2986205,51,3.3637964725494385
gptoss,2990483,51,3.1005806922912598
gptoss,3016990,51,4.901740550994873
gptoss,3033303,51,3.0017213821411133
gptoss,3051772,51,5.145378589630127
gptoss,3063394,51,3.050790548324585
gptoss,3065236,51,3.4939279556274414
gptoss,3083231,51,3.0597081184387207
gptoss,3089175,51,2.7904415130615234
gptoss,3101865,51,4.263967514038086
gptoss,3127682,51,5.1489176750183105
gptoss,3130692,51,4.312341213226318
gptoss,3132651,51,4.635505199432373
gptoss,3144258,51,4.158068656921387
gptoss,3160937,51,3.5771801471710205
gptoss,3202289,51,4.261986255645752
gptoss,3221856,51,3.518252372741699
gptoss,3222040,51,3.1470324993133545
gptoss,3257353,51,4.918545246124268
gptoss,3262717,51,3.198396682739258
gptoss,3265924,51,4.766599178314209
gptoss,3274110,51,3.971130609512329
gptoss,3278107,51,3.6887869834899902
gptoss,3282953,51,3.4843997955322266
gptoss,3291104,51,2.8962440490722656
gptoss,3295641,51,4.327713489532471
gptoss,3351788,51,3.3022444248199463
gptoss,3401524,51,3.6428186893463135
gptoss,3413244,51,3.782834529876709
gptoss,3426453,51,3.5397729873657227
gptoss,3438497,51,5.503236293792725
gptoss,3504755,51,3.5693044662475586
gptoss,3510042,51,3.314804792404175
gptoss,3514435,51,3.826678514480591
gptoss,3526062,51,3.448820114135742
gptoss,3526501,51,3.0614492893218994
gptoss,3527244,51,4.829529285430908
gptoss,3527842,51,4.570077896118164
gptoss,3536005,51,3.2091784477233887
gptoss,3555187,51,3.2981865406036377
gptoss,3565485,51,3.058258056640625
gptoss,3576631,51,3.4579005241394043
gptoss,3598758,51,3.6800241470336914
gptoss,3623373,51,3.1083240509033203
gptoss,3641676,51,4.457711219787598
gptoss,3656086,51,3.0121335983276367
gptoss,3662564,51,3.8575291633605957
gptoss,3666937,51,3.3242385387420654
gptoss,3677429,51,4.438284397125244
gptoss,3718988,51,4.5221848487854
gptoss,3792324,51,3.7627930641174316
gptoss,3806582,51,3.8961474895477295
gptoss,3882054,51,3.9410362243652344
gptoss,3896491,51,3.384032964706421
gptoss,3913537,51,4.486860275268555
gptoss,3932228,51,3.0066115856170654
gptoss,3933075,51,3.2211716175079346
gptoss,4248450,51,2.5159995555877686
gptoss,4310945,51,3.339144229888916
gptoss,4311707,51,2.547677516937256
gptoss,4354069,51,2.243947982788086
gptoss,4406182,51,3.7263731956481934
gptoss,4411469,51,4.366128921508789
gptoss,4460159,51,3.3502795696258545
gptoss,4547415,51,4.5103631019592285
gptoss,4588148,51,4.787647247314453
gptoss,4623739,51,4.896946430206299
gptoss,4654482,51,3.1745035648345947
gptoss,4698173,51,3.6018600463867188
gptoss,4702087,51,3.202423572540283
gptoss,4715568,51,4.296796798706055
gptoss,4732544,51,2.9826245307922363
gptoss,4792796,51,3.1084604263305664
gptoss,4829361,51,4.300049781799316
gptoss,4859003,51,3.287271499633789
gptoss,4891749,51,2.9830665588378906
gptoss,4894130,51,2.788482189178467
gptoss,4895939,51,3.5361478328704834
gptoss,4899062,51,3.4671504497528076
gptoss,4929974,51,3.2255659103393555
gptoss,4936344,51,3.947056770324707
gptoss,4942335,51,3.8787388801574707
gptoss,4948322,51,5.478054523468018
gptoss,4953145,51,2.80220103263855
gptoss,4956100,51,4.094861030578613
gptoss,4957155,51,3.684739351272583
gptoss,4975368,51,4.0834574699401855
gptoss,4981128,51,3.1386499404907227
gptoss,5001921,51,2.7785825729370117
gptoss,5013006,51,4.444830417633057
gptoss,5016370,51,3.287715435028076
gptoss,5019682,51,4.827762126922607
gptoss,5020278,51,3.410310745239258
gptoss,5033484,51,3.921170234680176
gptoss,5053850,51,3.2562105655670166
gptoss,5062433,51,4.277673244476318
gptoss,5066019,51,3.989447593688965
gptoss,5068376,51,2.2592737674713135
gptoss,5068554,51,3.0257489681243896
gptoss,5068596,51,4.461301326751709
gptoss,5071138,51,4.1188788414001465
gptoss,5073886,51,3.9560532569885254
gptoss,5092868,51,3.0195956230163574
gptoss,5112038,51,3.587050676345825
gptoss,5118729,51,4.1072893142700195
gptoss,5125975,51,2.5849668979644775
gptoss,5163433,51,5.539601802825928
gptoss,5165773,51,3.997544527053833
gptoss,5165854,51,3.8656015396118164
gptoss,5187426,51,2.97794508934021
gptoss,5191821,51,3.105847120285034
gptoss,5204434,51,3.2502853870391846
gptoss,5213476,51,3.236778736114502
gptoss,5234044,51,3.5317435264587402
gptoss,5241137,51,4.459718704223633
gptoss,5247929,51,3.1205379962921143
gptoss,5252401,51,3.719850778579712
gptoss,5252952,51,5.201879501342773
gptoss,5267356,51,2.877565383911133
gptoss,5403702,51,3.5706348419189453
gptoss,5410083,51,3.1649529933929443
gptoss,5462493,51,2.791966676712036
gptoss,5509911,51,3.424609899520874
gptoss,5519060,51,4.197939395904541
gptoss,5535381,51,4.783594131469727
gptoss,5557854,51,3.9379916191101074
gptoss,5591459,51,5.869243144989014
gptoss,5617603,51,2.865413188934326
gptoss,5628616,51,5.02983283996582
gptoss,5632184,51,3.2039053440093994
gptoss,5636935,51,3.714937925338745
gptoss,5649853,51,3.173696279525757
gptoss,5673925,51,3.6541988849639893
gptoss,5729159,51,3.4474432468414307
gptoss,5737359,51,2.54848051071167
gptoss,5740960,51,4.263396739959717
gptoss,5761781,51,4.334752559661865
gptoss,5776384,51,3.2342467308044434
gptoss,5779419,51,2.6473445892333984
gptoss,5802667,51,3.491234540939331
gptoss,5815755,51,4.285879135131836
gptoss,5816303,51,2.9760379791259766
gptoss,5818711,51,3.611908197402954
gptoss,5821457,51,3.5109128952026367
gptoss,5825949,51,4.159811496734619
gptoss,5859332,51,2.546264171600342
gptoss,5968971,51,4.413580417633057
gptoss,5993783,51,2.670332908630371
gptoss,6008960,51,4.920743942260742
gptoss,6118285,51,2.532233476638794
gptoss,6157828,51,3.9734559059143066
gptoss,6183556,51,3.0230116844177246
gptoss,6197592,51,3.8604466915130615
gptoss,6206777,51,2.6117475032806396
gptoss,6222768,51,4.29813814163208
gptoss,6235360,51,3.069094657897949
gptoss,6237722,51,3.464869499206543
gptoss,6246116,51,3.8592424392700195
gptoss,6246996,51,3.9214425086975098
gptoss,6249194,51,3.9640300273895264
gptoss,6263378,51,3.200324058532715
gptoss,6278207,51,3.059192419052124
gptoss,6311642,51,3.457045316696167
gptoss,6359641,51,3.9145166873931885
gptoss,6360322,51,4.782009601593018
gptoss,6364632,51,2.693150281906128
gptoss,6380915,51,3.2467877864837646
gptoss,6397026,51,2.467012882232666
gptoss,6428039,51,2.784266948699951
gptoss,6430837,51,3.407548666000366
gptoss,6441832,51,3.2464425563812256
gptoss,6452487,51,3.2817916870117188
gptoss,6453515,51,3.3404228687286377
gptoss,6468765,51,3.5087711811065674
gptoss,6506243,51,5.597130298614502
gptoss,6508854,51,3.356238603591919
gptoss,6529193,51,4.345697402954102
gptoss,6532096,51,2.824100971221924
gptoss,6540287,51,4.059525012969971
gptoss,6541910,51,4.112240314483643
gptoss,6551751,51,4.476308822631836
gptoss,6561519,51,3.630488157272339
gptoss,6618571,51,3.791699171066284
gptoss,6627923,51,3.950665235519409
gptoss,6660863,51,3.9893128871917725
gptoss,6666052,51,3.4698431491851807
gptoss,6683636,51,3.970614194869995
gptoss,6713076,51,4.355217456817627
gptoss,6728280,51,3.129633665084839
gptoss,6737909,51,3.8488426208496094
gptoss,6772589,51,3.0382888317108154
gptoss,6797800,51,3.4184212684631348
gptoss,6803340,51,3.2259130477905273
gptoss,6879481,51,2.117673873901367
gptoss,6881637,51,2.7830002307891846
gptoss,6922426,51,2.758612871170044
gptoss,6981674,51,3.6630170345306396
gptoss,7013414,51,2.300481081008911
gptoss,7074119,51,4.007182598114014
gptoss,7100502,51,3.1350159645080566
gptoss,7139779,51,3.842092275619507
gptoss,7146903,51,5.275824546813965
gptoss,7172294,51,4.983521461486816
gptoss,7182393,51,2.8870017528533936
gptoss,7197241,51,3.923293352127075
gptoss,7197724,51,3.170984983444214
gptoss,7212585,51,3.202131748199463
gptoss,7218315,51,4.427151679992676
gptoss,7294125,51,3.463885545730591
gptoss,7294316,51,4.2205424308776855
gptoss,7311195,51,3.7734017372131348
gptoss,7397938,51,4.480079174041748
gptoss,7403346,51,4.778717041015625
gptoss,7410732,51,3.038140296936035
gptoss,7413367,51,3.621499538421631
gptoss,7417943,51,3.2033603191375732
gptoss,7421176,51,3.3142004013061523
gptoss,7454072,51,3.1966893672943115
gptoss,7473831,51,3.234917640686035
gptoss,7475429,51,4.031125545501709
gptoss,7490434,51,3.4049274921417236
gptoss,7497218,51,2.809702157974243
gptoss,7499734,51,3.219719886779785
gptoss,7516595,51,3.058941125869751
gptoss,7557552,51,4.423572063446045
gptoss,7617879,51,4.252194404602051
gptoss,7658338,51,3.758635997772217
gptoss,7663461,51,6.25538444519043
gptoss,7665329,51,3.139960765838623
gptoss,7680936,51,3.2025465965270996
gptoss,7699280,51,3.1612133979797363
gptoss,7708374,51,3.451606035232544
gptoss,7752968,51,3.013270378112793
gptoss,7785983,51,4.639667510986328
gptoss,7819714,51,3.327486991882324
gptoss,7890036,51,6.033910751342773
gptoss,7988167,51,3.6045775413513184
gptoss,8008954,51,3.2294907569885254
gptoss,8012781,51,2.921536445617676
gptoss,8021351,51,3.3660662174224854
gptoss,8031974,51,3.745725154876709
gptoss,8052901,51,3.1044816970825195
gptoss,8066499,51,2.988004684448242
gptoss,8198608,51,3.637671947479248
gptoss,8202418,51,4.531553745269775
gptoss,8229552,51,4.355256080627441
gptoss,8280711,51,2.997032880783081
gptoss,8387007,51,3.3548836708068848
gptoss,8395799,51,3.9679276943206787
gptoss,8523995,51,3.187028646469116
gptoss,8528301,51,3.0120742321014404
gptoss,8586038,51,3.5661115646362305
gptoss,8677917,51,3.6205177307128906
gptoss,8723181,51,3.067974328994751
gptoss,8723311,51,3.706329345703125
gptoss,8821211,51,3.091702938079834
gptoss,8940645,51,3.6018834114074707
gptoss,9124334,51,3.3290634155273438
gptoss,9134916,51,3.658290386199951
gptoss,9135033,51,2.8375244140625
gptoss,9137624,51,2.890894889831543
gptoss,9163756,51,3.2279419898986816
gptoss,9164793,51,3.079927921295166
gptoss,9187880,51,3.9389736652374268
gptoss,9192723,51,3.7224252223968506
gptoss,9197196,51,4.0772199630737305
gptoss,9205021,51,5.011921405792236
gptoss,9251622,51,3.0117156505584717
gptoss,9268430,51,4.566329479217529
gptoss,9285053,51,3.8521316051483154
gptoss,9340391,51,4.99334192276001
gptoss,9345583,51,3.230512857437134
gptoss,9385494,51,3.4581551551818848
gptoss,9387600,51,3.7738163471221924
gptoss,9397697,51,5.053315162658691
gptoss,9471817,51,3.632490873336792
gptoss,9471964,51,5.889739990234375
gptoss,9483510,51,3.2216074466705322
gptoss,9524495,51,3.9628889560699463
gptoss,9591035,51,3.21614670753479
gptoss,9615470,51,4.1336164474487305
gptoss,9626793,51,3.093313455581665
gptoss,9662636,51,3.7414040565490723
gptoss,9700115,51,3.6563353538513184
gptoss,9711750,51,3.7442872524261475
gptoss,9737200,51,4.384639263153076
gptoss,9751546,51,3.0824592113494873
gptoss,9752897,51,3.6771249771118164
gptoss,9767487,51,2.7988932132720947
gptoss,9768369,51,3.598189353942871
gptoss,9778036,51,2.97070050239563
gptoss,9818013,51,5.311319828033447
gptoss,9884935,51,3.701693534851074
gptoss,9917468,51,2.8451528549194336
gptoss,9963298,51,3.4255332946777344
gptoss,10076790,51,4.397545337677002
gptoss,10103200,51,4.310797214508057
gptoss,10135300,51,4.111533164978027
gptoss,10186140,51,3.707091808319092
gptoss,10202504,51,3.594681739807129
gptoss,10281325,51,4.120449066162109
gptoss,10348155,51,3.416921377182007
gptoss,10361075,51,4.788127422332764
gptoss,10366378,51,3.652407169342041
gptoss,10367294,51,4.023952007293701
gptoss,10401980,51,2.877703905105591
gptoss,10436313,51,3.435933828353882
gptoss,10480989,51,4.013906002044678
gptoss,10494183,51,3.3138809204101562
gptoss,10509498,51,3.167365550994873
gptoss,10523208,51,3.220473289489746
gptoss,10573012,51,3.511107921600342
gptoss,10606201,51,4.178958415985107
gptoss,10643243,51,2.514085292816162
gptoss,10649571,51,3.767878293991089
gptoss,10691183,51,4.767282962799072
gptoss,10728540,51,4.913857936859131
gptoss,10898149,51,4.032416820526123
gptoss,10913456,51,4.095732688903809
gptoss,11004224,51,2.765418767929077
gptoss,11022639,51,4.295562267303467
gptoss,11054023,51,3.4915473461151123
gptoss,11074539,51,4.482626438140869
gptoss,11091552,51,4.440454006195068
gptoss,11128248,51,3.7846100330352783
gptoss,11142668,51,2.549215316772461
gptoss,11152489,51,2.0635323524475098
gptoss,11157751,51,3.988861560821533
gptoss,11202365,51,3.0218584537506104
gptoss,11262376,51,5.6856207847595215
gptoss,11270374,51,5.937142372131348
gptoss,11365698,51,3.5776569843292236
gptoss,11387463,51,2.9881784915924072
gptoss,11391667,51,2.99916410446167
gptoss,11505828,51,3.086120128631592
gptoss,11595344,51,3.9073026180267334
gptoss,11597846,51,3.279740571975708
gptoss,11626649,51,3.5007662773132324
gptoss,11644259,51,3.378035545349121
gptoss,11650107,51,2.721996545791626
gptoss,11751039,51,4.123236179351807
gptoss,11754890,51,4.226137638092041
gptoss,11771220,51,2.856355905532837
gptoss,11777996,51,4.054898738861084
gptoss,11805625,51,3.1453959941864014
gptoss,11866664,51,4.712130546569824
gptoss,11872486,51,3.5396595001220703
gptoss,11879061,51,2.7850608825683594
gptoss,12075649,51,4.149215221405029
gptoss,12122749,51,3.106240749359131
gptoss,12187767,51,4.366028785705566
gptoss,12203896,51,3.6618616580963135
gptoss,12220417,51,2.7423324584960938
gptoss,12230893,51,4.270955562591553
gptoss,12241221,51,3.9872024059295654
gptoss,12245213,51,4.293405532836914
gptoss,12266201,51,3.2231695652008057
gptoss,12294387,51,3.086580276489258
gptoss,12304778,51,3.8218376636505127
gptoss,12320170,51,4.79840612411499
gptoss,12332957,51,3.9919755458831787
gptoss,12345746,51,3.7551918029785156
gptoss,12355828,51,3.693852424621582
gptoss,12440940,51,3.621729612350464
gptoss,12451537,51,2.6749649047851562
gptoss,12585424,51,4.034018039703369
gptoss,12586316,51,2.5945639610290527
gptoss,12588798,51,3.342623472213745
gptoss,12603385,51,3.4111485481262207
gptoss,12607082,51,3.551295757293701
gptoss,12615602,51,3.5771050453186035
gptoss,12688069,51,2.8533570766448975
gptoss,12744871,51,4.004092216491699
gptoss,12807398,51,3.696331024169922
gptoss,12847491,51,3.512481212615967
gptoss,12851711,51,3.189892053604126
gptoss,12926055,51,3.6251161098480225
gptoss,12938495,51,3.7153525352478027
gptoss,12964363,51,2.9728875160217285
gptoss,12998432,51,3.5785510540008545
gptoss,13030311,51,4.570575714111328
gptoss,13100783,51,4.299818992614746
gptoss,13214003,51,4.504801273345947
gptoss,13239813,51,3.482337713241577
gptoss,13335042,51,3.9396796226501465
gptoss,13350236,51,3.183687925338745
gptoss,13495961,51,3.3707258701324463
gptoss,13529592,51,5.537657737731934
gptoss,13603998,51,3.847426176071167
gptoss,13675482,51,3.19549822807312
gptoss,13690180,51,3.186924934387207
gptoss,13692090,51,3.3008503913879395
gptoss,13694466,51,5.068476676940918
gptoss,13696741,51,5.510738372802734
gptoss,13701579,51,5.973278522491455
gptoss,13745156,51,3.876375198364258
gptoss,13746570,51,3.3402719497680664
gptoss,13746581,51,4.5711750984191895
gptoss,13746789,51,4.05591344833374
gptoss,13747425,51,4.046567440032959
gptoss,13747961,51,3.348468542098999
gptoss,13748720,51,3.061405897140503
gptoss,13751352,51,3.390930652618408
gptoss,13752894,51,3.379728317260742
gptoss,13753905,51,3.515068769454956
gptoss,13756572,51,2.5813021659851074
gptoss,13858533,51,4.057395935058594
gptoss,13916015,51,3.1827878952026367
gptoss,13937253,51,3.105992317199707
gptoss,13959787,51,3.898162603378296
gptoss,13972671,51,3.195509672164917
gptoss,14068705,51,4.924437522888184
gptoss,14091946,51,3.236943006515503
gptoss,14099741,51,4.049032688140869
gptoss,14141143,51,3.5088624954223633
gptoss,14155276,51,4.608483791351318
gptoss,14169402,51,4.071423530578613
gptoss,14170854,51,3.939359664916992
gptoss,14176162,51,3.254406213760376
gptoss,14186198,51,3.3392386436462402
gptoss,14259080,51,3.382728099822998
gptoss,14291750,51,8.36133861541748
gptoss,14301751,51,3.124919891357422
gptoss,14328180,51,2.5699825286865234
gptoss,14341841,51,3.7367520332336426
gptoss,14358598,51,3.1659061908721924
gptoss,14404227,51,4.624197006225586
gptoss,14407737,51,3.368974208831787
gptoss,14421595,51,4.335589408874512
gptoss,14429450,51,5.034404277801514
gptoss,14434979,51,5.6856160163879395
gptoss,14441283,51,3.171177864074707
gptoss,14454803,51,3.159090280532837
gptoss,14472576,51,4.246315002441406
gptoss,14500933,51,3.4858336448669434
gptoss,14502960,51,3.3655312061309814
gptoss,14554263,51,4.587677955627441
gptoss,14579508,51,3.728107452392578
gptoss,14584778,51,2.8520965576171875
gptoss,14680675,51,3.7572021484375
gptoss,14743706,51,4.0516357421875
gptoss,14745914,51,4.563895225524902
gptoss,14760908,51,2.7366960048675537
gptoss,14776729,51,3.7451603412628174
gptoss,14800090,51,3.640984535217285
gptoss,14807742,51,3.457204580307007
gptoss,14818452,51,2.3270397186279297
gptoss,14819490,51,3.392484664916992
gptoss,14874026,51,3.9690749645233154
gptoss,14878319,51,3.070178747177124
gptoss,14878646,51,2.9639432430267334
gptoss,14879921,51,2.902651071548462
gptoss,15026764,51,3.0986011028289795
gptoss,15040286,51,3.6134283542633057
gptoss,15065468,51,3.1430270671844482
gptoss,15139323,51,3.5011892318725586
gptoss,15197674,51,3.1630868911743164
gptoss,15201331,51,4.809852123260498
gptoss,15202196,51,3.0440220832824707
gptoss,15213991,51,3.2505812644958496
gptoss,15220741,51,3.070013999938965
gptoss,15279538,51,4.0150980949401855
gptoss,15281193,51,2.8499045372009277
gptoss,15281983,51,4.673731327056885
gptoss,15324422,51,3.7710793018341064
gptoss,15344879,51,2.7084641456604004
gptoss,15376317,51,3.0216171741485596
gptoss,15382836,51,3.4119296073913574
gptoss,15407650,51,2.4672484397888184
gptoss,15412473,51,4.875058650970459
gptoss,15484870,51,3.183321714401245
gptoss,15489071,51,3.0564658641815186
gptoss,15548746,51,3.2827541828155518
gptoss,15600287,51,2.7041358947753906
gptoss,15603670,51,5.1866230964660645
gptoss,15607400,51,3.265005350112915
gptoss,15620570,51,4.150198459625244
gptoss,15687295,51,3.960629940032959
gptoss,15720214,51,3.5285844802856445
gptoss,15728911,51,2.7580807209014893
gptoss,15757897,51,3.0347630977630615
gptoss,15768663,51,2.404658794403076
gptoss,15817938,51,3.574373483657837
gptoss,15828278,51,3.11407208442688
gptoss,15829781,51,3.7374536991119385
gptoss,15842085,51,2.409592390060425
gptoss,15870937,51,3.881068706512451
gptoss,15939234,51,3.0735371112823486
gptoss,15961108,51,3.2564680576324463
gptoss,15976919,51,3.063516139984131
gptoss,15980568,51,3.078042507171631
gptoss,15986631,51,4.512177467346191
gptoss,16039645,51,3.00801944732666
gptoss,16124522,51,4.069993019104004
gptoss,16126936,51,3.4161345958709717
gptoss,16141969,51,2.566970109939575
gptoss,16227864,51,2.7030463218688965
gptoss,16251657,51,4.34629487991333
gptoss,16290774,51,3.7977302074432373
gptoss,16386838,51,4.36219596862793
gptoss,16391334,51,2.9498579502105713
gptoss,16399303,51,4.1535773277282715
gptoss,16404002,51,3.1226208209991455
gptoss,16504570,51,3.441197156906128
gptoss,16509032,51,3.141057014465332
gptoss,16537814,51,3.387204647064209
gptoss,16571013,51,2.65417218208313
gptoss,16631020,51,2.9845573902130127
gptoss,16661147,51,3.907439708709717
gptoss,16766006,51,3.0292844772338867
gptoss,16766506,51,3.812119245529175
gptoss,16787742,51,4.083014965057373
gptoss,16788431,51,2.941375970840454
gptoss,16839291,51,3.186725378036499
gptoss,16839927,51,4.650231838226318
gptoss,16863934,51,4.010551452636719
gptoss,16872779,51,2.1420440673828125
gptoss,16915526,51,2.753662109375
gptoss,16998656,51,3.461663246154785
gptoss,17039365,51,2.643918991088867
gptoss,17175925,51,3.9415953159332275
gptoss,17202384,51,3.5460963249206543
gptoss,17360001,51,3.8122823238372803
gptoss,17364624,51,4.837256908416748
gptoss,17370242,51,3.5128612518310547
gptoss,17375754,51,2.418184518814087
gptoss,17458010,51,4.47596549987793
gptoss,17464854,51,5.07891321182251
gptoss,17476563,51,4.2844343185424805
gptoss,17507793,51,3.759437084197998
gptoss,17515275,51,3.1264865398406982
gptoss,17553490,51,3.677098274230957
gptoss,17578970,51,2.979780912399292
gptoss,17584674,51,2.5501182079315186
gptoss,17589422,51,4.235013008117676
gptoss,17606580,51,3.3423521518707275
gptoss,17625727,51,3.9259774684906006
gptoss,17667087,51,3.265528678894043
gptoss,17716605,51,3.260920763015747
gptoss,17784265,51,3.6089537143707275
gptoss,17865105,51,3.659815549850464
gptoss,17884437,51,2.6386044025421143
gptoss,17889549,51,2.8538081645965576
gptoss,17909922,51,2.6170969009399414
gptoss,17961054,51,3.682610511779785
gptoss,18083801,51,3.7711715698242188
gptoss,18214317,51,3.389493703842163
gptoss,18296459,51,2.6778011322021484
gptoss,18312025,51,2.460639238357544
gptoss,18431463,51,5.249104022979736
gptoss,18449288,51,3.4061357975006104
gptoss,18468577,51,3.385528802871704
gptoss,18483718,51,3.3849196434020996
gptoss,18505561,51,2.7917122840881348
gptoss,18613906,51,2.4179577827453613
gptoss,18634877,51,2.508732557296753
gptoss,18733074,51,4.057138919830322
gptoss,18750779,51,4.310752868652344
gptoss,18907802,51,3.6972551345825195
gptoss,19170988,51,4.722620010375977
gptoss,19172224,51,3.7486627101898193
gptoss,19175261,51,5.222064971923828
gptoss,19186315,51,3.899036407470703
gptoss,19187663,51,4.400279521942139
gptoss,19204066,51,3.6347501277923584
gptoss,19206893,51,2.702986717224121
gptoss,19263469,51,3.3613409996032715
gptoss,19263554,51,3.2354140281677246
gptoss,19435386,51,3.7899110317230225
gptoss,19485843,51,3.19419527053833
gptoss,19624082,51,3.406376838684082
gptoss,20335790,51,2.840339183807373
gptoss,20503654,51,4.433000564575195
gptoss,21015570,51,3.7696831226348877
gptoss,21275504,51,3.4194395542144775
gptoss,21382535,51,3.4829654693603516
gptoss,21428581,51,4.108066558837891
gptoss,21616326,51,3.883114814758301
gptoss,21646317,51,3.2217235565185547
gptoss,21665298,51,4.382303237915039
gptoss,21668994,51,3.2890567779541016
gptoss,21669304,51,5.881781101226807
gptoss,21670658,51,3.530148506164551
gptoss,21689288,51,3.7957215309143066
gptoss,21697629,51,3.8816452026367188
gptoss,21697648,51,4.592930793762207
gptoss,21700944,51,4.03467321395874
gptoss,21702856,51,3.4602177143096924
gptoss,21709048,51,3.539231061935425
gptoss,21715690,51,3.3746213912963867
gptoss,21716001,51,3.782822608947754
gptoss,21721135,51,3.0247161388397217
gptoss,21723747,51,4.455869674682617
gptoss,21725995,51,4.549753665924072
gptoss,21726583,51,3.9217193126678467
gptoss,21726677,51,3.1306076049804688
gptoss,21730065,51,3.223989248275757
gptoss,21730715,51,2.5791068077087402
gptoss,21731209,51,4.17454195022583
gptoss,21732778,51,3.9396541118621826
gptoss,21735129,51,5.280550003051758
gptoss,21740766,51,5.1517653465271
gptoss,22272492,51,5.673600196838379
gptoss,22716243,51,4.331714153289795
gptoss,23204325,51,3.9144418239593506
gptoss,23678406,51,4.733648777008057
gptoss,24202507,51,4.316555500030518
gptoss,24901977,51,3.39186954498291
gptoss,25111673,51,2.8017492294311523
gptoss,25113027,51,4.711860656738281
gptoss,26538892,51,4.312472820281982
gptoss,26698484,51,3.414983034133911
gptoss,26873455,51,3.0419206619262695
gptoss,26988506,51,3.297632932662964
gptoss,27249900,51,4.151998043060303
gptoss,27274148,51,3.8098955154418945
gptoss,27843613,51,2.6847333908081055
gptoss,28044836,51,2.633012056350708
gptoss,28193461,51,3.2627718448638916
gptoss,28232901,51,4.493982791900635
gptoss,28323588,51,2.901486396789551
gptoss,28616370,51,2.8995933532714844
gptoss,29149810,51,3.59494948387146
gptoss,29161506,51,4.406209468841553
gptoss,29162291,51,3.376124858856201
gptoss,29162884,51,3.999873161315918
gptoss,29191669,51,4.839818477630615
gptoss,29259081,51,4.435766696929932
gptoss,29298828,51,3.507732391357422
gptoss,29407280,51,4.1977458000183105
gptoss,29413033,51,3.297743320465088
gptoss,29907166,51,3.1575815677642822
gptoss,30042437,51,3.3339085578918457
gptoss,30129590,51,3.2396445274353027
gptoss,30164212,51,3.2244691848754883
gptoss,31150453,51,3.9621407985687256
gptoss,31713824,51,3.312659978866577
gptoss,32821791,51,3.1932754516601562
gptoss,32923127,51,3.3235580921173096
gptoss,33626727,51,2.922402858734131
gptoss,33777646,51,2.2046620845794678
gptoss,33864324,51,4.180030822753906
gptoss,34190303,51,3.8187448978424072
gptoss,35386653,51,2.6859278678894043
gptoss,36364048,51,2.8901939392089844
gptoss,37405481,51,3.032752275466919
gptoss,38132419,51,2.774104595184326
gptoss,38234032,51,3.081561326980591
gptoss,38934160,51,3.4701924324035645
gptoss,39871772,51,5.374943733215332
gptoss,40166767,51,3.498955011367798
gptoss,40501690,51,3.1393845081329346
gptoss,41332060,51,4.392577171325684
gptoss,43059601,51,3.232624053955078
gptoss,43282987,51,2.919764280319214
gptoss,43289219,51,4.262314796447754
gptoss,43959086,51,3.187450647354126
gptoss,44009215,51,3.810811996459961
gptoss,44062236,51,3.5569427013397217
gptoss,44063972,51,3.6231584548950195
gptoss,44069187,51,2.5656001567840576
gptoss,44077201,51,2.711284875869751
gptoss,44080449,51,4.203022003173828
gptoss,44087711,51,4.022065162658691
gptoss,44090948,51,3.997894763946533
gptoss,44105851,51,4.527551174163818
gptoss,44115640,51,4.655492782592773
gptoss,44129061,51,3.5023691654205322
gptoss,44130060,51,3.745950698852539
gptoss,44131019,51,3.2139198780059814
gptoss,44134207,51,2.573740243911743
gptoss,44144625,51,3.204813241958618
gptoss,44145304,51,3.1568500995635986
gptoss,44145664,51,2.589390277862549
gptoss,44145776,51,3.225771427154541
gptoss,44145836,51,2.4842891693115234
gptoss,44151916,51,3.8513951301574707
gptoss,44152851,51,2.6476588249206543
gptoss,44161048,51,3.0805418491363525
gptoss,44163645,51,3.187708616256714
gptoss,44164810,51,3.6612493991851807
gptoss,44167998,51,5.260299205780029
gptoss,44169697,51,2.8199872970581055
gptoss,44170949,51,3.0804078578948975
gptoss,44174597,51,4.360230445861816
gptoss,44178763,51,3.6812427043914795
gptoss,44220219,51,3.5308806896209717
gptoss,44243501,51,3.1855111122131348
gptoss,46889991,51,4.095182418823242
gptoss,46927617,51,3.7692854404449463
gptoss,46932607,51,3.4542970657348633
gptoss,46937952,51,3.371746063232422
gptoss,46939026,51,2.847132921218872
gptoss,46953263,51,3.5234620571136475
gptoss,46959165,51,3.0584070682525635
gptoss,47016219,51,2.9804651737213135
gptoss,47018172,51,2.7618823051452637
gptoss,47020074,51,3.787433385848999
gptoss,48352299,51,4.542388439178467
gptoss,48353672,51,3.155421495437622
gptoss,48353884,51,3.5508577823638916
gptoss,48357955,51,2.8568344116210938
gptoss,49191384,51,5.699230194091797
gptoss,49208337,51,4.204591751098633
gptoss,49212016,51,2.959258794784546
gptoss,49212861,51,3.401749610900879
gptoss,49215746,51,4.343193054199219
gptoss,49411029,51,4.076058864593506
gptoss,49413369,51,2.420891284942627
gptoss,49417344,51,3.2776176929473877
gptoss,49420146,51,3.679260730743408
gptoss,49430466,51,3.2362964153289795
gptoss,49430686,51,5.065168380737305
gptoss,49578052,51,2.92401385307312
gptoss,49587276,51,3.7229199409484863
gptoss,49656421,51,2.694669008255005
gptoss,49656757,51,3.6038482189178467
gptoss,49664123,51,2.3936069011688232
gptoss,49742509,51,6.167618274688721
gptoss,49742988,51,3.3460853099823
gptoss,49865411,51,3.3058152198791504
gptoss,51862727,51,4.366307735443115
gptoss,51867514,51,4.386379241943359
gptoss,51867574,51,4.116751194000244
gptoss,51869205,51,4.926790714263916
gptoss,51870078,51,4.252423286437988
gptoss,51870827,51,3.6542022228240967
gptoss,51871042,51,5.547027111053467
gptoss,51871198,51,2.7170732021331787
gptoss,51873719,51,3.6473894119262695
gptoss,51873882,51,2.8897552490234375
gptoss,51875405,51,3.5168888568878174
gptoss,51875413,51,5.068001747131348
gptoss,51875856,51,4.493598461151123
gptoss,51877568,51,3.48819899559021
gptoss,51878172,51,3.180877685546875
gptoss,51878335,51,3.386979341506958
gptoss,51878395,51,2.6056625843048096
gptoss,51878811,51,3.678886651992798
gptoss,51879191,51,3.4796018600463867
gptoss,51880064,51,4.054420471191406
gptoss,51880268,51,2.964423656463623
gptoss,51880850,51,3.879075050354004
gptoss,51881821,51,2.52349591255188
gptoss,51881992,51,3.0485589504241943
gptoss,51882074,51,3.7271859645843506
gptoss,51917388,51,3.9454140663146973
gptoss,51977305,51,4.344081401824951
gptoss,51978342,51,4.109145164489746
gptoss,51982253,51,4.562194347381592
gptoss,51984717,51,3.747802972793579
gptoss,51990373,51,3.0026814937591553
gptoss,52000761,51,2.5811145305633545
gptoss,52003282,51,5.606733798980713
gptoss,52006529,51,4.265357494354248
gptoss,52009840,51,3.4482603073120117
gptoss,52011616,51,5.474078178405762
gptoss,52019251,51,4.223592758178711
gptoss,52044834,51,3.5113601684570312
gptoss,52046908,51,3.021608352661133
gptoss,52047587,51,4.326515197753906
gptoss,52054914,51,3.9278690814971924
gptoss,52056513,51,4.3087849617004395
gptoss,52069762,51,3.749152421951294
gptoss,52070035,51,3.0392284393310547
gptoss,52070657,51,4.288427829742432
gptoss,52073201,51,2.9233238697052
gptoss,52074346,51,3.395918369293213
gptoss,52078335,51,3.933317184448242
gptoss,52098907,51,5.920660495758057
gptoss,52100101,51,3.8223319053649902
gptoss,52100117,51,4.548221111297607
gptoss,52100616,51,3.4725444316864014
gptoss,52100878,51,3.201159954071045
gptoss,52110037,51,3.6779582500457764
gptoss,52113185,51,3.1524410247802734
gptoss,52115097,51,3.114304780960083
gptoss,52115592,51,3.6667494773864746
gptoss,52116920,51,4.13142728805542
gptoss,52119091,51,3.752358913421631
gptoss,52119483,51,2.970923900604248
gptoss,52119752,51,4.182307243347168
gptoss,52135124,51,5.188616752624512
gptoss,52136564,51,3.3350415229797363
gptoss,52143204,51,4.3835883140563965
gptoss,52143467,51,3.5514426231384277
gptoss,52144157,51,3.7852389812469482
gptoss,52145657,51,4.742316722869873
gptoss,52153656,51,3.3048434257507324
gptoss,52154254,51,3.60345721244812
gptoss,52154304,51,4.117008209228516
gptoss,52155427,51,3.2548136711120605
gptoss,52156147,51,3.2234280109405518
gptoss,52156206,51,3.3028998374938965
gptoss,52156433,51,2.9865074157714844
gptoss,52158121,51,3.9171993732452393
gptoss,52158178,51,3.5004873275756836
gptoss,52160439,51,2.857715368270874
gptoss,52160797,51,4.225017547607422
gptoss,52161864,51,3.337559223175049
gptoss,52162540,51,2.8014564514160156
gptoss,52165754,51,4.038100719451904
gptoss,52166626,51,4.2007293701171875
gptoss,52166727,51,3.2076644897460938
gptoss,52167799,51,4.0164103507995605
gptoss,52171279,51,3.34572696685791
gptoss,52171904,51,4.438865661621094
gptoss,52176498,51,2.6445374488830566
gptoss,52178689,51,5.246458053588867
gptoss,52182989,51,4.284947872161865
gptoss,52183384,51,3.3842451572418213
gptoss,52183483,51,3.0098884105682373
gptoss,52188604,51,3.8463923931121826
gptoss,52190376,51,3.3679299354553223
gptoss,52194540,51,3.0562918186187744
gptoss,52215843,51,3.818176031112671
gptoss,52221821,51,5.020710468292236
gptoss,52255687,51,4.783899307250977
gptoss,52298363,51,2.6596310138702393
gptoss,52307098,51,4.634952068328857
gptoss,52310274,51,2.9794914722442627
gptoss,52333947,51,3.5438942909240723
gptoss,52811641,51,4.517953872680664
gptoss,52815006,51,5.181981086730957
gptoss,52816033,51,3.618868827819824
gptoss,52843977,51,2.4327218532562256
gptoss,52895001,51,3.1372416019439697
gptoss,52900003,51,3.090740203857422
gptoss,52916675,51,4.2146315574646
gptoss,52917952,51,3.6435346603393555
gptoss,52920257,51,2.476933240890503
gptoss,52926380,51,5.3526930809021
gptoss,52938038,51,3.3402671813964844
gptoss,52943615,51,4.30279541015625
gptoss,52979524,51,3.193643093109131
gptoss,52984852,51,3.317614793777466
gptoss,53017700,51,3.056899309158325
gptoss,53019653,51,3.043745279312134
gptoss,53034346,51,4.658829212188721
gptoss,53035038,51,3.3285677433013916
gptoss,53037336,51,2.9427099227905273
gptoss,53064621,51,2.926337957382202
gptoss,53079301,51,3.4538843631744385
gptoss,53079601,51,3.491630792617798
gptoss,53079743,51,2.571208953857422
gptoss,53079799,51,2.8256657123565674
gptoss,53079972,51,3.2232275009155273
gptoss,53080156,51,3.1539976596832275
gptoss,53080384,51,3.443297863006592
gptoss,53080764,51,4.266143321990967
gptoss,53080784,51,3.1296346187591553
gptoss,53080846,51,3.166459321975708
gptoss,53081209,51,4.244020462036133
gptoss,53081291,51,3.5948712825775146
gptoss,53081318,51,3.593761682510376
gptoss,53081403,51,4.617510795593262
gptoss,53081407,51,3.7756457328796387
gptoss,53081627,51,3.252575635910034
gptoss,53081634,51,4.539979457855225
gptoss,53082197,51,3.3127307891845703
gptoss,53082257,51,2.966151237487793
gptoss,53082972,51,4.111271858215332
gptoss,53083054,51,4.532957077026367
gptoss,53083061,51,3.2807576656341553
gptoss,53083122,51,4.2297844886779785
gptoss,53083232,51,3.7697083950042725
gptoss,53083305,51,3.811887741088867
gptoss,53083475,51,3.1979713439941406
gptoss,53083677,51,4.627345561981201
gptoss,53095207,51,3.729780435562134
gptoss,53099899,51,2.8618040084838867
gptoss,53109787,51,5.016422271728516
gptoss,53110354,51,2.9458484649658203
gptoss,53178856,51,3.6508162021636963
gptoss,53217060,51,4.0067338943481445
gptoss,53223679,51,5.78204345703125
gptoss,53247198,51,4.250955581665039
gptoss,53295957,51,4.141053676605225
gptoss,53298765,51,3.355073928833008
gptoss,53298878,51,3.5041306018829346
gptoss,53578487,51,3.601166248321533
gptoss,53640239,51,3.240570306777954
gptoss,53645946,51,3.211864709854126
gptoss,54893641,51,2.939606189727783
gptoss,56657817,51,4.957314968109131
gptoss,56657857,51,4.357517719268799
gptoss,56895551,51,2.809027910232544
gptoss,57189558,51,2.7543060779571533
gptoss,57564106,51,3.3486063480377197
gptoss,57570672,51,4.275381088256836
gptoss,59553499,51,3.0439505577087402
gptoss,59553563,51,4.135492324829102
gptoss,59599633,51,3.780601739883423
gptoss,59599706,51,4.478845119476318
gptoss,59599940,51,3.8528263568878174
gptoss,59604492,51,3.3346962928771973
gptoss,60441316,51,5.076062202453613
gptoss,61153666,51,3.9095029830932617
gptoss,61874237,51,3.097754716873169
gptoss,62637241,51,3.3288848400115967
gptoss,65038030,51,3.440697193145752
gptoss,67788603,51,4.713529109954834
gptoss,67855815,51,4.440690040588379
gptoss,67855860,51,5.300993919372559
gptoss,67855893,51,3.685894012451172
gptoss,67855999,51,4.4703049659729
gptoss,67856005,51,3.9176788330078125
gptoss,67856013,51,2.564316749572754
gptoss,67856167,51,3.6440486907958984
gptoss,67856324,51,3.978303909301758
gptoss,67856607,51,3.7675552368164062
gptoss,67856712,51,2.882664680480957
gptoss,67877016,51,3.228459119796753
gptoss,68167178,51,5.461507797241211
gptoss,70349933,51,3.401169538497925
gptoss,71144630,51,3.517956256866455
gptoss,71147690,51,3.396566867828369
gptoss,73729169,51,3.549966335296631
gptoss,76666127,51,5.168514251708984
gptoss,80628347,51,3.0237550735473633
gptoss,80628357,51,3.9429872035980225
gptoss,83458715,51,3.9779932498931885
gptoss,84842989,51,3.0535764694213867
gptoss,84843987,51,3.682382345199585
gptoss,85459677,51,3.0218212604522705
gptoss,85464175,51,4.213989734649658
gptoss,85498775,51,3.0286943912506104
gptoss,85501317,51,4.679389476776123
gptoss,85518027,51,3.6583406925201416
gptoss,85528598,51,4.264957904815674
gptoss,85531331,51,3.7269818782806396
gptoss,86716257,51,3.6208786964416504
gptoss,91183938,51,3.405487537384033
gptoss,91184042,51,3.456566095352173
gptoss,102350590,51,4.988637447357178
gptoss,102350747,51,3.513401746749878
gptoss,102350767,51,4.374459743499756
gptoss,102350941,51,3.5065884590148926
gptoss,102350997,51,3.4982104301452637
gptoss,102351463,51,3.4132046699523926
gptoss,102351547,51,3.491424560546875
gptoss,102351717,51,3.365108013153076
gptoss,102352060,51,3.612292766571045
gptoss,102352698,51,4.016244411468506
gptoss,102352788,51,2.6968486309051514
gptoss,102352962,51,3.0536630153656006
gptoss,102353817,51,3.8329031467437744
gptoss,102353837,51,3.222259998321533
gptoss,102353852,51,4.818504810333252
gptoss,102354384,51,3.1894400119781494
gptoss,102354395,51,4.036105632781982
gptoss,102354583,51,3.6204917430877686
gptoss,102354588,51,4.86234712600708
gptoss,102354684,51,4.511894702911377
gptoss,102483154,51,2.8570573329925537
gptoss,106402715,51,3.446077585220337
gptoss,109933467,51,2.606175184249878
gptoss,116880070,51,4.127125263214111
gptoss,118674834,51,4.312613487243652
gptoss,118680003,51,2.8873941898345947
gptoss,119308902,51,3.097043752670288
gptoss,119309472,51,3.0284249782562256
gptoss,120224153,51,2.4328572750091553
gptoss,126167342,51,4.016990661621094
gptoss,126181046,51,3.4096720218658447
gptoss,128000127,51,4.699179172515869
gptoss,128345225,51,4.139957427978516
gptoss,128345548,51,4.526065826416016
gptoss,129945216,51,3.1147336959838867
gptoss,133306280,51,3.9919118881225586
gptoss,133597585,51,4.903073310852051
gptoss,135466290,51,3.6059882640838623
gptoss,153312535,51,4.016603946685791
gptoss,153312687,51,4.213831901550293
gptoss,153313061,51,4.347339630126953
gptoss,153313159,51,5.0274577140808105
gptoss,153313581,51,3.7782909870147705
gptoss,155089817,51,3.0122175216674805
gptoss,155091369,51,3.3372085094451904
gptoss,155092736,51,2.729512929916382
gptoss,155100086,51,3.708767890930176
gptoss,155100120,51,4.391067981719971
gptoss,159041042,51,3.2788875102996826
gptoss,159041048,51,5.695528507232666
gptoss,159041867,51,5.417656898498535
gptoss,160009452,51,2.958951711654663
gptoss,160009896,51,3.436690092086792
gptoss,162183964,51,4.144647598266602
gptoss,165163819,51,3.3516037464141846
gptoss,166228669,51,3.7753071784973145
gptoss,167217355,51,4.668308734893799
gptoss,167217367,51,3.8593149185180664
gptoss,167217453,51,2.4283528327941895
gptoss,168169888,51,3.034938097000122
gptoss,170078653,51,4.470088958740234
gptoss,170078772,51,3.6140801906585693
gptoss,170079112,51,3.573624849319458
gptoss,173188048,51,3.899045944213867
gptoss,173188803,51,2.51409649848938
gptoss,173990423,51,4.361080169677734
gptoss,173990455,51,3.7413389682769775
gptoss,173990506,51,2.422165870666504
gptoss,173990585,51,3.1840827465057373
gptoss,173991101,51,2.885620594024658
gptoss,174797737,51,3.7214252948760986
gptoss,174797747,51,4.256307601928711
gptoss,174797886,51,3.4881603717803955
gptoss,174798153,51,2.7885730266571045
gptoss,174798218,51,3.245857000350952
gptoss,174798293,51,2.8453218936920166
gptoss,174798321,51,3.490683078765869
gptoss,174798410,51,4.5133819580078125
gptoss,174799117,51,2.8912312984466553
gptoss,174799262,51,2.9946157932281494
gptoss,174799301,51,2.3444736003875732
gptoss,174799304,51,3.1814115047454834
gptoss,174799346,51,4.004857540130615
gptoss,174799399,51,4.425178527832031
gptoss,174799702,51,3.8957319259643555
gptoss,174799768,51,3.156299352645874
gptoss,174799793,51,2.8310136795043945
gptoss,174799844,51,4.692397594451904
gptoss,174799895,51,3.153179883956909
gptoss,174799974,51,3.2403957843780518
gptoss,174800106,51,3.2568116188049316
gptoss,174800272,51,2.732900619506836
gptoss,174800458,51,3.9424102306365967
gptoss,174800839,51,4.2764129638671875
gptoss,174800890,51,3.694603681564331
gptoss,174800963,51,3.257201910018921
gptoss,174801080,51,4.210756301879883
gptoss,174801222,51,2.7766780853271484
gptoss,174801388,51,5.785736560821533
gptoss,174801519,51,3.863098382949829
gptoss,174801632,51,3.2370593547821045
gptoss,174801764,51,3.6019718647003174
gptoss,174802397,51,3.0807013511657715
gptoss,174802484,51,2.860666275024414
gptoss,174802848,51,3.6567492485046387
gptoss,174802873,51,2.898407220840454
gptoss,174803111,51,4.068476676940918
gptoss,174803587,51,4.236127853393555
gptoss,181704107,51,4.910562992095947
gptoss,182952458,51,3.7116241455078125
gptoss,182952800,51,4.141556739807129
gptoss,182952848,51,4.906678199768066
gptoss,182952892,51,3.3263931274414062
gptoss,182953113,51,5.2597479820251465
gptoss,182953211,51,2.5919315814971924
gptoss,182953250,51,3.8006253242492676
gptoss,184482578,51,2.628411293029785
gptoss,184483123,51,2.611454486846924
gptoss,184483331,51,2.979933261871338
gptoss,184486755,51,4.660994052886963
gptoss,184486914,51,3.3385274410247803
gptoss,184487171,51,3.8545830249786377
gptoss,184487889,51,3.7391183376312256
gptoss,186206211,51,5.86271858215332
gptoss,186206508,51,3.483433246612549
gptoss,186206974,51,2.2162113189697266
gptoss,189762009,51,5.159187316894531
gptoss,189762068,51,3.892329692840576
gptoss,189762081,51,3.2823381423950195
gptoss,189762189,51,2.4873719215393066
gptoss,189762341,51,2.785370349884033
gptoss,189762487,51,3.8661155700683594
gptoss,189762556,51,4.818674564361572
gptoss,189927911,51,2.830811023712158
gptoss,189928008,51,4.201845169067383
gptoss,189928148,51,3.208820104598999
gptoss,189928186,51,3.9531455039978027
gptoss,189928248,51,3.017399549484253
gptoss,189928358,51,3.413788318634033
gptoss,189928395,51,3.2784342765808105
gptoss,189999088,51,2.9813122749328613
gptoss,189999659,51,3.1846611499786377
gptoss,190000105,51,4.415027618408203
gptoss,190001673,51,3.6688477993011475
gptoss,192530110,51,5.082207202911377
gptoss,195064954,51,6.079600811004639
gptoss,195068920,51,3.2398762702941895
gptoss,195069071,51,3.6653029918670654
gptoss,195069392,51,3.278937339782715
gptoss,195218574,51,3.5882339477539062
gptoss,195218693,51,5.055710315704346
gptoss,195316733,51,4.3947577476501465
gptoss,195345077,51,4.21536111831665
gptoss,195345094,51,3.6143290996551514
gptoss,195345201,51,3.0394420623779297
gptoss,195345563,51,3.441115617752075
gptoss,195477534,51,4.070766448974609
gptoss,195504787,51,2.2348685264587402
gptoss,195584320,51,3.5254979133605957
gptoss,195766884,51,2.8495490550994873
gptoss,195776147,51,3.628901243209839
gptoss,195776229,51,2.6482231616973877
gptoss,195820682,51,3.133673906326294
gptoss,195847811,51,3.203976631164551
gptoss,195848217,51,4.1246867179870605
gptoss,195886246,51,4.060122966766357
gptoss,196167277,51,5.292552471160889
gptoss,196171551,51,3.3287549018859863
gptoss,196171668,51,2.8085522651672363
gptoss,196172197,51,4.2503886222839355
gptoss,196175184,51,5.742741107940674
gptoss,196176000,51,4.17626953125
gptoss,196176396,51,3.867671489715576
gptoss,196176628,51,2.6743268966674805
gptoss,196178484,51,3.9407291412353516
gptoss,196178503,51,3.003373384475708
gptoss,196181315,51,3.13732647895813
gptoss,196181536,51,3.697326421737671
gptoss,196181811,51,3.0193839073181152
gptoss,196181887,51,4.002810478210449
gptoss,196182395,51,3.005722761154175
gptoss,196183158,51,3.5570945739746094
gptoss,196183669,51,4.2222161293029785
gptoss,196184679,51,3.2050888538360596
gptoss,196185038,51,3.3521640300750732
gptoss,196186167,51,2.8742589950561523
gptoss,196186961,51,4.0872392654418945
gptoss,196187162,51,2.9278626441955566
gptoss,196187316,51,2.616543769836426
gptoss,196187320,51,3.4338502883911133
gptoss,196188501,51,2.6707632541656494
gptoss,196188987,51,2.1894683837890625
gptoss,196189567,51,3.2166202068328857
gptoss,196189661,51,3.0908923149108887
gptoss,196192979,51,3.1696152687072754
gptoss,196193055,51,3.956758975982666
gptoss,196194557,51,4.250751972198486
gptoss,196197006,51,4.501020431518555
gptoss,196198494,51,3.199178695678711
gptoss,196199713,51,3.526670217514038
gptoss,196205749,51,3.2717626094818115
gptoss,196206886,51,4.305014133453369
gptoss,196209746,51,2.9024810791015625
gptoss,196210081,51,4.486211776733398
gptoss,196210782,51,2.908637046813965
gptoss,196211238,51,2.6572446823120117
gptoss,196211486,51,3.4288856983184814
gptoss,196211550,51,2.5970845222473145
gptoss,196217527,51,3.2797913551330566
gptoss,196471188,51,4.190914154052734
gptoss,196471198,51,3.8667731285095215
gptoss,196621534,51,3.0127642154693604
gptoss,196621535,51,3.330251693725586
gptoss,198179946,51,4.798556804656982
gptoss,198184456,51,3.816110134124756
gptoss,198184729,51,3.2643959522247314
gptoss,198939259,51,2.6643874645233154
gptoss,198967754,51,3.740596294403076
gptoss,198973187,51,3.347987413406372
gptoss,199001173,51,4.544656753540039
gptoss,199022396,51,3.980132579803467
gptoss,199371491,51,3.595651149749756
gptoss,199371687,51,2.603929281234741
gptoss,199379359,51,3.9367218017578125
gptoss,199452955,51,3.873170852661133
gptoss,199523733,51,2.298910617828369
gptoss,199529989,51,2.333810329437256
gptoss,199552244,51,4.09358549118042
gptoss,199577588,51,3.2738418579101562
gptoss,199577634,51,3.9132516384124756
gptoss,199668626,51,4.439486503601074
gptoss,199668753,51,4.085865497589111
gptoss,201058596,51,3.1245601177215576
gptoss,201058633,51,4.229195594787598
gptoss,201058720,51,3.583876848220825
gptoss,201070022,51,3.6286001205444336
gptoss,201070265,51,5.378294944763184
gptoss,201103745,51,2.8934922218322754
gptoss,201124425,51,3.101440191268921
gptoss,201307832,51,2.927460193634033
gptoss,201645145,51,4.7895121574401855
gptoss,201646223,51,2.9644572734832764
gptoss,201646551,51,3.1673073768615723
gptoss,201651596,51,3.765843629837036
gptoss,201657818,51,3.246805429458618
gptoss,201666437,51,4.056154251098633
gptoss,201666620,51,4.143826007843018
gptoss,201668205,51,3.1751224994659424
gptoss,201669180,51,2.970522880554199
gptoss,201670412,51,4.330111503601074
gptoss,201676778,51,4.472249507904053
gptoss,201691562,51,2.3949694633483887
gptoss,201697450,51,4.294188499450684
gptoss,201698093,51,2.8010592460632324
gptoss,201698197,51,2.9340407848358154
gptoss,201698258,51,4.276205539703369
gptoss,201698358,51,6.007298469543457
gptoss,201741133,51,4.495939254760742
gptoss,201742252,51,2.7374703884124756
gptoss,201742578,51,3.8605642318725586
gptoss,202120468,51,3.3234493732452393
gptoss,202120592,51,5.29063081741333
gptoss,202121966,51,2.3834023475646973
gptoss,202235037,51,7.247004508972168
gptoss,202235596,51,5.3497700691223145
gptoss,202537031,51,3.530001163482666
gptoss,202537041,51,4.007937908172607
gptoss,202537179,51,2.883209228515625
gptoss,202537221,51,4.322263717651367
gptoss,202537332,51,4.004996299743652
gptoss,202537477,51,3.1582608222961426
gptoss,202537499,51,3.094101905822754
gptoss,202537890,51,3.079460382461548
gptoss,202538141,51,4.010801315307617
gptoss,202538495,51,5.217350006103516
gptoss,202538609,51,3.6519129276275635
gptoss,202538897,51,3.2496955394744873
gptoss,202539004,51,3.7362754344940186
gptoss,202539031,51,5.515288352966309
gptoss,202539063,51,4.355152606964111
gptoss,202539354,51,2.929574966430664
gptoss,202539496,51,3.662926435470581
gptoss,202539540,51,3.6807000637054443
gptoss,202540033,51,4.865786552429199
gptoss,202540088,51,3.791133165359497
gptoss,202540096,51,3.4946253299713135
gptoss,202540203,51,2.8942389488220215
gptoss,202540590,51,4.093297481536865
gptoss,202540591,51,4.446686744689941
gptoss,202540640,51,2.7374112606048584
gptoss,202540793,51,3.15516996383667
gptoss,202540839,51,3.508209228515625
gptoss,202541009,51,4.005308151245117
gptoss,202541012,51,4.622818470001221
gptoss,202541043,51,4.297845840454102
gptoss,202541147,51,5.471051216125488
gptoss,202541184,51,3.6659576892852783
gptoss,202541185,51,3.5521678924560547
gptoss,202541352,51,2.7432596683502197
gptoss,202541363,51,2.91230845451355
gptoss,202541447,51,3.125102996826172
gptoss,202541473,51,3.1488394737243652
gptoss,202541491,51,2.9127004146575928
gptoss,202541545,51,4.635777473449707
gptoss,202541569,51,3.0971519947052
gptoss,202541578,51,3.432469129562378
gptoss,202541610,51,3.5340280532836914
gptoss,202541654,51,3.409106731414795
gptoss,202542261,51,5.30987548828125
gptoss,202542397,51,2.9224047660827637
gptoss,202542569,51,4.206160068511963
gptoss,202542757,51,4.271753787994385
gptoss,202558451,51,4.118260383605957
gptoss,202558815,51,4.84324312210083
gptoss,202565485,51,4.296247959136963
gptoss,202565569,51,3.867659568786621
gptoss,202565697,51,2.928835391998291
gptoss,202572810,51,4.2203688621521
gptoss,202577372,51,4.292680740356445
gptoss,202577934,51,2.8656795024871826
gptoss,202583694,51,3.71518874168396
gptoss,202635721,51,3.594928741455078
gptoss,202660724,51,5.043591499328613
gptoss,202660912,51,3.4125425815582275
gptoss,202661048,51,2.9060559272766113
gptoss,202712648,51,2.717367172241211
gptoss,202718954,51,3.2671737670898438
gptoss,202734183,51,3.7872066497802734
gptoss,202734592,51,3.685539960861206
gptoss,202763602,51,3.451395034790039
gptoss,202765126,51,5.4315361976623535
gptoss,202765253,51,3.4199981689453125
gptoss,202765548,51,4.653824329376221
gptoss,202769823,51,3.132823944091797
gptoss,202770936,51,2.8313393592834473
gptoss,202771124,51,3.4317479133605957
gptoss,202771535,51,4.8044352531433105
gptoss,202773239,51,2.7646336555480957
gptoss,202773689,51,3.626291036605835
gptoss,202774375,51,3.5472490787506104
gptoss,202774468,51,3.4717087745666504
gptoss,202776122,51,3.774451732635498
gptoss,202776447,51,3.8471035957336426
gptoss,202776649,51,3.8249850273132324
gptoss,202781392,51,2.9345035552978516
gptoss,202783478,51,3.4252593517303467
gptoss,202784449,51,3.0127530097961426
gptoss,202785255,51,3.4291911125183105
gptoss,202785879,51,3.6389946937561035
gptoss,202786066,51,3.636223077774048
gptoss,202786882,51,3.793386459350586
gptoss,202788490,51,4.249259948730469
gptoss,202788575,51,3.070091485977173
gptoss,202789603,51,2.4253060817718506
gptoss,203146520,51,3.387263774871826
gptoss,203150358,51,3.7161765098571777
gptoss,203610181,51,2.8852882385253906
gptoss,203626520,51,3.0244381427764893
gptoss,203836056,51,4.204217910766602
gptoss,203836888,51,6.783230304718018
gptoss,203905404,51,3.2185912132263184
gptoss,204009154,51,3.4491777420043945
gptoss,204512247,51,4.468259334564209
gptoss,204744108,51,4.586644649505615
gptoss,204823992,51,3.5743558406829834
gptoss,204902024,51,3.5680294036865234
gptoss,204949631,51,4.204927921295166
gptoss,207794190,51,3.800344705581665
gptoss,207847197,51,3.7159087657928467
gptoss,207847250,51,5.19596004486084
gptoss,207847598,51,4.745676517486572
gptoss,207847960,51,4.132542610168457
gptoss,207852358,51,3.82810640335083
gptoss,207852450,51,4.048817157745361
gptoss,207852597,51,3.7560722827911377
gptoss,207852642,51,4.73087215423584
gptoss,207853017,51,4.3634257316589355
gptoss,207853111,51,4.175261974334717
gptoss,207853145,51,3.6165781021118164
gptoss,207853191,51,4.529289245605469
gptoss,207853290,51,3.482332706451416
gptoss,207853300,51,3.7435879707336426
gptoss,207853304,51,5.607370376586914
gptoss,207863306,51,4.310819625854492
gptoss,207870323,51,5.170517921447754
gptoss,207870937,51,2.8311541080474854
gptoss,207901226,51,3.5923550128936768
gptoss,207925651,51,3.0908291339874268
gptoss,207996257,51,4.093540191650391
gptoss,208001011,51,3.2296347618103027
gptoss,208006253,51,3.816230535507202
gptoss,208191596,51,3.1594491004943848
gptoss,208527026,51,3.712679624557495
gptoss,208547632,51,3.1508171558380127
gptoss,209009596,51,4.993140697479248
gptoss,209054931,51,2.9361348152160645
gptoss,209202658,51,4.404297828674316
gptoss,210164439,51,4.059992790222168
gptoss,210164665,51,4.969956874847412
gptoss,210701352,51,3.465332508087158
gptoss,210714061,51,5.388182163238525
gptoss,211003735,51,4.388740539550781
gptoss,211029226,51,5.757811069488525
gptoss,211031933,51,4.714993000030518
gptoss,211066200,51,5.046367645263672
gptoss,211082681,51,4.63957405090332
gptoss,211126910,51,3.105816602706909
gptoss,211258645,51,4.051739692687988
gptoss,211532588,51,4.018265247344971
gptoss,211677475,51,4.988380432128906
gptoss,211987786,51,5.346287250518799
gptoss,212718077,51,5.630415439605713
gptoss,212725806,51,3.304474353790283
gptoss,212747810,51,4.88002872467041
gptoss,212800438,51,3.3156888484954834
gptoss,213982630,51,3.973888397216797
gptoss,214623124,51,5.205124855041504
gptoss,214693050,51,3.9439845085144043
gptoss,214794966,51,4.167503356933594
gptoss,214802401,51,4.5201640129089355
gptoss,214802500,51,3.3548083305358887
gptoss,214802514,51,4.735318660736084
gptoss,214802587,51,3.412601947784424
gptoss,214802624,51,2.6670589447021484
gptoss,214802812,51,3.0351455211639404
gptoss,214802856,51,4.795100212097168
gptoss,214802887,51,4.366085529327393
gptoss,214803082,51,3.196916103363037
gptoss,215191351,51,5.028756141662598
gptoss,215238391,51,3.5308377742767334
gptoss,215238965,51,4.017895698547363
gptoss,215415911,51,3.2637546062469482
gptoss,215415968,51,3.5281982421875
gptoss,215416110,51,3.2809159755706787
gptoss,215416175,51,3.4097976684570312
gptoss,215416349,51,6.308550834655762
gptoss,215547988,51,4.057976245880127
gptoss,215548041,51,4.810615062713623
gptoss,215548215,51,3.846364974975586
gptoss,215548225,51,4.434786796569824
gptoss,215548916,51,2.5530707836151123
gptoss,215737001,51,2.9722900390625
gptoss,215744806,51,2.927593946456909
gptoss,215744924,51,3.5707035064697266
gptoss,215744944,51,3.3494935035705566
gptoss,215745286,51,4.104267597198486
gptoss,215745290,51,4.637598991394043
gptoss,215745354,51,3.8763468265533447
gptoss,215745536,51,3.3627452850341797
gptoss,215768766,51,4.342433452606201
gptoss,215768768,51,4.941304683685303
gptoss,215768769,51,4.012652397155762
gptoss,215768835,51,2.8392066955566406
gptoss,215785828,51,3.7262792587280273
gptoss,215785895,51,5.036731243133545
gptoss,215786391,51,3.4933407306671143
gptoss,215806653,51,4.062579154968262
gptoss,215811473,51,3.1844162940979004
gptoss,215814290,51,3.2193045616149902
gptoss,215814515,51,4.660860061645508
gptoss,215826646,51,3.5169010162353516
gptoss,215827207,51,3.7808332443237305
gptoss,215827461,51,4.3481645584106445
gptoss,215827653,51,3.642430067062378
gptoss,215827766,51,4.278517723083496
gptoss,215827807,51,3.570970058441162
gptoss,215827989,51,2.7581088542938232
gptoss,215828313,51,3.1175029277801514
gptoss,215828384,51,3.6950700283050537
gptoss,215828553,51,3.202021837234497
gptoss,216035773,51,2.651437282562256
gptoss,216056240,51,5.743095874786377
gptoss,216056269,51,3.4431371688842773
gptoss,216056453,51,3.488632917404175
gptoss,216056509,51,3.1871824264526367
gptoss,216080642,51,3.3281402587890625
gptoss,216080701,51,4.116820812225342
gptoss,216080986,51,2.9172940254211426
gptoss,216144439,51,3.457601308822632
gptoss,216144503,51,4.452328205108643
gptoss,216144770,51,3.6971309185028076
gptoss,216552849,51,3.4884936809539795
gptoss,216552854,51,4.7293853759765625
gptoss,216552897,51,5.328341007232666
gptoss,216552978,51,3.8641421794891357
gptoss,216553067,51,4.627350330352783
gptoss,216553182,51,4.3466877937316895
gptoss,216553210,51,4.266721248626709
gptoss,216553264,51,3.185915946960449
gptoss,216557637,51,2.8951284885406494
gptoss,216562233,51,3.747753620147705
gptoss,216562330,51,3.1957099437713623
gptoss,216562386,51,3.1170310974121094
gptoss,216562638,51,3.422400712966919
gptoss,216562779,51,3.1663055419921875
gptoss,216562785,51,3.90765118598938
gptoss,216636598,51,3.2184417247772217
gptoss,216641736,51,3.2902626991271973
gptoss,216641773,51,5.172679424285889
gptoss,216641842,51,2.795177459716797
gptoss,216641848,51,4.8538007736206055
gptoss,216641852,51,3.4484827518463135
gptoss,216641956,51,3.4651994705200195
gptoss,216642043,51,3.635010004043579
gptoss,216642230,51,3.035186529159546
gptoss,216867622,51,3.494633913040161
gptoss,216868180,51,4.533123016357422
gptoss,216868234,51,3.702310562133789
gptoss,216868259,51,2.594721794128418
gptoss,216868472,51,3.419785499572754
gptoss,216868486,51,2.9237747192382812
gptoss,216868525,51,3.5206916332244873
gptoss,216868592,51,4.038003921508789
gptoss,216868683,51,4.157858848571777
gptoss,216868725,51,3.768660545349121
gptoss,216869183,51,3.7282657623291016
gptoss,216869577,51,4.431500434875488
gptoss,216914409,51,3.268632411956787
gptoss,216914626,51,4.076610565185547
gptoss,216914911,51,3.9886465072631836
gptoss,218076648,51,3.439021110534668
gptoss,218470058,51,3.718249797821045
gptoss,218470122,51,3.779343843460083
gptoss,218470125,51,3.0422182083129883
gptoss,218470144,51,4.426707744598389
gptoss,218470237,51,2.658950090408325
gptoss,218470359,51,6.06540060043335
gptoss,218470427,51,4.069387435913086
gptoss,218470517,51,3.7630343437194824
gptoss,218486837,51,4.031852722167969
gptoss,218487098,51,3.6023011207580566
gptoss,218487100,51,4.156896114349365
gptoss,218487136,51,3.567697763442993
gptoss,218487168,51,3.429628372192383
gptoss,218487230,51,2.6857194900512695
gptoss,218487237,51,3.804758071899414
gptoss,218487279,51,3.931682586669922
gptoss,218487288,51,3.692126989364624
gptoss,218487373,51,4.622525691986084
gptoss,218487454,51,4.360052108764648
gptoss,218487506,51,3.697366714477539
gptoss,218487696,51,4.236820220947266
gptoss,218487733,51,4.201627254486084
gptoss,218500588,51,3.933037042617798
gptoss,218501728,51,3.786036968231201
gptoss,218502350,51,4.684764385223389
gptoss,218517044,51,2.6952173709869385
gptoss,218517088,51,2.884603500366211
gptoss,218517128,51,3.6090099811553955
gptoss,218538467,51,3.5571930408477783
gptoss,218560609,51,4.423381805419922
gptoss,218571018,51,3.135457754135132
gptoss,218571035,51,3.1676456928253174
gptoss,218571152,51,3.3404834270477295
gptoss,218571167,51,3.746142625808716
gptoss,218571335,51,3.4614615440368652
gptoss,218580945,51,3.1036579608917236
gptoss,218581853,51,3.2040624618530273
gptoss,218595658,51,4.2659010887146
gptoss,218595710,51,3.7512471675872803
gptoss,218595915,51,4.308521747589111
gptoss,218595930,51,3.093860626220703
gptoss,218610661,51,4.635872840881348
gptoss,218613630,51,3.233189821243286
gptoss,218613850,51,3.335491180419922
gptoss,218614095,51,3.029782295227051
gptoss,218628691,51,3.9671308994293213
gptoss,218628872,51,5.238223552703857
gptoss,218630027,51,2.8658690452575684
gptoss,218665566,51,2.9864513874053955
gptoss,218674382,51,3.874300718307495
gptoss,218684346,51,3.0960988998413086
gptoss,218718559,51,2.7261195182800293
gptoss,218718982,51,3.4903087615966797
gptoss,218763259,51,6.283247947692871
gptoss,218763425,51,4.194777965545654
gptoss,218763678,51,2.2705724239349365
gptoss,218869840,51,3.133991003036499
gptoss,218883429,51,3.0371150970458984
gptoss,218889746,51,2.6203014850616455
gptoss,218901061,51,4.609717845916748
gptoss,218971632,51,4.105217456817627
gptoss,218971877,51,4.119153022766113
gptoss,218974137,51,2.509341239929199
gptoss,219036690,51,3.1663918495178223
gptoss,219124328,51,4.197502613067627
gptoss,219165306,51,4.041791915893555
gptoss,219176513,51,3.9839999675750732
gptoss,219176849,51,3.6302924156188965
gptoss,219177150,51,4.158910751342773
gptoss,219260306,51,2.6412317752838135
gptoss,219302617,51,2.7147300243377686
gptoss,219304854,51,3.5412545204162598
gptoss,219304992,51,4.148956298828125
gptoss,219306244,51,5.7421770095825195
gptoss,219307246,51,2.6810879707336426
gptoss,219309091,51,3.598414897918701
gptoss,219310312,51,2.9352433681488037
gptoss,219401758,51,3.290095329284668
gptoss,219530664,51,3.5415356159210205
gptoss,219530980,51,3.0287094116210938
gptoss,219558508,51,2.603628158569336
gptoss,219573244,51,4.235682010650635
gptoss,219573654,51,3.3686647415161133
gptoss,219635956,51,2.578444719314575
gptoss,219708219,51,6.296359062194824
gptoss,219719687,51,3.970377206802368
gptoss,219721462,51,3.9933364391326904
gptoss,219966938,51,5.17063570022583
gptoss,219980605,51,4.205465793609619
gptoss,220044829,51,4.023658275604248
gptoss,220044878,51,2.4456326961517334
gptoss,220044881,51,3.9389443397521973
gptoss,220045417,51,3.6564242839813232
gptoss,220045465,51,3.280339002609253
gptoss,220045816,51,4.87655782699585
gptoss,220045824,51,3.124372959136963
gptoss,220045825,51,2.7186548709869385
gptoss,220045826,51,3.3541886806488037
gptoss,220045828,51,2.964125633239746
gptoss,220045831,51,3.2473111152648926
gptoss,220045835,51,5.76742696762085
gptoss,220045906,51,3.5315353870391846
gptoss,220045915,51,3.7700445652008057
gptoss,220045953,51,3.426347255706787
gptoss,220046222,51,2.645582914352417
gptoss,220046453,51,3.2566843032836914
gptoss,220046465,51,3.40216326713562
gptoss,220046499,51,4.6464104652404785
gptoss,220046510,51,4.083741664886475
gptoss,220046814,51,2.622896671295166
gptoss,220047070,51,3.0107839107513428
gptoss,220047186,51,3.803903818130493
gptoss,220047251,51,4.045769691467285
gptoss,220047266,51,3.7364933490753174
gptoss,220047363,51,2.7562177181243896
gptoss,220047771,51,3.7374911308288574
gptoss,220047822,51,3.098233461380005
gptoss,220047831,51,4.076757431030273
gptoss,220047862,51,3.4038281440734863
gptoss,220047871,51,4.6070556640625
gptoss,220047976,51,3.764495372772217
gptoss,220048083,51,3.0076746940612793
gptoss,220048213,51,3.5236093997955322
gptoss,220048228,51,2.8718810081481934
gptoss,220049701,51,2.8056442737579346
gptoss,220059617,51,3.5784058570861816
gptoss,220060899,51,2.936692237854004
gptoss,220250648,51,4.2964324951171875
gptoss,220265679,51,4.401251792907715
gptoss,220280994,51,3.7933619022369385
gptoss,220330688,51,2.62109112739563
gptoss,220331638,51,2.81255841255188
gptoss,220363596,51,4.190168380737305
gptoss,220364230,51,5.631809711456299
gptoss,220425360,51,4.7142014503479
gptoss,220525491,51,4.7986860275268555
gptoss,220546439,51,4.725144863128662
gptoss,220686630,51,2.6474719047546387
gptoss,220794027,51,3.7295773029327393
gptoss,220919861,51,3.5458357334136963
gptoss,221005781,51,3.83164644241333
gptoss,221090091,51,2.7429537773132324
gptoss,221090332,51,2.5242297649383545
gptoss,221150562,51,3.9615278244018555
gptoss,221246333,51,3.3736660480499268
gptoss,221376974,51,4.321285247802734
gptoss,221517069,51,2.391955614089966
gptoss,221640658,51,3.9208083152770996
gptoss,221702970,51,4.533587455749512
gptoss,221703773,51,3.829181432723999
gptoss,221738937,51,4.274226188659668
gptoss,221738987,51,3.1572980880737305
gptoss,221739233,51,4.192144870758057
gptoss,221739295,51,4.09529972076416
gptoss,221739314,51,4.220132350921631
gptoss,221749138,51,3.1733267307281494
gptoss,221761251,51,3.3169498443603516
gptoss,221761320,51,3.9526309967041016
gptoss,221761685,51,3.177020788192749
gptoss,221802738,51,4.169086933135986
gptoss,221802772,51,4.141127586364746
gptoss,221818878,51,3.3342790603637695
gptoss,221835708,51,3.052809000015259
gptoss,221836078,51,5.592981338500977
gptoss,221836081,51,3.1147139072418213
gptoss,221845203,51,7.374041557312012
gptoss,221857750,51,4.026274681091309
gptoss,221878973,51,4.000484466552734
gptoss,221879025,51,4.88133430480957
gptoss,221948991,51,3.7492306232452393
gptoss,221949175,51,3.871230363845825
gptoss,221949448,51,3.45296573638916
gptoss,221970112,51,4.960610389709473
gptoss,221970445,51,3.760955810546875
gptoss,221970493,51,3.674725294113159
gptoss,221995543,51,4.0941572189331055
gptoss,221995630,51,5.19667911529541
gptoss,221996144,51,2.9871034622192383
gptoss,222008363,51,3.231689453125
gptoss,222066712,51,3.7261505126953125
gptoss,222090330,51,3.5543317794799805
gptoss,222090412,51,4.520275115966797
gptoss,222103842,51,4.994709491729736
gptoss,222124366,51,5.015661239624023
gptoss,222124934,51,4.063076972961426
gptoss,222125099,51,5.018126010894775
gptoss,222132916,51,4.557905197143555
gptoss,222133028,51,3.154515027999878
gptoss,222133166,51,3.276132106781006
gptoss,222134074,51,2.7214503288269043
gptoss,222134115,51,3.10152530670166
gptoss,222140803,51,2.9938738346099854
gptoss,222140969,51,2.5731496810913086
gptoss,222141043,51,3.8779635429382324
gptoss,222141045,51,2.5643935203552246
gptoss,222141054,51,4.684996604919434
gptoss,222141056,51,3.9471089839935303
gptoss,222141483,51,3.132638931274414
gptoss,222141790,51,3.4112086296081543
gptoss,222142129,51,4.136948108673096
gptoss,222156681,51,3.5917539596557617
gptoss,222176890,51,5.399820327758789
gptoss,222177069,51,3.6872854232788086
gptoss,222177127,51,2.940586566925049
gptoss,222177239,51,2.8865554332733154
gptoss,222177485,51,4.742327690124512
gptoss,222177762,51,2.9611198902130127
gptoss,222177767,51,2.715299606323242
gptoss,222177851,51,3.061055898666382
gptoss,222205878,51,3.301234722137451
gptoss,222208701,51,4.354926586151123
gptoss,222208714,51,4.064253807067871
gptoss,222208845,51,2.551478147506714
gptoss,222208958,51,3.7415480613708496
gptoss,222208984,51,3.3283112049102783
gptoss,222209112,51,3.269192695617676
gptoss,222225253,51,3.056877851486206
gptoss,222271911,51,2.999486207962036
gptoss,222272319,51,3.2158751487731934
gptoss,222272447,51,3.868227481842041
gptoss,222290596,51,4.2108588218688965
gptoss,222290670,51,5.84872579574585
gptoss,222290677,51,3.0715179443359375
gptoss,222290679,51,3.2945852279663086
gptoss,222290752,51,4.667654037475586
gptoss,222290851,51,3.668793201446533
gptoss,222291117,51,4.078524112701416
gptoss,222291132,51,3.694462537765503
gptoss,222291386,51,3.7214276790618896
gptoss,222291532,51,4.908039093017578
gptoss,222291619,51,2.8002350330352783
gptoss,222306079,51,3.4477124214172363
gptoss,222310116,51,3.5115883350372314
gptoss,222310469,51,3.650521755218506
gptoss,222310559,51,4.1554036140441895
gptoss,222310618,51,4.755455017089844
gptoss,222310689,51,2.990100860595703
gptoss,222310761,51,3.247204542160034
gptoss,222310837,51,4.203939437866211
gptoss,222341502,51,3.742830753326416
gptoss,222341606,51,3.794067621231079
gptoss,222341713,51,4.8104963302612305
gptoss,222341867,51,4.301219463348389
gptoss,222377768,51,4.700128078460693
gptoss,222379195,51,4.316555500030518
gptoss,223953395,51,3.1862826347351074
gptoss,223953416,51,4.97406530380249
gptoss,223957053,51,4.137765884399414
gptoss,224704949,51,3.80212664604187
gptoss,224705337,51,4.638174533843994
gptoss,224706384,51,3.136857748031616
gptoss,224724415,51,4.701077461242676
gptoss,224802782,51,3.215535879135132
gptoss,224803298,51,3.2050209045410156
gptoss,224803491,51,4.205297946929932
gptoss,224803588,51,4.852206230163574
gptoss,224814107,51,5.559061527252197
gptoss,224818197,51,3.78763747215271
gptoss,225039884,51,2.744985818862915
gptoss,225040672,51,3.091655731201172
gptoss,225041226,51,3.713059663772583
gptoss,225062282,51,4.219834804534912
gptoss,225062337,51,4.288539409637451
gptoss,225066679,51,3.1393721103668213
gptoss,225066984,51,5.205053329467773
gptoss,225067055,51,5.229719161987305
gptoss,225067077,51,3.828869581222534
gptoss,225067549,51,3.602102279663086
gptoss,225067563,51,3.930159091949463
gptoss,225067713,51,3.295194149017334
gptoss,225068329,51,4.977355480194092
gptoss,225070214,51,2.9307339191436768
gptoss,225074971,51,3.092836856842041
gptoss,225075639,51,3.913522720336914
gptoss,225094152,51,3.1902310848236084
gptoss,225103036,51,3.147233486175537
gptoss,226222232,51,5.258638858795166
gptoss,226226607,51,4.766366004943848
gptoss,226226666,51,4.09011697769165
gptoss,226226744,51,4.546413898468018
gptoss,226227390,51,3.548082113265991
gptoss,226236740,51,3.6606204509735107
gptoss,226237179,51,2.8242177963256836
gptoss,226237546,51,3.2329578399658203
gptoss,226245979,51,2.885617256164551
gptoss,226254361,51,3.5773990154266357
gptoss,226262191,51,4.5550994873046875
gptoss,226262204,51,4.387867450714111
gptoss,226262205,51,4.7283244132995605
gptoss,226262224,51,2.8008029460906982
gptoss,226262227,51,3.1427431106567383
gptoss,226262252,51,3.177854061126709
gptoss,226262263,51,2.9790050983428955
gptoss,226262266,51,3.3807215690612793
gptoss,226262283,51,3.1837286949157715
gptoss,226262284,51,2.9506163597106934
gptoss,226262316,51,4.364503383636475
gptoss,226262325,51,3.858038902282715
gptoss,226262344,51,3.796619176864624
gptoss,226262349,51,2.8293967247009277
gptoss,226262425,51,4.884780406951904
gptoss,226278099,51,2.981034994125366
gptoss,226281376,51,3.1185500621795654
gptoss,226281660,51,4.54549503326416
gptoss,226283452,51,2.4562134742736816
gptoss,226283533,51,3.21113920211792
gptoss,226283593,51,4.927615165710449
gptoss,226283779,51,3.8976552486419678
gptoss,226283839,51,6.192050933837891
gptoss,226283910,51,5.710138320922852
gptoss,226283984,51,4.172425270080566
gptoss,226284018,51,3.111968755722046
gptoss,227230267,51,2.724334239959717
gptoss,227230896,51,2.6295595169067383
gptoss,227231059,51,3.4554693698883057
gptoss,227231123,51,3.5981578826904297
gptoss,227231240,51,4.352651119232178
gptoss,227231454,51,4.961458683013916
gptoss,227231541,51,3.528193473815918
gptoss,227231632,51,3.410449743270874
gptoss,227231689,51,4.417884826660156
gptoss,227255526,51,5.238085746765137
gptoss,227745074,51,3.9630680084228516
gptoss,227840539,51,2.887575149536133
gptoss,229152766,51,4.786888122558594
gptoss,229363636,51,3.453472375869751
gptoss,229365667,51,2.975466251373291
gptoss,229365773,51,3.5714640617370605
gptoss,229365839,51,4.1506195068359375
gptoss,229371560,51,4.339784622192383
gptoss,229376913,51,5.5070013999938965
gptoss,229376920,51,4.633381366729736
gptoss,229679941,51,5.041297435760498
gptoss,229923069,51,4.199918270111084
gptoss,229923118,51,4.991210460662842
gptoss,229923196,51,5.752735137939453
gptoss,229923207,51,3.276775360107422
gptoss,229923220,51,2.9545176029205322
gptoss,229923438,51,4.4937310218811035
gptoss,229923538,51,3.922649383544922
gptoss,229923551,51,2.725661516189575
gptoss,229923747,51,3.592992067337036
gptoss,229923749,51,4.140397071838379
gptoss,229923903,51,3.7542784214019775
gptoss,229924005,51,2.8771560192108154
gptoss,229924184,51,3.9049465656280518
gptoss,229924220,51,4.593649864196777
gptoss,229924402,51,3.718191623687744
gptoss,230119728,51,4.218692779541016
gptoss,230433978,51,3.414842367172241
gptoss,230434014,51,2.6120383739471436
gptoss,230437591,51,2.9776437282562256
gptoss,230437613,51,3.7515015602111816
gptoss,230438816,51,3.942152738571167
gptoss,231572779,51,4.900069713592529
gptoss,231592914,51,3.9800219535827637
gptoss,231648372,51,3.886115312576294
gptoss,231698419,51,2.6492388248443604
gptoss,231698657,51,3.150942325592041
gptoss,231704318,51,3.35486102104187
gptoss,231718729,51,4.768529415130615
gptoss,231719525,51,4.171682834625244
gptoss,231740666,51,3.584592580795288
gptoss,231749968,51,4.321545124053955
gptoss,231750020,51,2.995420455932617
gptoss,231879840,51,2.9279072284698486
gptoss,231951460,51,3.306443214416504
gptoss,232147874,51,4.607480049133301
gptoss,232185112,51,4.854057312011719
gptoss,232185275,51,3.577209949493408
gptoss,232185425,51,3.6023521423339844
gptoss,232185439,51,3.7838900089263916
gptoss,232222189,51,5.692713737487793
gptoss,232233408,51,4.929512977600098
gptoss,232233599,51,3.1279821395874023
gptoss,232240181,51,3.9460415840148926
gptoss,232257699,51,4.367614269256592
gptoss,232307006,51,2.7881932258605957
gptoss,232307434,51,3.646744966506958
gptoss,232307483,51,4.367176055908203
gptoss,232335602,51,5.307304859161377
gptoss,232335863,51,3.083220958709717
gptoss,232404131,51,3.4605982303619385
gptoss,232478685,51,3.087249994277954
gptoss,233004708,51,3.4451584815979004
gptoss,233033916,51,3.9617390632629395
gptoss,233189542,51,6.146903038024902
gptoss,233189569,51,3.2017934322357178
gptoss,233204406,51,3.3634450435638428
gptoss,233209848,51,3.07710337638855
gptoss,233210110,51,4.296545505523682
gptoss,233210195,51,4.467255115509033
gptoss,233210199,51,3.69631028175354
gptoss,233210367,51,4.162361145019531
gptoss,233210556,51,2.591768980026245
gptoss,233219387,51,3.7507190704345703
gptoss,233219395,51,2.3175320625305176
gptoss,233219660,51,3.5639264583587646
gptoss,233219933,51,3.2807834148406982
gptoss,233231453,51,3.666586399078369
gptoss,233231592,51,4.0494160652160645
gptoss,233240744,51,3.1901590824127197
gptoss,233240759,51,2.9567863941192627
gptoss,233240823,51,3.83699369430542
gptoss,233241004,51,4.277225494384766
gptoss,233241070,51,3.186471462249756
gptoss,233241169,51,3.3736655712127686
gptoss,233289620,51,3.659907817840576
gptoss,233289621,51,4.165608882904053
gptoss,233289750,51,4.14778995513916
gptoss,233296168,51,4.782838821411133
gptoss,233296182,51,5.598811149597168
gptoss,233296487,51,4.147564888000488
gptoss,233296511,51,3.9352948665618896
gptoss,233296655,51,3.7042813301086426
gptoss,233296689,51,4.340618133544922
gptoss,233296709,51,3.8696305751800537
gptoss,233296775,51,4.442898273468018
gptoss,233297024,51,4.8482584953308105
gptoss,233304563,51,3.002326488494873
gptoss,233324564,51,4.283166885375977
gptoss,233365172,51,4.303626537322998
gptoss,233365339,51,2.531844139099121
gptoss,233423658,51,3.5022292137145996
gptoss,233444226,51,6.159948825836182
gptoss,233481097,51,4.766165733337402
gptoss,233864627,51,5.592347145080566
gptoss,234334712,51,2.795863628387451
gptoss,234335834,51,5.924798488616943
gptoss,234337605,51,3.2504773139953613
gptoss,234341137,51,3.551361083984375
gptoss,234469638,51,3.0461745262145996
gptoss,234469858,51,4.701116561889648
gptoss,234679287,51,2.8142025470733643
gptoss,234679391,51,3.112247943878174
gptoss,234681504,51,3.559818983078003
gptoss,234741719,51,3.7973709106445312
gptoss,234762936,51,4.564052581787109
gptoss,234763248,51,3.6598763465881348
gptoss,234778136,51,3.189548969268799
gptoss,234790219,51,4.235037326812744
gptoss,235097275,51,3.3874332904815674
gptoss,235097294,51,3.9069199562072754
gptoss,235097313,51,3.176243543624878
gptoss,235097561,51,4.012279033660889
gptoss,235097625,51,3.449918746948242
gptoss,235097662,51,3.6900651454925537
gptoss,235125628,51,4.348206996917725
gptoss,235166279,51,4.794239521026611
gptoss,235166395,51,4.0894694328308105
gptoss,235166497,51,3.7246901988983154
gptoss,235187032,51,3.641350746154785
gptoss,235196029,51,3.471710205078125
gptoss,235196067,51,3.1243786811828613
gptoss,235212088,51,3.3542609214782715
gptoss,235248187,51,2.6156835556030273
gptoss,235253782,51,3.4565300941467285
gptoss,235253912,51,2.776278257369995
gptoss,235254048,51,3.8944694995880127
gptoss,235254574,51,3.8909871578216553
gptoss,235254732,51,3.7538340091705322
gptoss,235254796,51,3.1551754474639893
gptoss,235265858,51,2.6123294830322266
gptoss,235266233,51,4.220269203186035
gptoss,235266322,51,4.449434280395508
gptoss,235266324,51,3.548759698867798
gptoss,235293739,51,2.703164577484131
gptoss,235293774,51,3.069520950317383
gptoss,235293802,51,3.3186862468719482
gptoss,235293967,51,4.148407459259033
gptoss,235294002,51,2.860928773880005
gptoss,235294081,51,3.5483007431030273
gptoss,235294296,51,5.228695869445801
gptoss,235313431,51,3.013652801513672
gptoss,235313469,51,2.807929039001465
gptoss,235313508,51,3.009827136993408
gptoss,235313546,51,2.76076340675354
gptoss,235313658,51,2.987525463104248
gptoss,235313785,51,3.368547201156616
gptoss,235313788,51,3.1808292865753174
gptoss,235313818,51,3.0804030895233154
gptoss,235313879,51,3.3652145862579346
gptoss,235313916,51,3.6485700607299805
gptoss,235313996,51,3.5179219245910645
gptoss,235352646,51,4.420869827270508
gptoss,235358130,51,4.032886981964111
gptoss,235358897,51,4.510863304138184
gptoss,235358955,51,3.2667348384857178
gptoss,235359141,51,5.011223316192627
gptoss,235364002,51,2.882723093032837
gptoss,235364036,51,2.711174249649048
gptoss,235367681,51,2.5976274013519287
gptoss,235368202,51,4.297714710235596
gptoss,235390503,51,3.212632417678833
gptoss,235391043,51,4.5763349533081055
gptoss,235415270,51,3.9187512397766113
gptoss,235417102,51,3.4719653129577637
gptoss,235417177,51,3.0506982803344727
gptoss,235417503,51,3.7770256996154785
gptoss,235422047,51,3.4312336444854736
gptoss,235433328,51,3.8202695846557617
gptoss,235446895,51,2.8866617679595947
gptoss,235457983,51,2.65102481842041
gptoss,235458570,51,3.340684652328491
gptoss,235458620,51,4.243230819702148
gptoss,235458643,51,4.254959583282471
gptoss,235485451,51,3.416356325149536
gptoss,235490087,51,3.7908599376678467
gptoss,235652287,51,4.1544599533081055
gptoss,235669861,51,4.318353652954102
gptoss,235683062,51,4.772139072418213
gptoss,235683485,51,4.298542499542236
gptoss,235694265,51,5.321131229400635
gptoss,235720578,51,3.174903631210327
gptoss,235794968,51,3.0137181282043457
gptoss,235795670,51,3.84653377532959
gptoss,235828923,51,4.657060623168945
gptoss,235828943,51,3.1125900745391846
gptoss,235898896,51,4.433835983276367
gptoss,236087808,51,2.5134224891662598
gptoss,236171157,51,3.975733757019043
gptoss,236428724,51,2.6323325634002686
gptoss,236428961,51,2.8090884685516357
gptoss,236459819,51,3.873938798904419
gptoss,236459826,51,3.064990758895874
gptoss,236459873,51,3.9291446208953857
gptoss,236459933,51,3.8133602142333984
gptoss,236459946,51,3.24918794631958
gptoss,236459953,51,3.975015640258789
gptoss,236460001,51,3.156599521636963
gptoss,236460053,51,3.287900447845459
gptoss,236460056,51,3.824378728866577
gptoss,236460087,51,3.072333812713623
gptoss,236460102,51,3.67223858833313
gptoss,236460230,51,2.333022117614746
gptoss,236460239,51,4.157754421234131
gptoss,236460257,51,3.1872498989105225
gptoss,236460275,51,5.0342936515808105
gptoss,236460302,51,5.232353210449219
gptoss,236460322,51,2.4097115993499756
gptoss,236477365,51,4.008031368255615
gptoss,236477682,51,2.674492120742798
gptoss,236477844,51,3.7714884281158447
gptoss,236477909,51,3.3116471767425537
gptoss,236478188,51,4.002361297607422
gptoss,236478383,51,2.617506265640259
gptoss,236912915,51,4.121776580810547
gptoss,236924832,51,4.963012218475342
gptoss,236956577,51,4.546555519104004
gptoss,237091377,51,3.5904462337493896
gptoss,237213465,51,3.1834323406219482
gptoss,237251782,51,4.18641996383667
gptoss,237263305,51,3.9290730953216553
gptoss,237304047,51,3.363729238510132
gptoss,237304067,51,3.767944574356079
gptoss,237304520,51,3.735586404800415
gptoss,237346893,51,3.896878242492676
gptoss,237346897,51,5.393409729003906
gptoss,237347122,51,3.5651094913482666
gptoss,237353665,51,3.739084005355835
gptoss,237365058,51,3.776951789855957
gptoss,237386676,51,3.3090975284576416
gptoss,237416760,51,4.703370094299316
gptoss,237420398,51,3.5728230476379395
gptoss,237420821,51,2.9732494354248047
gptoss,237421373,51,4.2911272048950195
gptoss,237431340,51,7.5586628913879395
gptoss,237433655,51,4.093155860900879
gptoss,237439400,51,2.7626922130584717
gptoss,237440319,51,3.3482742309570312
gptoss,237442211,51,3.6168034076690674
gptoss,237442331,51,5.7854413986206055
gptoss,237452184,51,4.343796730041504
gptoss,237452236,51,3.5470800399780273
gptoss,237453242,51,3.117887496948242
gptoss,237453543,51,3.7216649055480957
gptoss,237453590,51,2.9319770336151123
gptoss,237454564,51,3.5416905879974365
gptoss,237485098,51,2.977243423461914
gptoss,237485454,51,3.8607943058013916
gptoss,237485472,51,4.181262969970703
gptoss,237485586,51,3.4310269355773926
gptoss,237490811,51,3.4782843589782715
gptoss,237491053,51,5.373298645019531
gptoss,237491444,51,2.766433000564575
gptoss,237491751,51,2.790637254714966
gptoss,237492043,51,2.6842663288116455
gptoss,237492197,51,3.65187406539917
gptoss,237500283,51,2.7738895416259766
gptoss,237504105,51,2.6396358013153076
gptoss,237507028,51,5.342931270599365
gptoss,237513360,51,3.521113634109497
gptoss,237532321,51,3.1302590370178223
gptoss,237532404,51,2.981842517852783
gptoss,237561567,51,4.946115016937256
gptoss,237562875,51,3.3406505584716797
gptoss,237562927,51,3.4090635776519775
gptoss,237568724,51,5.121431827545166
gptoss,237571370,51,3.087766170501709
gptoss,237571691,51,4.091187953948975
gptoss,237572304,51,3.202038049697876
gptoss,237581068,51,3.5454277992248535
gptoss,237698810,51,3.7335762977600098
gptoss,237940082,51,3.8258235454559326
gptoss,237940206,51,4.053755283355713
gptoss,237940558,51,3.582087516784668
gptoss,238198104,51,3.3247971534729004
gptoss,238198383,51,2.509594440460205
gptoss,238226978,51,3.7565126419067383
gptoss,238259221,51,2.6240463256835938
gptoss,238259403,51,4.139509201049805
gptoss,238634750,51,4.3882341384887695
gptoss,238744497,51,3.664785146713257
gptoss,238856828,51,4.069859981536865
gptoss,238856900,51,4.406407833099365
gptoss,238857078,51,3.1484715938568115
gptoss,238857121,51,3.6847825050354004
gptoss,238857301,51,3.8418798446655273
gptoss,238857304,51,4.329935550689697
gptoss,239009558,51,3.320040225982666
gptoss,239009606,51,3.472066879272461
gptoss,239015827,51,3.680021286010742
gptoss,239015946,51,4.811774253845215
gptoss,239016123,51,4.466231346130371
gptoss,239016717,51,3.476768732070923
gptoss,239016893,51,3.19638729095459
gptoss,239049842,51,3.273956775665283
gptoss,240225648,51,4.817492485046387
gptoss,240288892,51,4.1513800621032715
gptoss,241032941,51,3.5182855129241943
gptoss,241033259,51,4.4658684730529785
gptoss,241583340,51,3.542634963989258
gptoss,241583576,51,2.718121290206909
gptoss,243865127,51,3.088688373565674
gptoss,243865204,51,3.742497205734253
gptoss,243865235,51,4.14727783203125
gptoss,243865296,51,3.1631128787994385
gptoss,243865314,51,3.6577999591827393
gptoss,243865355,51,3.3479161262512207
gptoss,243865391,51,3.267277479171753
gptoss,243865395,51,3.3534889221191406
gptoss,243865399,51,4.043728828430176
gptoss,244117167,51,2.820558547973633
gptoss,244909056,51,4.420269012451172
gptoss,245124270,51,4.7493205070495605
gptoss,245130931,51,5.510794639587402
gptoss,245131402,51,3.775239944458008
gptoss,245144752,51,2.9681568145751953
gptoss,245218563,51,4.389338493347168
gptoss,245218671,51,5.639233112335205
gptoss,245218982,51,3.4936180114746094
gptoss,245219268,51,4.093700885772705
gptoss,245219282,51,4.057256698608398
gptoss,245334784,51,4.5989508628845215
gptoss,245836939,51,4.187296390533447
gptoss,245853756,51,3.149994134902954
gptoss,245855870,51,3.4390716552734375
gptoss,246016271,51,3.5761778354644775
gptoss,246017095,51,4.627837181091309
gptoss,246063436,51,3.0083158016204834
gptoss,246867373,51,3.421884775161743
gptoss,247158838,51,4.3447370529174805
gptoss,247159046,51,3.5051567554473877
gptoss,247187588,51,3.9094440937042236
gptoss,247222710,51,2.711916208267212
gptoss,247291740,51,2.897341728210449
gptoss,247315166,51,3.687333106994629
gptoss,247315260,51,3.7009434700012207
gptoss,247362971,51,3.135758876800537
gptoss,247411350,51,3.7164950370788574
gptoss,247446572,51,4.262548923492432
gptoss,247446894,51,3.9393186569213867
gptoss,247447662,51,3.895145893096924
gptoss,247450580,51,2.9761152267456055
gptoss,247450969,51,3.421882390975952
gptoss,247451025,51,3.7301173210144043
gptoss,247451243,51,3.7768747806549072
gptoss,247475919,51,6.992288589477539
gptoss,247518984,51,2.927978038787842
gptoss,247519084,51,3.617450714111328
gptoss,247593812,51,3.0035552978515625
gptoss,247594302,51,3.7864437103271484
gptoss,247594716,51,4.027552127838135
gptoss,247594869,51,3.032349109649658
gptoss,247595094,51,3.357694625854492
gptoss,247595225,51,3.3846378326416016
gptoss,247596835,51,4.182964324951172
gptoss,247748640,51,3.939317226409912
gptoss,247748753,51,3.376495838165283
gptoss,247748809,51,5.814096450805664
gptoss,247762948,51,3.994459390640259
gptoss,247792843,51,3.427316665649414
gptoss,247849293,51,2.9266858100891113
gptoss,247958465,51,4.634360313415527
gptoss,248069378,51,3.5831165313720703
gptoss,248085045,51,3.468127489089966
gptoss,248118588,51,3.771641731262207
gptoss,248118703,51,2.4190714359283447
gptoss,248157348,51,3.692448854446411
gptoss,248227577,51,3.255809783935547
gptoss,248227660,51,3.836759328842163
gptoss,248239933,51,3.5918924808502197
gptoss,248377325,51,5.398032188415527
gptoss,248377585,51,2.732383966445923
gptoss,248406097,51,3.2041728496551514
gptoss,248427016,51,3.25140643119812
gptoss,248476156,51,3.630643367767334
gptoss,248512779,51,3.3231587409973145
gptoss,248524999,51,4.825861930847168
gptoss,248721950,51,2.587139129638672
gptoss,248779865,51,5.232303619384766
gptoss,248780015,51,4.0632476806640625
gptoss,248780118,51,3.5442347526550293
gptoss,248780173,51,2.5771377086639404
gptoss,248780372,51,4.15391731262207
gptoss,248780440,51,2.971101760864258
gptoss,248780469,51,3.8536291122436523
gptoss,248780517,51,2.4998109340667725
gptoss,248811704,51,3.236485719680786
gptoss,248888019,51,2.923370599746704
gptoss,248962000,51,2.438035488128662
gptoss,248987526,51,3.8214480876922607
gptoss,249062699,51,5.986451148986816
gptoss,249062866,51,4.00168514251709
gptoss,249151979,51,3.3637354373931885
gptoss,249172784,51,3.113596200942993
gptoss,249209909,51,2.5894553661346436
gptoss,249240598,51,3.5218002796173096
gptoss,249687727,51,4.096709251403809
gptoss,250311114,51,2.8746912479400635
gptoss,250390839,51,2.829885482788086
gptoss,250390923,51,3.209510564804077
gptoss,251765463,51,3.40881609916687
gptoss,252089779,51,3.577740430831909
gptoss,252439211,51,4.231703758239746
gptoss,252693442,51,3.2132585048675537
gptoss,252735160,51,3.830024480819702
gptoss,252735212,51,4.778257846832275
gptoss,252762414,51,3.306250810623169
gptoss,252780775,51,3.6308481693267822
gptoss,252815378,51,4.489555358886719
gptoss,252846273,51,2.712428092956543
gptoss,252873593,51,4.675682544708252
gptoss,252907428,51,3.545269012451172
gptoss,252967945,51,3.300243377685547
gptoss,252992571,51,2.1642982959747314
gptoss,253018348,51,3.3250222206115723
gptoss,253097741,51,3.695277214050293
gptoss,253098632,51,3.3022985458374023
gptoss,253107167,51,3.294649362564087
gptoss,253157899,51,3.3893895149230957
gptoss,253224433,51,4.0445356369018555
gptoss,253237701,51,5.535266399383545
gptoss,253244049,51,5.287103652954102
gptoss,253420743,51,5.021722316741943
gptoss,253447251,51,3.0101847648620605
gptoss,253510953,51,2.7452220916748047
gptoss,253735139,51,3.7979259490966797
gptoss,253762071,51,4.6992974281311035
gptoss,254275120,51,3.7052125930786133
gptoss,254591242,51,6.3374552726745605
gptoss,254686088,51,3.338029384613037
gptoss,254823156,51,3.677736282348633
gptoss,254854009,51,3.532212734222412
gptoss,254854257,51,3.2491610050201416
gptoss,254854495,51,4.500664710998535
gptoss,254877229,51,3.4254541397094727
gptoss,254877371,51,4.31665563583374
gptoss,254877569,51,4.481983184814453
gptoss,254877590,51,5.842564582824707
gptoss,256461033,51,3.5609939098358154
gptoss,257365015,51,5.546491622924805
gptoss,257833897,51,3.1772658824920654
gptoss,258352678,51,4.526022911071777
gptoss,258378275,51,3.915576934814453
gptoss,258480165,51,3.8236942291259766
gptoss,258547173,51,5.362646102905273
gptoss,258762343,51,4.209301471710205
gptoss,258822870,51,3.6939895153045654
gptoss,258832427,51,4.804018020629883
gptoss,258865558,51,3.3724365234375
gptoss,258887946,51,3.5656652450561523
gptoss,258947457,51,5.193887710571289
gptoss,258967265,51,4.075912952423096
gptoss,259251773,51,3.5792934894561768
gptoss,259370700,51,3.679805040359497
gptoss,259370817,51,4.35332727432251
gptoss,259370847,51,5.411513805389404
gptoss,259847758,51,3.9611027240753174
gptoss,260316324,51,3.384286642074585
gptoss,260490640,51,4.011565208435059
gptoss,260537993,51,3.485323429107666
gptoss,260557571,51,3.8108909130096436
gptoss,260704223,51,3.519580364227295
gptoss,261432085,51,3.8543050289154053
gptoss,263266654,51,3.5607688426971436
gptoss,263334529,51,3.964592695236206
gptoss,263610040,51,4.100733280181885
gptoss,263797079,51,2.686992883682251
gptoss,263797641,51,4.555611610412598
gptoss,263864711,51,4.352102756500244
gptoss,263876556,51,3.62807035446167
gptoss,263877300,51,2.7200326919555664
gptoss,263883914,51,2.7351789474487305
gptoss,263883936,51,3.0552120208740234
gptoss,264147090,51,4.6008172035217285
gptoss,264591429,51,6.947144031524658
gptoss,264719695,51,5.352694034576416
gptoss,265067269,51,3.193269729614258
gptoss,265157516,51,4.509575843811035
gptoss,265157884,51,3.8062503337860107
gptoss,265212821,51,4.8480000495910645
gptoss,265221210,51,4.144586086273193
gptoss,265607943,51,3.9576985836029053
gptoss,265608038,51,4.221471786499023
gptoss,265608057,51,2.6590967178344727
gptoss,265962751,51,5.525275707244873
gptoss,268357635,51,5.575770378112793
gptoss_medium,543,51,3.093355894088745
gptoss_medium,1105,51,4.8962836265563965
gptoss_medium,1587,51,2.7164573669433594
gptoss_medium,17355,51,2.6556360721588135
gptoss_medium,20744,51,3.163804054260254
gptoss_medium,39011,51,2.9581685066223145
gptoss_medium,41263,51,3.645455837249756
gptoss_medium,61274,51,2.7721269130706787
gptoss_medium,89639,51,3.4492533206939697
gptoss_medium,92327,51,3.431593418121338
gptoss_medium,94285,51,3.710325002670288
gptoss_medium,96824,51,3.6367130279541016
gptoss_medium,106054,51,4.313694477081299
gptoss_medium,115174,51,4.748291969299316
gptoss_medium,122829,51,2.6007823944091797
gptoss_medium,126584,51,2.1932477951049805
gptoss_medium,133195,51,3.817404270172119
gptoss_medium,138716,51,3.0592141151428223
gptoss_medium,139787,51,3.19071626663208
gptoss_medium,141282,51,2.7950925827026367
gptoss_medium,142368,51,2.442091703414917
gptoss_medium,146843,51,2.593461275100708
gptoss_medium,151184,51,2.6820766925811768
gptoss_medium,162169,51,2.4373815059661865
gptoss_medium,173611,51,2.7564899921417236
gptoss_medium,203279,51,2.6093556880950928
gptoss_medium,207468,51,3.8434784412384033
gptoss_medium,217895,51,2.357999086380005
gptoss_medium,220553,51,2.488720655441284
gptoss_medium,223637,51,3.350604295730591
gptoss_medium,230735,51,3.10579514503479
gptoss_medium,235645,51,2.754220724105835
gptoss_medium,247735,51,3.446495771408081
gptoss_medium,256149,51,2.857210159301758
gptoss_medium,259144,51,4.798922061920166
gptoss_medium,306227,51,3.8547685146331787
gptoss_medium,326903,51,3.819728136062622
gptoss_medium,337390,51,3.56528639793396
gptoss_medium,338760,51,2.566877841949463
gptoss_medium,340852,51,2.872097969055176
gptoss_medium,384520,51,3.2324776649475098
gptoss_medium,406026,51,2.8603146076202393
gptoss_medium,414569,51,4.276943206787109
gptoss_medium,437687,51,2.9613142013549805
gptoss_medium,441563,51,3.1478383541107178
gptoss_medium,472478,51,3.488652467727661
gptoss_medium,497108,51,3.663928747177124
gptoss_medium,524450,51,3.7206740379333496
gptoss_medium,557620,51,2.984687566757202
gptoss_medium,560565,51,2.827479600906372
gptoss_medium,574574,51,3.304644823074341
gptoss_medium,577805,51,3.7961699962615967
gptoss_medium,600412,51,3.874330759048462
gptoss_medium,605706,51,3.25539231300354
gptoss_medium,617993,51,3.847628593444824
gptoss_medium,630188,51,3.580439329147339
gptoss_medium,631855,51,3.65035080909729
gptoss_medium,652921,51,3.1136364936828613
gptoss_medium,687037,51,2.6856915950775146
gptoss_medium,696805,51,3.2295868396759033
gptoss_medium,725590,51,4.388001918792725
gptoss_medium,744471,51,2.8838276863098145
gptoss_medium,747342,51,3.019756317138672
gptoss_medium,767485,51,2.791752576828003
gptoss_medium,836219,51,4.23630428314209
gptoss_medium,842881,51,4.653914451599121
gptoss_medium,845121,51,2.3275163173675537
gptoss_medium,857321,51,3.050816297531128
gptoss_medium,862713,51,3.940242052078247
gptoss_medium,870211,51,3.881366491317749
gptoss_medium,881437,51,3.147836923599243
gptoss_medium,905565,51,4.079817295074463
gptoss_medium,930231,51,3.5787973403930664
gptoss_medium,931054,51,3.563852548599243
gptoss_medium,940795,51,3.3553314208984375
gptoss_medium,950358,51,2.252392053604126
gptoss_medium,955518,51,3.5066003799438477
gptoss_medium,969555,51,4.855815887451172
gptoss_medium,989439,51,2.8864493370056152
gptoss_medium,1040556,51,3.4714202880859375
gptoss_medium,1044865,51,3.037114381790161
gptoss_medium,1066490,51,2.714407205581665
gptoss_medium,1077383,51,3.1141631603240967
gptoss_medium,1104123,51,4.640944004058838
gptoss_medium,1117579,51,3.519413471221924
gptoss_medium,1125916,51,3.0253448486328125
gptoss_medium,1137329,51,3.4183895587921143
gptoss_medium,1139225,51,2.648602247238159
gptoss_medium,1139492,51,3.4811654090881348
gptoss_medium,1234375,51,2.6553661823272705
gptoss_medium,1240016,51,2.4561798572540283
gptoss_medium,1254267,51,4.168558597564697
gptoss_medium,1260035,51,4.65049409866333
gptoss_medium,1267472,51,2.4695980548858643
gptoss_medium,1269020,51,2.36798357963562
gptoss_medium,1311547,51,2.696925401687622
gptoss_medium,1336493,51,2.9694104194641113
gptoss_medium,1356505,51,3.1692912578582764
gptoss_medium,1389483,51,3.8821966648101807
gptoss_medium,1434196,51,2.624290704727173
gptoss_medium,1499080,51,3.368147134780884
gptoss_medium,1508909,51,3.343623161315918
gptoss_medium,1511192,51,3.2663414478302
gptoss_medium,1541076,51,3.204775094985962
gptoss_medium,1553193,51,3.809514045715332
gptoss_medium,1563223,51,3.8284058570861816
gptoss_medium,1564278,51,3.1360628604888916
gptoss_medium,1567400,51,2.889005661010742
gptoss_medium,1570443,51,2.9390506744384766
gptoss_medium,1642392,51,3.0916481018066406
gptoss_medium,1662415,51,3.8329246044158936
gptoss_medium,1675452,51,2.7802882194519043
gptoss_medium,1689426,51,4.04624080657959
gptoss_medium,1707814,51,4.369265556335449
gptoss_medium,1762731,51,4.2588090896606445
gptoss_medium,1766244,51,3.3049075603485107
gptoss_medium,1770102,51,3.3232219219207764
gptoss_medium,1774259,51,3.483055591583252
gptoss_medium,1828592,51,2.839691400527954
gptoss_medium,1828713,51,3.4817960262298584
gptoss_medium,1848109,51,2.989482879638672
gptoss_medium,1854889,51,3.411750555038452
gptoss_medium,1862889,51,2.333681106567383
gptoss_medium,1880070,51,3.5234568119049072
gptoss_medium,1919756,51,3.4963626861572266
gptoss_medium,1929239,51,4.056527137756348
gptoss_medium,1966079,51,3.4068682193756104
gptoss_medium,1969767,51,4.06437349319458
gptoss_medium,1992250,51,2.9015138149261475
gptoss_medium,2012188,51,3.0311319828033447
gptoss_medium,2021980,51,4.74249792098999
gptoss_medium,2061169,51,3.203829526901245
gptoss_medium,2061341,51,3.880178451538086
gptoss_medium,2131938,51,3.7517716884613037
gptoss_medium,2140766,51,3.2366628646850586
gptoss_medium,2146847,51,5.2982869148254395
gptoss_medium,2159818,51,4.823853969573975
gptoss_medium,2162648,51,3.291666030883789
gptoss_medium,2162860,51,3.537290573120117
gptoss_medium,2201909,51,2.8942534923553467
gptoss_medium,2204603,51,3.4635796546936035
gptoss_medium,2204967,51,3.0502946376800537
gptoss_medium,2213896,51,3.5023932456970215
gptoss_medium,2216180,51,2.0528218746185303
gptoss_medium,2228719,51,4.150313377380371
gptoss_medium,2233498,51,2.9744069576263428
gptoss_medium,2250656,51,2.677337408065796
gptoss_medium,2267179,51,2.771448850631714
gptoss_medium,2271146,51,2.422473907470703
gptoss_medium,2302492,51,3.1982455253601074
gptoss_medium,2303379,51,3.1249256134033203
gptoss_medium,2317858,51,3.339660406112671
gptoss_medium,2318481,51,4.724902153015137
gptoss_medium,2325074,51,2.998810291290283
gptoss_medium,2334067,51,2.5260441303253174
gptoss_medium,2367456,51,3.3008153438568115
gptoss_medium,2380086,51,3.131971597671509
gptoss_medium,2390655,51,2.7492010593414307
gptoss_medium,2418468,51,3.600370168685913
gptoss_medium,2425494,51,3.3623106479644775
gptoss_medium,2426309,51,3.8057360649108887
gptoss_medium,2434362,51,3.0152814388275146
gptoss_medium,2454882,51,3.4144132137298584
gptoss_medium,2493033,51,2.6302168369293213
gptoss_medium,2496355,51,3.2524631023406982
gptoss_medium,2556949,51,4.89335298538208
gptoss_medium,2574224,51,2.9362576007843018
gptoss_medium,2592133,51,3.8712663650512695
gptoss_medium,2593903,51,3.0139412879943848
gptoss_medium,2597568,51,3.064199209213257
gptoss_medium,2623009,51,3.252126455307007
gptoss_medium,2625301,51,3.191480875015259
gptoss_medium,2654931,51,3.3647842407226562
gptoss_medium,2717698,51,4.034975051879883
gptoss_medium,2742513,51,3.9445247650146484
gptoss_medium,2760254,51,3.4020748138427734
gptoss_medium,2782776,51,3.3910903930664062
gptoss_medium,2783746,51,4.660646915435791
gptoss_medium,2790679,51,3.1020560264587402
gptoss_medium,2797612,51,3.274125814437866
gptoss_medium,2812117,51,3.0833733081817627
gptoss_medium,2816661,51,3.9600284099578857
gptoss_medium,2820782,51,4.021839618682861
gptoss_medium,2839348,51,3.225639581680298
gptoss_medium,2844066,51,2.8313193321228027
gptoss_medium,2867243,51,3.1838905811309814
gptoss_medium,2868247,51,2.5599112510681152
gptoss_medium,2882092,51,3.994332790374756
gptoss_medium,2887257,51,3.4849846363067627
gptoss_medium,2897037,51,2.5559327602386475
gptoss_medium,2905151,51,2.5029056072235107
gptoss_medium,2937095,51,4.43178129196167
gptoss_medium,2944650,51,3.5846574306488037
gptoss_medium,2948298,51,2.988056182861328
gptoss_medium,2952144,51,4.337396144866943
gptoss_medium,2973141,51,2.388918876647949
gptoss_medium,2986205,51,3.506556749343872
gptoss_medium,2990483,51,2.9107818603515625
gptoss_medium,3016990,51,3.702561616897583
gptoss_medium,3033303,51,2.7576210498809814
gptoss_medium,3051772,51,4.334088325500488
gptoss_medium,3063394,51,2.9601244926452637
gptoss_medium,3065236,51,3.123046398162842
gptoss_medium,3083231,51,2.5059025287628174
gptoss_medium,3089175,51,2.5795254707336426
gptoss_medium,3101865,51,4.449167251586914
gptoss_medium,3127682,51,4.583486557006836
gptoss_medium,3130692,51,4.064345836639404
gptoss_medium,3132651,51,4.220822811126709
gptoss_medium,3144258,51,3.6771743297576904
gptoss_medium,3160937,51,3.432003974914551
gptoss_medium,3202289,51,4.4921393394470215
gptoss_medium,3221856,51,3.308157205581665
gptoss_medium,3222040,51,2.729797840118408
gptoss_medium,3257353,51,3.8712313175201416
gptoss_medium,3262717,51,2.977764844894409
gptoss_medium,3265924,51,4.304729461669922
gptoss_medium,3274110,51,3.4834389686584473
gptoss_medium,3278107,51,3.5168747901916504
gptoss_medium,3282953,51,3.8662211894989014
gptoss_medium,3291104,51,2.5735294818878174
gptoss_medium,3295641,51,3.4078142642974854
gptoss_medium,3351788,51,3.186439275741577
gptoss_medium,3401524,51,3.1755220890045166
gptoss_medium,3413244,51,3.4939465522766113
gptoss_medium,3426453,51,3.055980682373047
gptoss_medium,3438497,51,5.1699981689453125
gptoss_medium,3504755,51,3.439842939376831
gptoss_medium,3510042,51,2.863692045211792
gptoss_medium,3514435,51,3.181999444961548
gptoss_medium,3526062,51,2.9736413955688477
gptoss_medium,3526501,51,2.648245096206665
gptoss_medium,3527244,51,3.6472127437591553
gptoss_medium,3527842,51,3.246088981628418
gptoss_medium,3536005,51,3.2538034915924072
gptoss_medium,3555187,51,2.9799554347991943
gptoss_medium,3565485,51,2.6223905086517334
gptoss_medium,3576631,51,3.0880820751190186
gptoss_medium,3598758,51,3.924572467803955
gptoss_medium,3623373,51,2.628312110900879
gptoss_medium,3641676,51,4.204841136932373
gptoss_medium,3656086,51,2.6796250343322754
gptoss_medium,3662564,51,3.344935178756714
gptoss_medium,3666937,51,3.2659645080566406
gptoss_medium,3677429,51,4.370362281799316
gptoss_medium,3718988,51,4.514771938323975
gptoss_medium,3792324,51,3.1577625274658203
gptoss_medium,3806582,51,3.919829845428467
gptoss_medium,3882054,51,3.9729363918304443
gptoss_medium,3896491,51,3.1593689918518066
gptoss_medium,3913537,51,4.108461856842041
gptoss_medium,3932228,51,3.0933690071105957
gptoss_medium,3933075,51,2.8625025749206543
gptoss_medium,4248450,51,2.511155128479004
gptoss_medium,4310945,51,2.7509374618530273
gptoss_medium,4311707,51,2.341487407684326
gptoss_medium,4354069,51,2.3585891723632812
gptoss_medium,4406182,51,3.6423697471618652
gptoss_medium,4411469,51,3.145601511001587
gptoss_medium,4460159,51,3.422358989715576
gptoss_medium,4547415,51,4.70665168762207
gptoss_medium,4588148,51,4.259072303771973
gptoss_medium,4623739,51,4.783605575561523
gptoss_medium,4654482,51,2.887312889099121
gptoss_medium,4698173,51,3.1441783905029297
gptoss_medium,4702087,51,3.061349630355835
gptoss_medium,4715568,51,3.8389039039611816
gptoss_medium,4732544,51,2.883378267288208
gptoss_medium,4792796,51,3.223858118057251
gptoss_medium,4829361,51,3.862802267074585
gptoss_medium,4859003,51,2.552461862564087
gptoss_medium,4891749,51,3.539361000061035
gptoss_medium,4894130,51,2.7677886486053467
gptoss_medium,4895939,51,3.3433542251586914
gptoss_medium,4899062,51,3.1757655143737793
gptoss_medium,4929974,51,3.017238140106201
gptoss_medium,4936344,51,3.884418249130249
gptoss_medium,4942335,51,3.2761149406433105
gptoss_medium,4948322,51,4.730165004730225
gptoss_medium,4953145,51,2.768467664718628
gptoss_medium,4956100,51,4.134068489074707
gptoss_medium,4957155,51,3.378814935684204
gptoss_medium,4975368,51,3.299811363220215
gptoss_medium,4981128,51,3.093299150466919
gptoss_medium,5001921,51,2.435805082321167
gptoss_medium,5013006,51,4.160151481628418
gptoss_medium,5016370,51,2.76408314704895
gptoss_medium,5019682,51,3.04245924949646
gptoss_medium,5020278,51,3.1574079990386963
gptoss_medium,5033484,51,3.34437894821167
gptoss_medium,5053850,51,3.445112705230713
gptoss_medium,5062433,51,3.4242210388183594
gptoss_medium,5066019,51,3.729184150695801
gptoss_medium,5068376,51,2.4364736080169678
gptoss_medium,5068554,51,2.6344144344329834
gptoss_medium,5068596,51,3.615499258041382
gptoss_medium,5071138,51,3.4090445041656494
gptoss_medium,5073886,51,3.5138227939605713
gptoss_medium,5092868,51,3.172611713409424
gptoss_medium,5112038,51,3.147975206375122
gptoss_medium,5118729,51,3.605400323867798
gptoss_medium,5125975,51,2.560201644897461
gptoss_medium,5163433,51,5.1322712898254395
gptoss_medium,5165773,51,3.736821413040161
gptoss_medium,5165854,51,3.5308260917663574
gptoss_medium,5187426,51,2.879587173461914
gptoss_medium,5191821,51,2.9649882316589355
gptoss_medium,5204434,51,2.8045599460601807
gptoss_medium,5213476,51,3.0788803100585938
gptoss_medium,5234044,51,3.300340414047241
gptoss_medium,5241137,51,3.997542381286621
gptoss_medium,5247929,51,2.7661280632019043
gptoss_medium,5252401,51,3.492412567138672
gptoss_medium,5252952,51,4.56805944442749
gptoss_medium,5267356,51,3.068206787109375
gptoss_medium,5403702,51,3.782944440841675
gptoss_medium,5410083,51,2.919161558151245
gptoss_medium,5462493,51,2.5479798316955566
gptoss_medium,5509911,51,2.8754072189331055
gptoss_medium,5519060,51,4.022447109222412
gptoss_medium,5535381,51,4.215334892272949
gptoss_medium,5557854,51,3.7790346145629883
gptoss_medium,5591459,51,4.700373649597168
gptoss_medium,5617603,51,2.6219677925109863
gptoss_medium,5628616,51,4.532110691070557
gptoss_medium,5632184,51,2.8272697925567627
gptoss_medium,5636935,51,3.458648920059204
gptoss_medium,5649853,51,3.021878719329834
gptoss_medium,5673925,51,3.0883491039276123
gptoss_medium,5729159,51,3.2683608531951904
gptoss_medium,5737359,51,2.4466047286987305
gptoss_medium,5740960,51,3.8655974864959717
gptoss_medium,5761781,51,3.6209678649902344
gptoss_medium,5776384,51,2.497849464416504
gptoss_medium,5779419,51,2.5982258319854736
gptoss_medium,5802667,51,3.0120677947998047
gptoss_medium,5815755,51,4.18673849105835
gptoss_medium,5816303,51,2.4901936054229736
gptoss_medium,5818711,51,3.223893880844116
gptoss_medium,5821457,51,3.3437163829803467
gptoss_medium,5825949,51,3.3084280490875244
gptoss_medium,5859332,51,2.3554134368896484
gptoss_medium,5968971,51,4.248952388763428
gptoss_medium,5993783,51,2.426715612411499
gptoss_medium,6008960,51,4.4205522537231445
gptoss_medium,6118285,51,2.4812583923339844
gptoss_medium,6157828,51,3.0612127780914307
gptoss_medium,6183556,51,3.0096817016601562
gptoss_medium,6197592,51,3.6109094619750977
gptoss_medium,6206777,51,2.367675304412842
gptoss_medium,6222768,51,3.755483388900757
gptoss_medium,6235360,51,2.6970953941345215
gptoss_medium,6237722,51,3.086925745010376
gptoss_medium,6246116,51,3.5972983837127686
gptoss_medium,6246996,51,3.7876904010772705
gptoss_medium,6249194,51,3.709390878677368
gptoss_medium,6263378,51,2.8765151500701904
gptoss_medium,6278207,51,2.657249689102173
gptoss_medium,6311642,51,3.293365478515625
gptoss_medium,6359641,51,3.208116292953491
gptoss_medium,6360322,51,4.071436405181885
gptoss_medium,6364632,51,2.5834615230560303
gptoss_medium,6380915,51,2.889683246612549
gptoss_medium,6397026,51,2.644033193588257
gptoss_medium,6428039,51,2.414321184158325
gptoss_medium,6430837,51,3.1245276927948
gptoss_medium,6441832,51,2.9314754009246826
gptoss_medium,6452487,51,2.7568163871765137
gptoss_medium,6453515,51,2.4828057289123535
gptoss_medium,6468765,51,3.296229839324951
gptoss_medium,6506243,51,5.218381881713867
gptoss_medium,6508854,51,3.0838990211486816
gptoss_medium,6529193,51,4.0655035972595215
gptoss_medium,6532096,51,2.8598573207855225
gptoss_medium,6540287,51,3.054290294647217
gptoss_medium,6541910,51,4.10156774520874
gptoss_medium,6551751,51,3.793834686279297
gptoss_medium,6561519,51,3.3013553619384766
gptoss_medium,6618571,51,3.438695192337036
gptoss_medium,6627923,51,3.4852657318115234
gptoss_medium,6660863,51,3.565061092376709
gptoss_medium,6666052,51,3.306291103363037
gptoss_medium,6683636,51,3.406691789627075
gptoss_medium,6713076,51,4.082329750061035
gptoss_medium,6728280,51,3.325198173522949
gptoss_medium,6737909,51,3.5657968521118164
gptoss_medium,6772589,51,2.6379969120025635
gptoss_medium,6797800,51,2.952608346939087
gptoss_medium,6803340,51,3.150402784347534
gptoss_medium,6879481,51,2.1422598361968994
gptoss_medium,6881637,51,3.0080955028533936
gptoss_medium,6922426,51,2.5103957653045654
gptoss_medium,6981674,51,3.1522340774536133
gptoss_medium,7013414,51,2.2459442615509033
gptoss_medium,7074119,51,3.4975123405456543
gptoss_medium,7100502,51,2.7537078857421875
gptoss_medium,7139779,51,3.07210373878479
gptoss_medium,7146903,51,4.804089546203613
gptoss_medium,7172294,51,3.858167886734009
gptoss_medium,7182393,51,3.0748062133789062
gptoss_medium,7197241,51,3.821321964263916
gptoss_medium,7197724,51,2.8234150409698486
gptoss_medium,7212585,51,2.939506769180298
gptoss_medium,7218315,51,3.8052220344543457
gptoss_medium,7294125,51,2.858238458633423
gptoss_medium,7294316,51,4.22592830657959
gptoss_medium,7311195,51,2.888906240463257
gptoss_medium,7397938,51,3.955289602279663
gptoss_medium,7403346,51,4.679050922393799
gptoss_medium,7410732,51,2.718811511993408
gptoss_medium,7413367,51,3.256723403930664
gptoss_medium,7417943,51,3.398200273513794
gptoss_medium,7421176,51,2.967792510986328
gptoss_medium,7454072,51,3.4781041145324707
gptoss_medium,7473831,51,2.892347812652588
gptoss_medium,7475429,51,3.6164329051971436
gptoss_medium,7490434,51,2.9809725284576416
gptoss_medium,7497218,51,2.718702554702759
gptoss_medium,7499734,51,2.677675485610962
gptoss_medium,7516595,51,2.4471333026885986
gptoss_medium,7557552,51,3.4315433502197266
gptoss_medium,7617879,51,4.701781272888184
gptoss_medium,7658338,51,3.240502119064331
gptoss_medium,7663461,51,5.471256732940674
gptoss_medium,7665329,51,2.701249599456787
gptoss_medium,7680936,51,3.184300184249878
gptoss_medium,7699280,51,2.602226972579956
gptoss_medium,7708374,51,2.903036594390869
gptoss_medium,7752968,51,2.8356854915618896
gptoss_medium,7785983,51,3.805102825164795
gptoss_medium,7819714,51,3.3473966121673584
gptoss_medium,7890036,51,5.585278511047363
gptoss_medium,7988167,51,3.515301465988159
gptoss_medium,8008954,51,2.732811689376831
gptoss_medium,8012781,51,2.415477752685547
gptoss_medium,8021351,51,3.203080654144287
gptoss_medium,8031974,51,3.2378392219543457
gptoss_medium,8052901,51,2.7154359817504883
gptoss_medium,8066499,51,2.673859119415283
gptoss_medium,8198608,51,2.9956471920013428
gptoss_medium,8202418,51,3.921231508255005
gptoss_medium,8229552,51,3.39267635345459
gptoss_medium,8280711,51,2.711397647857666
gptoss_medium,8387007,51,2.8667616844177246
gptoss_medium,8395799,51,3.0308780670166016
gptoss_medium,8523995,51,2.7593624591827393
gptoss_medium,8528301,51,2.783450126647949
gptoss_medium,8586038,51,4.162428379058838
gptoss_medium,8677917,51,3.209524631500244
gptoss_medium,8723181,51,2.8315789699554443
gptoss_medium,8723311,51,3.5934343338012695
gptoss_medium,8821211,51,2.6716086864471436
gptoss_medium,8940645,51,3.1811702251434326
gptoss_medium,9124334,51,2.862287998199463
gptoss_medium,9134916,51,3.2173049449920654
gptoss_medium,9135033,51,2.6557528972625732
gptoss_medium,9137624,51,2.3552286624908447
gptoss_medium,9163756,51,2.9349849224090576
gptoss_medium,9164793,51,2.935711622238159
gptoss_medium,9187880,51,3.1339473724365234
gptoss_medium,9192723,51,3.372141122817993
gptoss_medium,9197196,51,3.507869243621826
gptoss_medium,9205021,51,3.9319493770599365
gptoss_medium,9251622,51,2.9185843467712402
gptoss_medium,9268430,51,3.8258466720581055
gptoss_medium,9285053,51,3.1738340854644775
gptoss_medium,9340391,51,4.0752153396606445
gptoss_medium,9345583,51,3.819714069366455
gptoss_medium,9385494,51,3.6248507499694824
gptoss_medium,9387600,51,3.0514438152313232
gptoss_medium,9397697,51,4.791467189788818
gptoss_medium,9471817,51,3.0605785846710205
gptoss_medium,9471964,51,5.016002655029297
gptoss_medium,9483510,51,3.1148152351379395
gptoss_medium,9524495,51,4.091771125793457
gptoss_medium,9591035,51,2.817034959793091
gptoss_medium,9615470,51,3.5669963359832764
gptoss_medium,9626793,51,3.2437283992767334
gptoss_medium,9662636,51,3.949176549911499
gptoss_medium,9700115,51,3.6330502033233643
gptoss_medium,9711750,51,3.181697130203247
gptoss_medium,9737200,51,3.012277841567993
gptoss_medium,9751546,51,2.5964736938476562
gptoss_medium,9752897,51,3.059013605117798
gptoss_medium,9767487,51,2.937378406524658
gptoss_medium,9768369,51,3.3543152809143066
gptoss_medium,9778036,51,2.5195326805114746
gptoss_medium,9818013,51,4.466218948364258
gptoss_medium,9884935,51,3.759939193725586
gptoss_medium,9917468,51,2.953437566757202
gptoss_medium,9963298,51,3.1569414138793945
gptoss_medium,10076790,51,3.4336185455322266
gptoss_medium,10103200,51,3.855058431625366
gptoss_medium,10135300,51,3.5058109760284424
gptoss_medium,10186140,51,3.4670910835266113
gptoss_medium,10202504,51,3.300191640853882
gptoss_medium,10281325,51,3.5056846141815186
gptoss_medium,10348155,51,2.9066572189331055
gptoss_medium,10361075,51,4.3687520027160645
gptoss_medium,10366378,51,3.1979403495788574
gptoss_medium,10367294,51,3.506648540496826
gptoss_medium,10401980,51,2.613816738128662
gptoss_medium,10436313,51,3.2148630619049072
gptoss_medium,10480989,51,3.048068046569824
gptoss_medium,10494183,51,2.960749864578247
gptoss_medium,10509498,51,2.898189067840576
gptoss_medium,10523208,51,3.0115880966186523
gptoss_medium,10573012,51,2.932697296142578
gptoss_medium,10606201,51,3.5990395545959473
gptoss_medium,10643243,51,2.5197598934173584
gptoss_medium,10649571,51,3.0545060634613037
gptoss_medium,10691183,51,4.445160865783691
gptoss_medium,10728540,51,5.248076915740967
gptoss_medium,10898149,51,4.250058174133301
gptoss_medium,10913456,51,3.615905284881592
gptoss_medium,11004224,51,2.9584336280822754
gptoss_medium,11022639,51,3.7700908184051514
gptoss_medium,11054023,51,3.2833151817321777
gptoss_medium,11074539,51,4.051948547363281
gptoss_medium,11091552,51,3.5166211128234863
gptoss_medium,11128248,51,2.8395678997039795
gptoss_medium,11142668,51,2.618443250656128
gptoss_medium,11152489,51,2.0156197547912598
gptoss_medium,11157751,51,3.652390241622925
gptoss_medium,11202365,51,3.202333927154541
gptoss_medium,11262376,51,5.928089141845703
gptoss_medium,11270374,51,5.382815361022949
gptoss_medium,11365698,51,3.2930541038513184
gptoss_medium,11387463,51,2.5515031814575195
gptoss_medium,11391667,51,2.4463131427764893
gptoss_medium,11505828,51,2.7651286125183105
gptoss_medium,11595344,51,3.499603033065796
gptoss_medium,11597846,51,2.720216989517212
gptoss_medium,11626649,51,3.39931583404541
gptoss_medium,11644259,51,3.1662161350250244
gptoss_medium,11650107,51,2.8496930599212646
gptoss_medium,11751039,51,3.519388198852539
gptoss_medium,11754890,51,4.560410499572754
gptoss_medium,11771220,51,2.6161930561065674
gptoss_medium,11777996,51,3.9221651554107666
gptoss_medium,11805625,51,2.874251127243042
gptoss_medium,11866664,51,4.164137840270996
gptoss_medium,11872486,51,2.961406946182251
gptoss_medium,11879061,51,2.7486226558685303
gptoss_medium,12075649,51,3.7363815307617188
gptoss_medium,12122749,51,3.1082396507263184
gptoss_medium,12187767,51,3.845973014831543
gptoss_medium,12203896,51,3.779100179672241
gptoss_medium,12220417,51,2.6722376346588135
gptoss_medium,12230893,51,3.794538974761963
gptoss_medium,12241221,51,3.414729118347168
gptoss_medium,12245213,51,3.806675434112549
gptoss_medium,12266201,51,2.8539352416992188
gptoss_medium,12294387,51,2.605308771133423
gptoss_medium,12304778,51,3.6420648097991943
gptoss_medium,12320170,51,4.0537495613098145
gptoss_medium,12332957,51,3.465550184249878
gptoss_medium,12345746,51,3.3711161613464355
gptoss_medium,12355828,51,3.447496175765991
gptoss_medium,12440940,51,3.351498603820801
gptoss_medium,12451537,51,2.589728355407715
gptoss_medium,12585424,51,4.09516716003418
gptoss_medium,12586316,51,2.5728464126586914
gptoss_medium,12588798,51,2.8466994762420654
gptoss_medium,12603385,51,2.5886263847351074
gptoss_medium,12607082,51,2.970648765563965
gptoss_medium,12615602,51,3.491823673248291
gptoss_medium,12688069,51,2.9602062702178955
gptoss_medium,12744871,51,3.865814685821533
gptoss_medium,12807398,51,3.2272555828094482
gptoss_medium,12847491,51,3.3963425159454346
gptoss_medium,12851711,51,2.6078803539276123
gptoss_medium,12926055,51,3.4677722454071045
gptoss_medium,12938495,51,3.0378873348236084
gptoss_medium,12964363,51,2.746657609939575
gptoss_medium,12998432,51,3.3113114833831787
gptoss_medium,13030311,51,4.038697719573975
gptoss_medium,13100783,51,3.5311167240142822
gptoss_medium,13214003,51,3.913998603820801
gptoss_medium,13239813,51,3.2148678302764893
gptoss_medium,13335042,51,3.735872268676758
gptoss_medium,13350236,51,2.8820695877075195
gptoss_medium,13495961,51,3.1697778701782227
gptoss_medium,13529592,51,4.772789001464844
gptoss_medium,13603998,51,3.370396852493286
gptoss_medium,13675482,51,2.701362371444702
gptoss_medium,13690180,51,3.191873550415039
gptoss_medium,13692090,51,3.2993922233581543
gptoss_medium,13694466,51,5.2596282958984375
gptoss_medium,13696741,51,4.8437981605529785
gptoss_medium,13701579,51,5.049200534820557
gptoss_medium,13745156,51,3.253488779067993
gptoss_medium,13746570,51,2.8836145401000977
gptoss_medium,13746581,51,3.615837335586548
gptoss_medium,13746789,51,3.930607795715332
gptoss_medium,13747425,51,4.1517534255981445
gptoss_medium,13747961,51,3.1482162475585938
gptoss_medium,13748720,51,2.931396245956421
gptoss_medium,13751352,51,3.093782424926758
gptoss_medium,13752894,51,2.876901149749756
gptoss_medium,13753905,51,3.585554599761963
gptoss_medium,13756572,51,2.399214029312134
gptoss_medium,13858533,51,3.4602303504943848
gptoss_medium,13916015,51,3.0639047622680664
gptoss_medium,13937253,51,2.8460607528686523
gptoss_medium,13959787,51,3.430528163909912
gptoss_medium,13972671,51,3.114123582839966
gptoss_medium,14068705,51,3.8345980644226074
gptoss_medium,14091946,51,2.89027738571167
gptoss_medium,14099741,51,3.197364330291748
gptoss_medium,14141143,51,2.8561902046203613
gptoss_medium,14155276,51,3.553097724914551
gptoss_medium,14169402,51,3.5759618282318115
gptoss_medium,14170854,51,3.4208080768585205
gptoss_medium,14176162,51,3.1785566806793213
gptoss_medium,14186198,51,3.5128376483917236
gptoss_medium,14259080,51,3.053745985031128
gptoss_medium,14291750,51,7.844510078430176
gptoss_medium,14301751,51,2.8545989990234375
gptoss_medium,14328180,51,2.358823537826538
gptoss_medium,14341841,51,3.4271979331970215
gptoss_medium,14358598,51,3.3622069358825684
gptoss_medium,14404227,51,4.020031929016113
gptoss_medium,14407737,51,2.8017008304595947
gptoss_medium,14421595,51,4.519806861877441
gptoss_medium,14429450,51,4.358817100524902
gptoss_medium,14434979,51,4.792877197265625
gptoss_medium,14441283,51,2.7453949451446533
gptoss_medium,14454803,51,3.830862522125244
gptoss_medium,14472576,51,3.647637367248535
gptoss_medium,14500933,51,2.4455878734588623
gptoss_medium,14502960,51,3.4747560024261475
gptoss_medium,14554263,51,3.746896982192993
gptoss_medium,14579508,51,4.024801254272461
gptoss_medium,14584778,51,2.6604342460632324
gptoss_medium,14680675,51,3.3925929069519043
gptoss_medium,14743706,51,3.8108341693878174
gptoss_medium,14745914,51,3.256455659866333
gptoss_medium,14760908,51,2.5005648136138916
gptoss_medium,14776729,51,3.4657232761383057
gptoss_medium,14800090,51,3.548733949661255
gptoss_medium,14807742,51,3.127805471420288
gptoss_medium,14818452,51,2.410041570663452
gptoss_medium,14819490,51,2.816462755203247
gptoss_medium,14874026,51,3.0637917518615723
gptoss_medium,14878319,51,2.4596383571624756
gptoss_medium,14878646,51,2.987687110900879
gptoss_medium,14879921,51,2.559443712234497
gptoss_medium,15026764,51,2.904416084289551
gptoss_medium,15040286,51,4.0856523513793945
gptoss_medium,15065468,51,2.7605836391448975
gptoss_medium,15139323,51,2.7630774974823
gptoss_medium,15197674,51,3.4758315086364746
gptoss_medium,15201331,51,4.78569221496582
gptoss_medium,15202196,51,2.604706287384033
gptoss_medium,15213991,51,3.20080304145813
gptoss_medium,15220741,51,3.156592845916748
gptoss_medium,15279538,51,3.9037561416625977
gptoss_medium,15281193,51,2.529851198196411
gptoss_medium,15281983,51,5.012182235717773
gptoss_medium,15324422,51,3.206725835800171
gptoss_medium,15344879,51,2.3756842613220215
gptoss_medium,15376317,51,2.6207077503204346
gptoss_medium,15382836,51,3.084035634994507
gptoss_medium,15407650,51,2.783280849456787
gptoss_medium,15412473,51,4.194334506988525
gptoss_medium,15484870,51,3.1699090003967285
gptoss_medium,15489071,51,2.625011920928955
gptoss_medium,15548746,51,2.9081289768218994
gptoss_medium,15600287,51,2.348433017730713
gptoss_medium,15603670,51,4.507368564605713
gptoss_medium,15607400,51,2.7136874198913574
gptoss_medium,15620570,51,3.940126657485962
gptoss_medium,15687295,51,3.5317325592041016
gptoss_medium,15720214,51,2.9267749786376953
gptoss_medium,15728911,51,2.5515296459198
gptoss_medium,15757897,51,3.1043670177459717
gptoss_medium,15768663,51,2.411818742752075
gptoss_medium,15817938,51,3.605079412460327
gptoss_medium,15828278,51,2.9294023513793945
gptoss_medium,15829781,51,2.9347078800201416
gptoss_medium,15842085,51,2.27335786819458
gptoss_medium,15870937,51,3.416212797164917
gptoss_medium,15939234,51,3.1082303524017334
gptoss_medium,15961108,51,3.078568935394287
gptoss_medium,15976919,51,3.1911544799804688
gptoss_medium,15980568,51,2.5327460765838623
gptoss_medium,15986631,51,3.8903396129608154
gptoss_medium,16039645,51,2.6086502075195312
gptoss_medium,16124522,51,3.669614553451538
gptoss_medium,16126936,51,3.043482542037964
gptoss_medium,16141969,51,2.7267005443573
gptoss_medium,16227864,51,2.4969749450683594
gptoss_medium,16251657,51,3.8785576820373535
gptoss_medium,16290774,51,3.5788767337799072
gptoss_medium,16386838,51,3.831721305847168
gptoss_medium,16391334,51,2.5671780109405518
gptoss_medium,16399303,51,3.3528850078582764
gptoss_medium,16404002,51,2.8038058280944824
gptoss_medium,16504570,51,2.836651086807251
gptoss_medium,16509032,51,2.9712979793548584
gptoss_medium,16537814,51,2.8413777351379395
gptoss_medium,16571013,51,2.4682233333587646
gptoss_medium,16631020,51,2.8462769985198975
gptoss_medium,16661147,51,3.556816339492798
gptoss_medium,16766006,51,3.0409622192382812
gptoss_medium,16766506,51,3.5102269649505615
gptoss_medium,16787742,51,3.8394813537597656
gptoss_medium,16788431,51,2.8451459407806396
gptoss_medium,16839291,51,3.375211000442505
gptoss_medium,16839927,51,4.236112594604492
gptoss_medium,16863934,51,3.9164843559265137
gptoss_medium,16872779,51,2.1600124835968018
gptoss_medium,16915526,51,3.1138181686401367
gptoss_medium,16998656,51,3.6648595333099365
gptoss_medium,17039365,51,2.787147045135498
gptoss_medium,17175925,51,2.9755330085754395
gptoss_medium,17202384,51,2.975961685180664
gptoss_medium,17360001,51,3.003904104232788
gptoss_medium,17364624,51,4.0676751136779785
gptoss_medium,17370242,51,3.4054112434387207
gptoss_medium,17375754,51,2.232769250869751
gptoss_medium,17458010,51,4.142689228057861
gptoss_medium,17464854,51,4.611914157867432
gptoss_medium,17476563,51,3.5721187591552734
gptoss_medium,17507793,51,3.78415846824646
gptoss_medium,17515275,51,2.7900900840759277
gptoss_medium,17553490,51,3.024512529373169
gptoss_medium,17578970,51,3.406787395477295
gptoss_medium,17584674,51,2.6982262134552
gptoss_medium,17589422,51,3.574640989303589
gptoss_medium,17606580,51,3.306889533996582
gptoss_medium,17625727,51,3.8895926475524902
gptoss_medium,17667087,51,2.8979878425598145
gptoss_medium,17716605,51,2.80458664894104
gptoss_medium,17784265,51,3.424839735031128
gptoss_medium,17865105,51,2.7885398864746094
gptoss_medium,17884437,51,2.4562952518463135
gptoss_medium,17889549,51,2.9553000926971436
gptoss_medium,17909922,51,2.4006130695343018
gptoss_medium,17961054,51,3.3278656005859375
gptoss_medium,18083801,51,4.0795512199401855
gptoss_medium,18214317,51,3.349400758743286
gptoss_medium,18296459,51,2.7337424755096436
gptoss_medium,18312025,51,2.420591115951538
gptoss_medium,18431463,51,4.517716407775879
gptoss_medium,18449288,51,3.9990103244781494
gptoss_medium,18468577,51,2.9829859733581543
gptoss_medium,18483718,51,2.7741260528564453
gptoss_medium,18505561,51,2.813854217529297
gptoss_medium,18613906,51,2.476384162902832
gptoss_medium,18634877,51,2.290072202682495
gptoss_medium,18733074,51,3.587498188018799
gptoss_medium,18750779,51,4.25722074508667
gptoss_medium,18907802,51,3.184441089630127
gptoss_medium,19170988,51,3.723106622695923
gptoss_medium,19172224,51,3.605166435241699
gptoss_medium,19175261,51,5.346696853637695
gptoss_medium,19186315,51,3.384364604949951
gptoss_medium,19187663,51,3.341663122177124
gptoss_medium,19204066,51,3.1925811767578125
gptoss_medium,19206893,51,2.8885889053344727
gptoss_medium,19263469,51,2.8434622287750244
gptoss_medium,19263554,51,3.2354576587677
gptoss_medium,19435386,51,3.5285468101501465
gptoss_medium,19485843,51,3.006635904312134
gptoss_medium,19624082,51,3.2077231407165527
gptoss_medium,20335790,51,3.1139883995056152
gptoss_medium,20503654,51,3.147871255874634
gptoss_medium,21015570,51,3.3732309341430664
gptoss_medium,21275504,51,3.5307226181030273
gptoss_medium,21382535,51,3.4559171199798584
gptoss_medium,21428581,51,5.043157577514648
gptoss_medium,21616326,51,3.129469871520996
gptoss_medium,21646317,51,3.0253169536590576
gptoss_medium,21665298,51,3.8260979652404785
gptoss_medium,21668994,51,3.371556282043457
gptoss_medium,21669304,51,5.9410810470581055
gptoss_medium,21670658,51,3.1867382526397705
gptoss_medium,21689288,51,2.9615020751953125
gptoss_medium,21697629,51,3.6952970027923584
gptoss_medium,21697648,51,4.009811878204346
gptoss_medium,21700944,51,3.4946975708007812
gptoss_medium,21702856,51,3.109591245651245
gptoss_medium,21709048,51,3.461455821990967
gptoss_medium,21715690,51,3.0890839099884033
gptoss_medium,21716001,51,2.7658145427703857
gptoss_medium,21721135,51,2.830657958984375
gptoss_medium,21723747,51,3.560734987258911
gptoss_medium,21725995,51,3.958388566970825
gptoss_medium,21726583,51,3.4521431922912598
gptoss_medium,21726677,51,2.992180824279785
gptoss_medium,21730065,51,3.197657823562622
gptoss_medium,21730715,51,2.8458659648895264
gptoss_medium,21731209,51,4.067666053771973
gptoss_medium,21732778,51,2.778129816055298
gptoss_medium,21735129,51,3.5737223625183105
gptoss_medium,21740766,51,4.478168964385986
gptoss_medium,22272492,51,6.187805652618408
gptoss_medium,22716243,51,3.8888466358184814
gptoss_medium,23204325,51,3.6913230419158936
gptoss_medium,23678406,51,3.5694403648376465
gptoss_medium,24202507,51,3.6812186241149902
gptoss_medium,24901977,51,3.0669479370117188
gptoss_medium,25111673,51,2.6603140830993652
gptoss_medium,25113027,51,4.2466816902160645
gptoss_medium,26538892,51,3.9951298236846924
gptoss_medium,26698484,51,3.0621581077575684
gptoss_medium,26873455,51,3.1392600536346436
gptoss_medium,26988506,51,3.262209177017212
gptoss_medium,27249900,51,3.588852643966675
gptoss_medium,27274148,51,3.687115430831909
gptoss_medium,27843613,51,2.841324806213379
gptoss_medium,28044836,51,2.792375087738037
gptoss_medium,28193461,51,2.8297927379608154
gptoss_medium,28232901,51,4.624270915985107
gptoss_medium,28323588,51,3.095957040786743
gptoss_medium,28616370,51,2.7327961921691895
gptoss_medium,29149810,51,3.6813056468963623
gptoss_medium,29161506,51,4.221991062164307
gptoss_medium,29162291,51,3.162271499633789
gptoss_medium,29162884,51,3.9112632274627686
gptoss_medium,29191669,51,5.25424337387085
gptoss_medium,29259081,51,3.634566307067871
gptoss_medium,29298828,51,3.135540723800659
gptoss_medium,29407280,51,3.645552635192871
gptoss_medium,29413033,51,2.95355224609375
gptoss_medium,29907166,51,2.971436023712158
gptoss_medium,30042437,51,2.8181262016296387
gptoss_medium,30129590,51,2.5618255138397217
gptoss_medium,30164212,51,3.0361883640289307
gptoss_medium,31150453,51,3.83089280128479
gptoss_medium,31713824,51,2.9556350708007812
gptoss_medium,32821791,51,2.950451135635376
gptoss_medium,32923127,51,3.2761852741241455
gptoss_medium,33626727,51,2.828204870223999
gptoss_medium,33777646,51,2.3251290321350098
gptoss_medium,33864324,51,3.833782434463501
gptoss_medium,34190303,51,3.03170108795166
gptoss_medium,35386653,51,2.6366617679595947
gptoss_medium,36364048,51,2.8276278972625732
gptoss_medium,37405481,51,2.870816707611084
gptoss_medium,38132419,51,2.3770956993103027
gptoss_medium,38234032,51,2.637394428253174
gptoss_medium,38934160,51,3.062042236328125
gptoss_medium,39871772,51,4.898894309997559
gptoss_medium,40166767,51,3.178337335586548
gptoss_medium,40501690,51,3.0712406635284424
gptoss_medium,41332060,51,3.9508562088012695
gptoss_medium,43059601,51,3.17256760597229
gptoss_medium,43282987,51,2.865800380706787
gptoss_medium,43289219,51,3.6073148250579834
gptoss_medium,43959086,51,3.015641689300537
gptoss_medium,44009215,51,3.541517734527588
gptoss_medium,44062236,51,3.1881229877471924
gptoss_medium,44063972,51,3.1192069053649902
gptoss_medium,44069187,51,2.3812665939331055
gptoss_medium,44077201,51,2.569091796875
gptoss_medium,44080449,51,4.074758529663086
gptoss_medium,44087711,51,3.5966930389404297
gptoss_medium,44090948,51,4.117934703826904
gptoss_medium,44105851,51,3.474792718887329
gptoss_medium,44115640,51,3.598130941390991
gptoss_medium,44129061,51,3.576866388320923
gptoss_medium,44130060,51,3.4784116744995117
gptoss_medium,44131019,51,2.890904664993286
gptoss_medium,44134207,51,2.4483277797698975
gptoss_medium,44144625,51,3.1855647563934326
gptoss_medium,44145304,51,2.9348366260528564
gptoss_medium,44145664,51,2.634525775909424
gptoss_medium,44145776,51,2.8635964393615723
gptoss_medium,44145836,51,2.348050355911255
gptoss_medium,44151916,51,3.168203115463257
gptoss_medium,44152851,51,2.8870913982391357
gptoss_medium,44161048,51,2.6786184310913086
gptoss_medium,44163645,51,2.768172264099121
gptoss_medium,44164810,51,3.300166130065918
gptoss_medium,44167998,51,4.438776969909668
gptoss_medium,44169697,51,2.4996767044067383
gptoss_medium,44170949,51,2.546175956726074
gptoss_medium,44174597,51,4.025288105010986
gptoss_medium,44178763,51,3.1603100299835205
gptoss_medium,44220219,51,3.270962953567505
gptoss_medium,44243501,51,2.9382483959198
gptoss_medium,46889991,51,3.7602789402008057
gptoss_medium,46927617,51,3.769934892654419
gptoss_medium,46932607,51,3.163451910018921
gptoss_medium,46937952,51,2.780719757080078
gptoss_medium,46939026,51,2.700167655944824
gptoss_medium,46953263,51,3.18245267868042
gptoss_medium,46959165,51,2.8099021911621094
gptoss_medium,47016219,51,2.6571621894836426
gptoss_medium,47018172,51,2.8998899459838867
gptoss_medium,47020074,51,3.263122320175171
gptoss_medium,48352299,51,3.93491268157959
gptoss_medium,48353672,51,2.834733009338379
gptoss_medium,48353884,51,2.7901315689086914
gptoss_medium,48357955,51,2.4277262687683105
gptoss_medium,49191384,51,4.410426616668701
gptoss_medium,49208337,51,4.092169284820557
gptoss_medium,49212016,51,3.0495312213897705
gptoss_medium,49212861,51,3.186553955078125
gptoss_medium,49215746,51,4.405733108520508
gptoss_medium,49411029,51,3.644321918487549
gptoss_medium,49413369,51,2.4265124797821045
gptoss_medium,49417344,51,3.3323941230773926
gptoss_medium,49420146,51,3.111996650695801
gptoss_medium,49430466,51,2.9842350482940674
gptoss_medium,49430686,51,4.673760890960693
gptoss_medium,49578052,51,3.0286800861358643
gptoss_medium,49587276,51,4.348536491394043
gptoss_medium,49656421,51,2.8784356117248535
gptoss_medium,49656757,51,3.0331287384033203
gptoss_medium,49664123,51,2.4560911655426025
gptoss_medium,49742509,51,4.819738388061523
gptoss_medium,49742988,51,2.9051034450531006
gptoss_medium,49865411,51,2.8879919052124023
gptoss_medium,51862727,51,3.949918031692505
gptoss_medium,51867514,51,3.698701858520508
gptoss_medium,51867574,51,4.138625621795654
gptoss_medium,51869205,51,3.734462261199951
gptoss_medium,51870078,51,3.5295119285583496
gptoss_medium,51870827,51,3.3734123706817627
gptoss_medium,51871042,51,5.107185363769531
gptoss_medium,51871198,51,2.847642660140991
gptoss_medium,51873719,51,3.4043936729431152
gptoss_medium,51873882,51,2.6697990894317627
gptoss_medium,51875405,51,3.32055926322937
gptoss_medium,51875413,51,4.980216979980469
gptoss_medium,51875856,51,3.8571298122406006
gptoss_medium,51877568,51,3.4029862880706787
gptoss_medium,51878172,51,2.9249441623687744
gptoss_medium,51878335,51,2.9107131958007812
gptoss_medium,51878395,51,2.3365061283111572
gptoss_medium,51878811,51,3.6020095348358154
gptoss_medium,51879191,51,2.879648208618164
gptoss_medium,51880064,51,3.5390589237213135
gptoss_medium,51880268,51,2.8263189792633057
gptoss_medium,51880850,51,3.42110538482666
gptoss_medium,51881821,51,2.2234723567962646
gptoss_medium,51881992,51,2.8389737606048584
gptoss_medium,51882074,51,3.4196982383728027
gptoss_medium,51917388,51,3.7657644748687744
gptoss_medium,51977305,51,4.376780033111572
gptoss_medium,51978342,51,3.6936614513397217
gptoss_medium,51982253,51,4.160613059997559
gptoss_medium,51984717,51,4.000156402587891
gptoss_medium,51990373,51,2.892543077468872
gptoss_medium,52000761,51,2.802765130996704
gptoss_medium,52003282,51,4.9101338386535645
gptoss_medium,52006529,51,3.314331531524658
gptoss_medium,52009840,51,3.720643997192383
gptoss_medium,52011616,51,4.956887245178223
gptoss_medium,52019251,51,4.582586765289307
gptoss_medium,52044834,51,3.363755226135254
gptoss_medium,52046908,51,2.996398687362671
gptoss_medium,52047587,51,3.465200662612915
gptoss_medium,52054914,51,3.474647045135498
gptoss_medium,52056513,51,3.6779778003692627
gptoss_medium,52069762,51,3.420799732208252
gptoss_medium,52070035,51,2.7409586906433105
gptoss_medium,52070657,51,3.5430307388305664
gptoss_medium,52073201,51,3.1385791301727295
gptoss_medium,52074346,51,3.6903557777404785
gptoss_medium,52078335,51,3.690916061401367
gptoss_medium,52098907,51,5.017593860626221
gptoss_medium,52100101,51,2.9128148555755615
gptoss_medium,52100117,51,4.14290189743042
gptoss_medium,52100616,51,3.0333633422851562
gptoss_medium,52100878,51,2.9745521545410156
gptoss_medium,52110037,51,3.339369773864746
gptoss_medium,52113185,51,3.2266712188720703
gptoss_medium,52115097,51,2.994903326034546
gptoss_medium,52115592,51,2.8981566429138184
gptoss_medium,52116920,51,3.6180152893066406
gptoss_medium,52119091,51,3.2923598289489746
gptoss_medium,52119483,51,2.66068959236145
gptoss_medium,52119752,51,3.454245090484619
gptoss_medium,52135124,51,4.872373104095459
gptoss_medium,52136564,51,3.105731725692749
gptoss_medium,52143204,51,3.5734870433807373
gptoss_medium,52143467,51,3.371215343475342
gptoss_medium,52144157,51,3.8648576736450195
gptoss_medium,52145657,51,5.0192975997924805
gptoss_medium,52153656,51,2.782672882080078
gptoss_medium,52154254,51,3.451925754547119
gptoss_medium,52154304,51,3.771056890487671
gptoss_medium,52155427,51,2.6461801528930664
gptoss_medium,52156147,51,2.4141905307769775
gptoss_medium,52156206,51,2.9302940368652344
gptoss_medium,52156433,51,2.6167116165161133
gptoss_medium,52158121,51,3.066662549972534
gptoss_medium,52158178,51,3.4553802013397217
gptoss_medium,52160439,51,2.4721715450286865
gptoss_medium,52160797,51,3.4492580890655518
gptoss_medium,52161864,51,3.3888792991638184
gptoss_medium,52162540,51,2.744969606399536
gptoss_medium,52165754,51,3.4232633113861084
gptoss_medium,52166626,51,4.191527843475342
gptoss_medium,52166727,51,2.947774648666382
gptoss_medium,52167799,51,3.4814956188201904
gptoss_medium,52171279,50,3.4688498973846436
gptoss_medium,52171904,51,3.8678696155548096
gptoss_medium,52176498,51,2.713615894317627
gptoss_medium,52178689,51,4.631852626800537
gptoss_medium,52182989,51,4.023708343505859
gptoss_medium,52183384,51,2.7606539726257324
gptoss_medium,52183483,51,2.4327285289764404
gptoss_medium,52188604,51,4.323817729949951
gptoss_medium,52190376,51,3.2220828533172607
gptoss_medium,52194540,51,3.33030366897583
gptoss_medium,52215843,51,3.6969614028930664
gptoss_medium,52221821,51,5.141575813293457
gptoss_medium,52255687,51,4.078975677490234
gptoss_medium,52298363,51,2.4232704639434814
gptoss_medium,52307098,51,3.4930903911590576
gptoss_medium,52310274,51,2.760593891143799
gptoss_medium,52333947,51,3.1316144466400146
gptoss_medium,52811641,51,4.7916131019592285
gptoss_medium,52815006,51,4.7194929122924805
gptoss_medium,52816033,51,3.219088554382324
gptoss_medium,52843977,51,2.4090986251831055
gptoss_medium,52895001,51,2.4941558837890625
gptoss_medium,52900003,51,3.077213764190674
gptoss_medium,52916675,51,3.4720468521118164
gptoss_medium,52917952,51,3.1108579635620117
gptoss_medium,52920257,51,3.397160530090332
gptoss_medium,52926380,51,4.77238655090332
gptoss_medium,52938038,51,2.966419219970703
gptoss_medium,52943615,51,4.101967811584473
gptoss_medium,52979524,51,3.017155885696411
gptoss_medium,52984852,51,3.010364294052124
gptoss_medium,53017700,51,2.69270920753479
gptoss_medium,53019653,51,2.9801278114318848
gptoss_medium,53034346,51,4.24406623840332
gptoss_medium,53035038,51,3.168593406677246
gptoss_medium,53037336,51,2.7821059226989746
gptoss_medium,53064621,51,3.0943546295166016
gptoss_medium,53079301,51,3.140707492828369
gptoss_medium,53079601,51,3.3854422569274902
gptoss_medium,53079743,51,2.6162219047546387
gptoss_medium,53079799,51,2.7360520362854004
gptoss_medium,53079972,51,3.2115731239318848
gptoss_medium,53080156,51,3.3338749408721924
gptoss_medium,53080384,51,3.3188276290893555
gptoss_medium,53080764,51,4.432745456695557
gptoss_medium,53080784,51,2.930180072784424
gptoss_medium,53080846,51,2.669337749481201
gptoss_medium,53081209,51,3.875551223754883
gptoss_medium,53081291,51,3.308502197265625
gptoss_medium,53081318,51,3.7386982440948486
gptoss_medium,53081403,51,4.374333381652832
gptoss_medium,53081407,51,3.5249104499816895
gptoss_medium,53081627,51,2.581634759902954
gptoss_medium,53081634,51,3.879650831222534
gptoss_medium,53082197,51,2.9235315322875977
gptoss_medium,53082257,51,2.7538163661956787
gptoss_medium,53082972,51,4.170863151550293
gptoss_medium,53083054,51,3.8057363033294678
gptoss_medium,53083061,51,2.833064317703247
gptoss_medium,53083122,51,3.8811211585998535
gptoss_medium,53083232,51,2.7767415046691895
gptoss_medium,53083305,51,3.1403756141662598
gptoss_medium,53083475,51,2.826040506362915
gptoss_medium,53083677,51,3.772247552871704
gptoss_medium,53095207,51,3.3453612327575684
gptoss_medium,53099899,51,2.7874081134796143
gptoss_medium,53109787,51,4.752228736877441
gptoss_medium,53110354,51,2.6424505710601807
gptoss_medium,53178856,51,3.2026588916778564
gptoss_medium,53217060,51,3.4088449478149414
gptoss_medium,53223679,51,5.038280010223389
gptoss_medium,53247198,51,4.296302795410156
gptoss_medium,53295957,51,3.4519639015197754
gptoss_medium,53298765,51,2.895259380340576
gptoss_medium,53298878,51,3.2600369453430176
gptoss_medium,53578487,51,2.955362558364868
gptoss_medium,53640239,51,2.8709356784820557
gptoss_medium,53645946,51,2.8050520420074463
gptoss_medium,54893641,51,2.695232391357422
gptoss_medium,56657817,51,4.821079254150391
gptoss_medium,56657857,51,4.593698024749756
gptoss_medium,56895551,51,2.6797754764556885
gptoss_medium,57189558,51,2.531965494155884
gptoss_medium,57564106,51,3.2708847522735596
gptoss_medium,57570672,51,3.5686252117156982
gptoss_medium,59553499,51,2.875077962875366
gptoss_medium,59553563,51,3.3480632305145264
gptoss_medium,59599633,51,3.3166816234588623
gptoss_medium,59599706,51,4.018184661865234
gptoss_medium,59599940,51,3.147573471069336
gptoss_medium,59604492,51,3.1786580085754395
gptoss_medium,60441316,51,4.427671432495117
gptoss_medium,61153666,51,3.4909744262695312
gptoss_medium,61874237,51,2.768686056137085
gptoss_medium,62637241,51,3.017216682434082
gptoss_medium,65038030,51,3.007620334625244
gptoss_medium,67788603,51,4.802271842956543
gptoss_medium,67855815,51,3.7931437492370605
gptoss_medium,67855860,51,4.067574977874756
gptoss_medium,67855893,51,3.7407658100128174
gptoss_medium,67855999,51,3.836329221725464
gptoss_medium,67856005,51,3.566803216934204
gptoss_medium,67856013,51,2.878204345703125
gptoss_medium,67856167,51,3.3625383377075195
gptoss_medium,67856324,51,2.977581739425659
gptoss_medium,67856607,51,3.5244927406311035
gptoss_medium,67856712,51,2.624509334564209
gptoss_medium,67877016,51,2.8949875831604004
gptoss_medium,68167178,51,5.049999237060547
gptoss_medium,70349933,51,3.053150177001953
gptoss_medium,71144630,51,3.0290255546569824
gptoss_medium,71147690,51,3.2214717864990234
gptoss_medium,73729169,51,2.930304765701294
gptoss_medium,76666127,51,4.445908069610596
gptoss_medium,80628347,51,3.5481953620910645
gptoss_medium,80628357,51,3.5670228004455566
gptoss_medium,83458715,51,4.5319132804870605
gptoss_medium,84842989,51,2.880805730819702
gptoss_medium,84843987,51,3.354395627975464
gptoss_medium,85459677,51,2.8938486576080322
gptoss_medium,85464175,51,3.489800453186035
gptoss_medium,85498775,51,3.0633065700531006
gptoss_medium,85501317,51,4.667677879333496
gptoss_medium,85518027,51,3.220781087875366
gptoss_medium,85528598,51,3.587151288986206
gptoss_medium,85531331,51,3.7470507621765137
gptoss_medium,86716257,51,3.262012004852295
gptoss_medium,91183938,51,3.2024266719818115
gptoss_medium,91184042,51,3.336975574493408
gptoss_medium,102350590,51,4.737874984741211
gptoss_medium,102350747,51,3.295433521270752
gptoss_medium,102350767,51,4.485682964324951
gptoss_medium,102350941,51,2.7280893325805664
gptoss_medium,102350997,51,3.149866819381714
gptoss_medium,102351463,51,3.56341290473938
gptoss_medium,102351547,51,3.323904275894165
gptoss_medium,102351717,51,3.0030386447906494
gptoss_medium,102352060,51,3.2373082637786865
gptoss_medium,102352698,51,3.6833879947662354
gptoss_medium,102352788,51,2.7169594764709473
gptoss_medium,102352962,51,2.844146490097046
gptoss_medium,102353817,51,3.6334524154663086
gptoss_medium,102353837,51,3.238393545150757
gptoss_medium,102353852,51,4.347984790802002
gptoss_medium,102354384,51,3.1823174953460693
gptoss_medium,102354395,51,3.7850160598754883
gptoss_medium,102354583,51,3.243009328842163
gptoss_medium,102354588,51,4.6405029296875
gptoss_medium,102354684,51,4.125675678253174
gptoss_medium,102483154,51,2.892990827560425
gptoss_medium,106402715,51,2.882753372192383
gptoss_medium,109933467,51,2.4642629623413086
gptoss_medium,116880070,51,3.4228293895721436
gptoss_medium,118674834,51,3.941114902496338
gptoss_medium,118680003,51,2.769026041030884
gptoss_medium,119308902,51,3.100130319595337
gptoss_medium,119309472,51,2.513906717300415
gptoss_medium,120224153,51,2.8401410579681396
gptoss_medium,126167342,51,4.028836250305176
gptoss_medium,126181046,51,3.116276502609253
gptoss_medium,128000127,51,4.2303996086120605
gptoss_medium,128345225,51,3.9374818801879883
gptoss_medium,128345548,51,4.511992931365967
gptoss_medium,129945216,51,3.186297655105591
gptoss_medium,133306280,51,3.4386656284332275
gptoss_medium,133597585,51,4.658578872680664
gptoss_medium,135466290,51,2.880647659301758
gptoss_medium,153312535,51,3.660404682159424
gptoss_medium,153312687,51,3.804572820663452
gptoss_medium,153313061,51,4.140920639038086
gptoss_medium,153313159,51,4.475175857543945
gptoss_medium,153313581,51,3.222677707672119
gptoss_medium,155089817,51,2.775498151779175
gptoss_medium,155091369,51,3.0838682651519775
gptoss_medium,155092736,51,2.495631694793701
gptoss_medium,155100086,51,3.6920080184936523
gptoss_medium,155100120,51,3.842895746231079
gptoss_medium,159041042,51,3.045963764190674
gptoss_medium,159041048,51,6.061097145080566
gptoss_medium,159041867,51,4.90976095199585
gptoss_medium,160009452,51,2.783695697784424
gptoss_medium,160009896,51,3.024562358856201
gptoss_medium,162183964,51,3.7974588871002197
gptoss_medium,165163819,51,3.1657323837280273
gptoss_medium,166228669,51,3.564572811126709
gptoss_medium,167217355,51,3.854365587234497
gptoss_medium,167217367,51,3.3898096084594727
gptoss_medium,167217453,51,2.104696750640869
gptoss_medium,168169888,51,2.898893356323242
gptoss_medium,170078653,51,4.047424793243408
gptoss_medium,170078772,51,3.159925937652588
gptoss_medium,170079112,51,3.252134084701538
gptoss_medium,173188048,51,3.045689105987549
gptoss_medium,173188803,51,2.6195530891418457
gptoss_medium,173990423,51,3.7212893962860107
gptoss_medium,173990455,51,3.2552907466888428
gptoss_medium,173990506,51,2.296478748321533
gptoss_medium,173990585,51,3.1493287086486816
gptoss_medium,173991101,51,2.760634660720825
gptoss_medium,174797737,51,3.48750376701355
gptoss_medium,174797747,51,4.26497745513916
gptoss_medium,174797886,51,3.589648723602295
gptoss_medium,174798153,51,2.508618116378784
gptoss_medium,174798218,51,3.1662609577178955
gptoss_medium,174798293,51,2.524663209915161
gptoss_medium,174798321,51,3.4102728366851807
gptoss_medium,174798410,51,3.5708811283111572
gptoss_medium,174799117,51,2.647531747817993
gptoss_medium,174799262,51,2.894411563873291
gptoss_medium,174799301,51,2.038083076477051
gptoss_medium,174799304,51,2.951296806335449
gptoss_medium,174799346,51,3.660836935043335
gptoss_medium,174799399,51,4.616099834442139
gptoss_medium,174799702,51,3.8771562576293945
gptoss_medium,174799768,51,2.916534423828125
gptoss_medium,174799793,51,2.4159657955169678
gptoss_medium,174799844,51,4.078894138336182
gptoss_medium,174799895,51,3.281878709793091
gptoss_medium,174799974,51,2.8558433055877686
gptoss_medium,174800106,51,3.1531484127044678
gptoss_medium,174800272,51,2.4187910556793213
gptoss_medium,174800458,51,3.727738857269287
gptoss_medium,174800839,51,3.656254291534424
gptoss_medium,174800890,51,3.2662811279296875
gptoss_medium,174800963,51,2.9810597896575928
gptoss_medium,174801080,51,3.43731427192688
gptoss_medium,174801222,51,2.6543660163879395
gptoss_medium,174801388,51,5.6996965408325195
gptoss_medium,174801519,51,3.4115705490112305
gptoss_medium,174801632,51,3.0052478313446045
gptoss_medium,174801764,51,3.1077921390533447
gptoss_medium,174802397,51,3.123452663421631
gptoss_medium,174802484,51,2.4983603954315186
gptoss_medium,174802848,51,3.6243324279785156
gptoss_medium,174802873,51,2.6619768142700195
gptoss_medium,174803111,51,4.269533157348633
gptoss_medium,174803587,51,4.2033514976501465
gptoss_medium,181704107,51,5.300490379333496
gptoss_medium,182952458,51,3.433523654937744
gptoss_medium,182952800,51,2.685389995574951
gptoss_medium,182952848,51,4.716176986694336
gptoss_medium,182952892,51,3.333040714263916
gptoss_medium,182953113,51,4.347397804260254
gptoss_medium,182953211,51,2.142451763153076
gptoss_medium,182953250,51,3.745480537414551
gptoss_medium,184482578,51,2.942723035812378
gptoss_medium,184483123,51,2.647958755493164
gptoss_medium,184483331,51,2.6355772018432617
gptoss_medium,184486755,51,3.7498764991760254
gptoss_medium,184486914,51,2.750389575958252
gptoss_medium,184487171,51,3.0474469661712646
gptoss_medium,184487889,51,3.267285108566284
gptoss_medium,186206211,51,5.488383769989014
gptoss_medium,186206508,51,3.369253396987915
gptoss_medium,186206974,51,2.662670850753784
gptoss_medium,189762009,51,3.5988733768463135
gptoss_medium,189762068,51,3.3633623123168945
gptoss_medium,189762081,51,3.3215878009796143
gptoss_medium,189762189,51,2.3649356365203857
gptoss_medium,189762341,51,3.2502481937408447
gptoss_medium,189762487,51,2.915593147277832
gptoss_medium,189762556,51,4.372074604034424
gptoss_medium,189927911,51,2.4299373626708984
gptoss_medium,189928008,51,3.025953531265259
gptoss_medium,189928148,51,3.186859130859375
gptoss_medium,189928186,51,3.6324422359466553
gptoss_medium,189928248,51,2.836608409881592
gptoss_medium,189928358,51,2.9261651039123535
gptoss_medium,189928395,51,3.373750686645508
gptoss_medium,189999088,51,2.8156588077545166
gptoss_medium,189999659,51,2.8848559856414795
gptoss_medium,190000105,51,3.2683753967285156
gptoss_medium,190001673,51,3.728102684020996
gptoss_medium,192530110,51,4.6867756843566895
gptoss_medium,195064954,51,5.70272970199585
gptoss_medium,195068920,51,3.0757384300231934
gptoss_medium,195069071,51,3.8379430770874023
gptoss_medium,195069392,51,2.6472017765045166
gptoss_medium,195218574,51,3.333847761154175
gptoss_medium,195218693,51,4.818983554840088
gptoss_medium,195316733,51,3.6567368507385254
gptoss_medium,195345077,51,4.038288593292236
gptoss_medium,195345094,51,3.799391269683838
gptoss_medium,195345201,51,3.282986640930176
gptoss_medium,195345563,51,3.3039355278015137
gptoss_medium,195477534,51,3.7577152252197266
gptoss_medium,195504787,51,2.48915958404541
gptoss_medium,195584320,51,3.272585868835449
gptoss_medium,195766884,51,2.599428653717041
gptoss_medium,195776147,51,2.804849863052368
gptoss_medium,195776229,51,2.8812096118927
gptoss_medium,195820682,51,2.825144052505493
gptoss_medium,195847811,51,2.9449334144592285
gptoss_medium,195848217,51,3.8169236183166504
gptoss_medium,195886246,51,3.77353835105896
gptoss_medium,196167277,51,5.475330829620361
gptoss_medium,196171551,51,3.1862049102783203
gptoss_medium,196171668,51,2.4549190998077393
gptoss_medium,196172197,51,3.279928207397461
gptoss_medium,196175184,51,5.341006278991699
gptoss_medium,196176000,51,3.8003056049346924
gptoss_medium,196176396,51,3.5160837173461914
gptoss_medium,196176628,51,2.4801275730133057
gptoss_medium,196178484,51,4.158930778503418
gptoss_medium,196178503,51,2.8256146907806396
gptoss_medium,196181315,51,2.9340109825134277
gptoss_medium,196181536,51,3.303816556930542
gptoss_medium,196181811,51,2.9955201148986816
gptoss_medium,196181887,51,3.344435691833496
gptoss_medium,196182395,51,2.6102139949798584
gptoss_medium,196183158,51,3.410005569458008
gptoss_medium,196183669,51,4.327571392059326
gptoss_medium,196184679,51,3.0424587726593018
gptoss_medium,196185038,51,3.113071918487549
gptoss_medium,196186167,51,2.654069662094116
gptoss_medium,196186961,51,3.9928526878356934
gptoss_medium,196187162,51,2.6089155673980713
gptoss_medium,196187316,51,2.4301319122314453
gptoss_medium,196187320,51,3.2581117153167725
gptoss_medium,196188501,51,3.0628159046173096
gptoss_medium,196188987,51,2.355698585510254
gptoss_medium,196189567,51,2.86116623878479
gptoss_medium,196189661,51,2.8856241703033447
gptoss_medium,196192979,51,3.0285656452178955
gptoss_medium,196193055,51,3.6099154949188232
gptoss_medium,196194557,51,3.865276575088501
gptoss_medium,196197006,51,3.9038047790527344
gptoss_medium,196198494,51,2.959893226623535
gptoss_medium,196199713,51,2.9950029850006104
gptoss_medium,196205749,51,3.084801197052002
gptoss_medium,196206886,51,3.5219178199768066
gptoss_medium,196209746,51,3.281816244125366
gptoss_medium,196210081,51,3.888089895248413
gptoss_medium,196210782,51,2.740279197692871
gptoss_medium,196211238,51,2.346445322036743
gptoss_medium,196211486,51,3.4115283489227295
gptoss_medium,196211550,51,2.666426420211792
gptoss_medium,196217527,51,2.954071283340454
gptoss_medium,196471188,51,3.862978935241699
gptoss_medium,196471198,51,4.021373271942139
gptoss_medium,196621534,51,2.8385801315307617
gptoss_medium,196621535,51,3.12996244430542
gptoss_medium,198179946,51,4.022683620452881
gptoss_medium,198184456,51,3.2949037551879883
gptoss_medium,198184729,51,3.1543283462524414
gptoss_medium,198939259,51,2.564746856689453
gptoss_medium,198967754,51,3.6389214992523193
gptoss_medium,198973187,51,2.9639432430267334
gptoss_medium,199001173,51,3.9929378032684326
gptoss_medium,199022396,51,3.835005283355713
gptoss_medium,199371491,51,2.8489551544189453
gptoss_medium,199371687,51,2.61533260345459
gptoss_medium,199379359,51,3.792086124420166
gptoss_medium,199452955,51,3.0967514514923096
gptoss_medium,199523733,51,2.322862386703491
gptoss_medium,199529989,51,2.28808331489563
gptoss_medium,199552244,51,3.531323194503784
gptoss_medium,199577588,51,3.098700523376465
gptoss_medium,199577634,51,3.388705015182495
gptoss_medium,199668626,51,3.7974321842193604
gptoss_medium,199668753,51,3.7553369998931885
gptoss_medium,201058596,51,2.755275011062622
gptoss_medium,201058633,51,3.2548248767852783
gptoss_medium,201058720,51,3.235433578491211
gptoss_medium,201070022,51,3.2735815048217773
gptoss_medium,201070265,51,4.166764736175537
gptoss_medium,201103745,51,2.7663824558258057
gptoss_medium,201124425,51,3.122551918029785
gptoss_medium,201307832,51,3.349612236022949
gptoss_medium,201645145,51,3.550539493560791
gptoss_medium,201646223,51,2.542726755142212
gptoss_medium,201646551,51,2.9156551361083984
gptoss_medium,201651596,51,3.022022247314453
gptoss_medium,201657818,51,3.586115598678589
gptoss_medium,201666437,51,3.4734199047088623
gptoss_medium,201666620,51,3.5168237686157227
gptoss_medium,201668205,51,2.7900407314300537
gptoss_medium,201669180,51,2.4652817249298096
gptoss_medium,201670412,51,4.32903528213501
gptoss_medium,201676778,51,4.119826793670654
gptoss_medium,201691562,51,2.354728937149048
gptoss_medium,201697450,51,3.814513683319092
gptoss_medium,201698093,51,2.4915390014648438
gptoss_medium,201698197,51,3.1639397144317627
gptoss_medium,201698258,51,3.901962995529175
gptoss_medium,201698358,51,5.442354679107666
gptoss_medium,201741133,51,4.524488925933838
gptoss_medium,201742252,51,2.6657800674438477
gptoss_medium,201742578,51,3.2921574115753174
gptoss_medium,202120468,51,3.579594850540161
gptoss_medium,202120592,51,4.005791664123535
gptoss_medium,202121966,51,2.320460557937622
gptoss_medium,202235037,51,6.57316255569458
gptoss_medium,202235596,51,5.08091402053833
gptoss_medium,202537031,51,3.2333219051361084
gptoss_medium,202537041,51,3.415681838989258
gptoss_medium,202537179,51,3.068474769592285
gptoss_medium,202537221,51,4.172330379486084
gptoss_medium,202537332,51,3.9830307960510254
gptoss_medium,202537477,51,2.9241220951080322
gptoss_medium,202537499,51,2.6405787467956543
gptoss_medium,202537890,51,3.083434581756592
gptoss_medium,202538141,51,3.4173426628112793
gptoss_medium,202538495,51,5.171996593475342
gptoss_medium,202538609,51,3.2980425357818604
gptoss_medium,202538897,51,3.120234966278076
gptoss_medium,202539004,51,3.32658052444458
gptoss_medium,202539031,51,5.716346263885498
gptoss_medium,202539063,51,4.406309604644775
gptoss_medium,202539354,51,2.6730544567108154
gptoss_medium,202539496,51,3.2468955516815186
gptoss_medium,202539540,51,3.478466510772705
gptoss_medium,202540033,51,4.553009510040283
gptoss_medium,202540088,51,3.5442817211151123
gptoss_medium,202540096,51,3.810065984725952
gptoss_medium,202540203,51,2.5777931213378906
gptoss_medium,202540590,51,3.426561117172241
gptoss_medium,202540591,51,4.42145299911499
gptoss_medium,202540640,51,2.9388904571533203
gptoss_medium,202540793,51,2.685697078704834
gptoss_medium,202540839,51,2.848341941833496
gptoss_medium,202541009,51,4.03376579284668
gptoss_medium,202541012,51,4.1001667976379395
gptoss_medium,202541043,51,3.7114760875701904
gptoss_medium,202541147,51,4.5035881996154785
gptoss_medium,202541184,51,3.029952049255371
gptoss_medium,202541185,51,3.1296911239624023
gptoss_medium,202541352,51,2.7435054779052734
gptoss_medium,202541363,51,2.9819068908691406
gptoss_medium,202541447,51,3.008042097091675
gptoss_medium,202541473,51,2.6679651737213135
gptoss_medium,202541491,51,2.849778890609741
gptoss_medium,202541545,51,4.581275463104248
gptoss_medium,202541569,51,2.701256275177002
gptoss_medium,202541578,51,3.703167200088501
gptoss_medium,202541610,51,3.7403504848480225
gptoss_medium,202541654,51,2.953502655029297
gptoss_medium,202542261,51,4.6705403327941895
gptoss_medium,202542397,51,2.8487768173217773
gptoss_medium,202542569,51,3.4412968158721924
gptoss_medium,202542757,51,3.9077329635620117
gptoss_medium,202558451,51,3.918567180633545
gptoss_medium,202558815,51,4.382440567016602
gptoss_medium,202565485,51,4.898345947265625
gptoss_medium,202565569,51,3.596552610397339
gptoss_medium,202565697,51,2.3365306854248047
gptoss_medium,202572810,51,3.965052604675293
gptoss_medium,202577372,51,3.8404762744903564
gptoss_medium,202577934,51,3.0809741020202637
gptoss_medium,202583694,51,3.069364547729492
gptoss_medium,202635721,51,3.4506359100341797
gptoss_medium,202660724,51,4.0190958976745605
gptoss_medium,202660912,51,3.1504642963409424
gptoss_medium,202661048,51,2.416576385498047
gptoss_medium,202712648,51,3.0217833518981934
gptoss_medium,202718954,51,2.994243860244751
gptoss_medium,202734183,51,3.379842758178711
gptoss_medium,202734592,51,3.4584577083587646
gptoss_medium,202763602,51,3.1935815811157227
gptoss_medium,202765126,51,5.103917121887207
gptoss_medium,202765253,51,3.559645891189575
gptoss_medium,202765548,51,4.1733927726745605
gptoss_medium,202769823,51,2.9915966987609863
gptoss_medium,202770936,51,2.6582746505737305
gptoss_medium,202771124,51,3.0320069789886475
gptoss_medium,202771535,51,3.97929048538208
gptoss_medium,202773239,51,3.064624309539795
gptoss_medium,202773689,51,3.012976884841919
gptoss_medium,202774375,51,3.732060194015503
gptoss_medium,202774468,51,3.050987958908081
gptoss_medium,202776122,51,3.3990836143493652
gptoss_medium,202776447,51,3.6143693923950195
gptoss_medium,202776649,51,3.513218641281128
gptoss_medium,202781392,51,2.7509701251983643
gptoss_medium,202783478,51,3.801926612854004
gptoss_medium,202784449,51,3.230081796646118
gptoss_medium,202785255,51,2.6662890911102295
gptoss_medium,202785879,51,3.251678466796875
gptoss_medium,202786066,51,2.845768451690674
gptoss_medium,202786882,51,3.3721044063568115
gptoss_medium,202788490,51,3.898430585861206
gptoss_medium,202788575,51,3.2633750438690186
gptoss_medium,202789603,51,2.3589868545532227
gptoss_medium,203146520,51,3.0850307941436768
gptoss_medium,203150358,51,3.3616249561309814
gptoss_medium,203610181,51,2.406648635864258
gptoss_medium,203626520,51,3.0093531608581543
gptoss_medium,203836056,51,3.5849039554595947
gptoss_medium,203836888,51,4.990407943725586
gptoss_medium,203905404,51,3.3779141902923584
gptoss_medium,204009154,51,3.510786294937134
gptoss_medium,204512247,51,4.569724082946777
gptoss_medium,204744108,51,4.16111946105957
gptoss_medium,204823992,51,3.7403347492218018
gptoss_medium,204902024,51,3.631619930267334
gptoss_medium,204949631,51,3.42409086227417
gptoss_medium,207794190,51,3.4313547611236572
gptoss_medium,207847197,51,3.1491527557373047
gptoss_medium,207847250,51,6.296247959136963
gptoss_medium,207847598,51,4.24267578125
gptoss_medium,207847960,51,3.605340003967285
gptoss_medium,207852358,51,3.6212122440338135
gptoss_medium,207852450,51,3.4780116081237793
gptoss_medium,207852597,51,3.379201650619507
gptoss_medium,207852642,51,4.241154193878174
gptoss_medium,207853017,51,3.7177326679229736
gptoss_medium,207853111,51,4.283195972442627
gptoss_medium,207853145,51,3.1124203205108643
gptoss_medium,207853191,51,4.325680732727051
gptoss_medium,207853290,51,3.3792059421539307
gptoss_medium,207853300,51,3.7025041580200195
gptoss_medium,207853304,51,4.679019927978516
gptoss_medium,207863306,51,3.9869279861450195
gptoss_medium,207870323,51,4.091153621673584
gptoss_medium,207870937,51,2.5715763568878174
gptoss_medium,207901226,51,3.1796584129333496
gptoss_medium,207925651,51,3.4330549240112305
gptoss_medium,207996257,51,3.3672971725463867
gptoss_medium,208001011,51,3.1761746406555176
gptoss_medium,208006253,51,3.270782232284546
gptoss_medium,208191596,51,3.500335931777954
gptoss_medium,208527026,51,2.9841296672821045
gptoss_medium,208547632,51,2.826035737991333
gptoss_medium,209009596,51,5.521419048309326
gptoss_medium,209054931,51,2.5825161933898926
gptoss_medium,209202658,51,4.16000509262085
gptoss_medium,210164439,51,3.2614855766296387
gptoss_medium,210164665,51,5.383296489715576
gptoss_medium,210701352,51,3.1579151153564453
gptoss_medium,210714061,51,4.601834297180176
gptoss_medium,211003735,51,4.161313056945801
gptoss_medium,211029226,51,5.1321702003479
gptoss_medium,211031933,51,4.2754740715026855
gptoss_medium,211066200,51,4.833909511566162
gptoss_medium,211082681,51,4.837381839752197
gptoss_medium,211126910,51,2.931950092315674
gptoss_medium,211258645,51,3.802253484725952
gptoss_medium,211532588,51,3.7229015827178955
gptoss_medium,211677475,51,4.91352653503418
gptoss_medium,211987786,51,4.973543167114258
gptoss_medium,212718077,51,4.456393241882324
gptoss_medium,212725806,51,3.0884785652160645
gptoss_medium,212747810,51,3.7000808715820312
gptoss_medium,212800438,51,3.1995861530303955
gptoss_medium,213982630,51,4.416639804840088
gptoss_medium,214623124,51,6.0792236328125
gptoss_medium,214693050,51,4.205902099609375
gptoss_medium,214794966,51,3.2000346183776855
gptoss_medium,214802401,51,4.284135341644287
gptoss_medium,214802500,51,3.0171549320220947
gptoss_medium,214802514,51,4.64115571975708
gptoss_medium,214802587,51,3.0425851345062256
gptoss_medium,214802624,51,2.471588373184204
gptoss_medium,214802812,51,2.9051687717437744
gptoss_medium,214802856,51,4.705320835113525
gptoss_medium,214802887,51,4.9398193359375
gptoss_medium,214803082,51,2.699763059616089
gptoss_medium,215191351,51,5.505506992340088
gptoss_medium,215238391,51,3.264850616455078
gptoss_medium,215238965,51,3.325174331665039
gptoss_medium,215415911,51,3.587423086166382
gptoss_medium,215415968,51,2.8910436630249023
gptoss_medium,215416110,51,3.213120460510254
gptoss_medium,215416175,51,3.022879123687744
gptoss_medium,215416349,51,5.560644149780273
gptoss_medium,215547988,51,3.4395153522491455
gptoss_medium,215548041,51,4.221677303314209
gptoss_medium,215548215,51,3.2605247497558594
gptoss_medium,215548225,51,4.49275541305542
gptoss_medium,215548916,51,2.572338104248047
gptoss_medium,215737001,51,2.588292360305786
gptoss_medium,215744806,51,2.7619733810424805
gptoss_medium,215744924,51,3.59898042678833
gptoss_medium,215744944,51,3.0179686546325684
gptoss_medium,215745286,51,4.003406524658203
gptoss_medium,215745290,51,3.817020893096924
gptoss_medium,215745354,51,3.587294101715088
gptoss_medium,215745536,51,3.682668685913086
gptoss_medium,215768766,51,3.9656014442443848
gptoss_medium,215768768,51,4.458675384521484
gptoss_medium,215768769,51,3.7910430431365967
gptoss_medium,215768835,51,3.334271192550659
gptoss_medium,215785828,51,3.0523107051849365
gptoss_medium,215785895,51,5.037581920623779
gptoss_medium,215786391,51,3.3022735118865967
gptoss_medium,215806653,51,3.600277900695801
gptoss_medium,215811473,51,2.96347975730896
gptoss_medium,215814290,51,2.562208890914917
gptoss_medium,215814515,51,3.5823800563812256
gptoss_medium,215826646,51,2.821544885635376
gptoss_medium,215827207,51,3.878253698348999
gptoss_medium,215827461,51,4.174012184143066
gptoss_medium,215827653,51,3.2292234897613525
gptoss_medium,215827766,51,3.8994462490081787
gptoss_medium,215827807,51,3.505539894104004
gptoss_medium,215827989,51,2.4750285148620605
gptoss_medium,215828313,51,3.073070764541626
gptoss_medium,215828384,51,3.654905319213867
gptoss_medium,215828553,51,3.5121841430664062
gptoss_medium,216035773,51,2.433849811553955
gptoss_medium,216056240,51,3.9876575469970703
gptoss_medium,216056269,51,2.966769218444824
gptoss_medium,216056453,51,3.492785692214966
gptoss_medium,216056509,51,2.6022677421569824
gptoss_medium,216080642,51,3.5699799060821533
gptoss_medium,216080701,51,3.605916738510132
gptoss_medium,216080986,51,3.0450406074523926
gptoss_medium,216144439,51,3.6280996799468994
gptoss_medium,216144503,51,3.862511157989502
gptoss_medium,216144770,51,3.084869384765625
gptoss_medium,216552849,51,2.8264317512512207
gptoss_medium,216552854,51,3.9709665775299072
gptoss_medium,216552897,51,4.974492073059082
gptoss_medium,216552978,51,3.6525752544403076
gptoss_medium,216553067,51,4.07932186126709
gptoss_medium,216553182,51,3.6506829261779785
gptoss_medium,216553210,51,4.127024173736572
gptoss_medium,216553264,51,2.7253711223602295
gptoss_medium,216557637,51,3.0587666034698486
gptoss_medium,216562233,51,3.811718225479126
gptoss_medium,216562330,51,2.910485029220581
gptoss_medium,216562386,51,3.2551279067993164
gptoss_medium,216562638,51,2.999680757522583
gptoss_medium,216562779,51,3.0021207332611084
gptoss_medium,216562785,51,3.5139408111572266
gptoss_medium,216636598,51,3.033735990524292
gptoss_medium,216641736,51,3.149260997772217
gptoss_medium,216641773,51,4.588657855987549
gptoss_medium,216641842,51,2.6711342334747314
gptoss_medium,216641848,51,4.46184778213501
gptoss_medium,216641852,51,3.371846914291382
gptoss_medium,216641956,51,3.1802802085876465
gptoss_medium,216642043,51,2.901019811630249
gptoss_medium,216642230,51,3.0547494888305664
gptoss_medium,216867622,51,3.083390951156616
gptoss_medium,216868180,51,4.564250946044922
gptoss_medium,216868234,51,2.681859254837036
gptoss_medium,216868259,51,2.567601203918457
gptoss_medium,216868472,51,3.434091806411743
gptoss_medium,216868486,51,3.0536623001098633
gptoss_medium,216868525,51,3.7956948280334473
gptoss_medium,216868592,51,3.592432975769043
gptoss_medium,216868683,51,3.3413257598876953
gptoss_medium,216868725,51,3.021631956100464
gptoss_medium,216869183,51,3.0063555240631104
gptoss_medium,216869577,51,4.887740612030029
gptoss_medium,216914409,51,2.7382471561431885
gptoss_medium,216914626,51,3.9034109115600586
gptoss_medium,216914911,51,3.302309989929199
gptoss_medium,218076648,51,3.3169631958007812
gptoss_medium,218470058,51,3.7132668495178223
gptoss_medium,218470122,51,2.47517728805542
gptoss_medium,218470125,51,2.8484456539154053
gptoss_medium,218470144,51,4.068971633911133
gptoss_medium,218470237,51,2.4462783336639404
gptoss_medium,218470359,51,6.56677770614624
gptoss_medium,218470427,51,2.90626859664917
gptoss_medium,218470517,51,4.036486625671387
gptoss_medium,218486837,51,3.7060365676879883
gptoss_medium,218487098,51,4.116357326507568
gptoss_medium,218487100,51,3.2096312046051025
gptoss_medium,218487136,51,3.118072986602783
gptoss_medium,218487168,51,3.098219156265259
gptoss_medium,218487230,51,2.7498130798339844
gptoss_medium,218487237,51,3.134732246398926
gptoss_medium,218487279,51,3.6179873943328857
gptoss_medium,218487288,51,3.7755002975463867
gptoss_medium,218487373,51,4.264621734619141
gptoss_medium,218487454,51,3.5459249019622803
gptoss_medium,218487506,51,3.658308744430542
gptoss_medium,218487696,51,4.247828960418701
gptoss_medium,218487733,51,3.442242383956909
gptoss_medium,218500588,51,3.3421409130096436
gptoss_medium,218501728,51,3.0070793628692627
gptoss_medium,218502350,51,4.358475685119629
gptoss_medium,218517044,51,2.3377630710601807
gptoss_medium,218517088,51,2.8961479663848877
gptoss_medium,218517128,51,3.4668333530426025
gptoss_medium,218538467,51,2.935265302658081
gptoss_medium,218560609,51,4.160269737243652
gptoss_medium,218571018,51,2.7677361965179443
gptoss_medium,218571035,51,2.912693738937378
gptoss_medium,218571152,51,3.1260244846343994
gptoss_medium,218571167,51,3.057405471801758
gptoss_medium,218571335,51,2.973198413848877
gptoss_medium,218580945,51,3.1729207038879395
gptoss_medium,218581853,51,2.947876453399658
gptoss_medium,218595658,51,3.6753087043762207
gptoss_medium,218595710,51,3.198646306991577
gptoss_medium,218595915,51,4.481960773468018
gptoss_medium,218595930,51,3.103337526321411
gptoss_medium,218610661,51,3.584014892578125
gptoss_medium,218613630,51,3.208416700363159
gptoss_medium,218613850,51,3.2007951736450195
gptoss_medium,218614095,51,2.793194055557251
gptoss_medium,218628691,51,3.196681261062622
gptoss_medium,218628872,51,5.4254231452941895
gptoss_medium,218630027,51,3.2803962230682373
gptoss_medium,218665566,51,3.0099496841430664
gptoss_medium,218674382,51,3.8042478561401367
gptoss_medium,218684346,51,3.2016844749450684
gptoss_medium,218718559,51,2.71106219291687
gptoss_medium,218718982,51,2.9735944271087646
gptoss_medium,218763259,51,5.451449871063232
gptoss_medium,218763425,51,3.360872983932495
gptoss_medium,218763678,51,1.9921660423278809
gptoss_medium,218869840,51,2.9626219272613525
gptoss_medium,218883429,51,3.164865493774414
gptoss_medium,218889746,51,2.5031466484069824
gptoss_medium,218901061,51,5.01400899887085
gptoss_medium,218971632,51,3.8112070560455322
gptoss_medium,218971877,51,3.687613010406494
gptoss_medium,218974137,51,2.544116497039795
gptoss_medium,219036690,51,2.944894313812256
gptoss_medium,219124328,51,3.537888526916504
gptoss_medium,219165306,51,3.671542167663574
gptoss_medium,219176513,51,4.240212440490723
gptoss_medium,219176849,51,2.800750732421875
gptoss_medium,219177150,51,3.4098331928253174
gptoss_medium,219260306,51,2.905601739883423
gptoss_medium,219302617,51,2.7955665588378906
gptoss_medium,219304854,51,3.4725587368011475
gptoss_medium,219304992,51,3.2012429237365723
gptoss_medium,219306244,51,6.210092544555664
gptoss_medium,219307246,51,2.624837875366211
gptoss_medium,219309091,51,3.192472457885742
gptoss_medium,219310312,51,2.9440908432006836
gptoss_medium,219401758,51,2.6512107849121094
gptoss_medium,219530664,51,3.452720880508423
gptoss_medium,219530980,51,3.258406162261963
gptoss_medium,219558508,51,2.666893482208252
gptoss_medium,219573244,51,3.510399103164673
gptoss_medium,219573654,51,3.0910847187042236
gptoss_medium,219635956,51,2.657262086868286
gptoss_medium,219708219,51,4.001211643218994
gptoss_medium,219719687,51,3.682920217514038
gptoss_medium,219721462,51,3.604151725769043
gptoss_medium,219966938,51,5.393239974975586
gptoss_medium,219980605,51,3.7302026748657227
gptoss_medium,220044829,51,3.352313995361328
gptoss_medium,220044878,51,2.3032333850860596
gptoss_medium,220044881,51,3.45762038230896
gptoss_medium,220045417,51,3.610973834991455
gptoss_medium,220045465,51,2.8683621883392334
gptoss_medium,220045816,51,4.22349214553833
gptoss_medium,220045824,51,3.245534896850586
gptoss_medium,220045825,51,2.9888577461242676
gptoss_medium,220045826,51,3.337236166000366
gptoss_medium,220045828,51,3.2040560245513916
gptoss_medium,220045831,51,3.3563575744628906
gptoss_medium,220045835,51,3.551910161972046
gptoss_medium,220045906,51,3.5283660888671875
gptoss_medium,220045915,51,3.619673490524292
gptoss_medium,220045953,51,2.7945828437805176
gptoss_medium,220046222,51,2.619927406311035
gptoss_medium,220046453,51,2.8499042987823486
gptoss_medium,220046465,51,3.1524453163146973
gptoss_medium,220046499,51,3.997952699661255
gptoss_medium,220046510,51,3.2482945919036865
gptoss_medium,220046814,51,3.0142126083374023
gptoss_medium,220047070,51,3.1348249912261963
gptoss_medium,220047186,51,3.5211315155029297
gptoss_medium,220047251,51,3.991257667541504
gptoss_medium,220047266,51,3.201584577560425
gptoss_medium,220047363,51,2.591951847076416
gptoss_medium,220047771,51,3.292154550552368
gptoss_medium,220047822,51,2.917731523513794
gptoss_medium,220047831,51,3.9944589138031006
gptoss_medium,220047862,51,3.200533151626587
gptoss_medium,220047871,51,4.165975570678711
gptoss_medium,220047976,51,3.1713106632232666
gptoss_medium,220048083,51,2.9834144115448
gptoss_medium,220048213,51,3.31997013092041
gptoss_medium,220048228,51,2.478454351425171
gptoss_medium,220049701,51,2.4525868892669678
gptoss_medium,220059617,51,2.8887836933135986
gptoss_medium,220060899,51,2.6806142330169678
gptoss_medium,220250648,51,4.0241546630859375
gptoss_medium,220265679,51,4.446940898895264
gptoss_medium,220280994,51,3.183912992477417
gptoss_medium,220330688,51,2.491431951522827
gptoss_medium,220331638,51,2.620147943496704
gptoss_medium,220363596,51,4.276953220367432
gptoss_medium,220364230,51,4.042258262634277
gptoss_medium,220425360,51,3.5042760372161865
gptoss_medium,220525491,51,4.214021682739258
gptoss_medium,220546439,51,4.07794713973999
gptoss_medium,220686630,51,2.687878131866455
gptoss_medium,220794027,51,3.118987560272217
gptoss_medium,220919861,51,3.1834609508514404
gptoss_medium,221005781,51,3.54403018951416
gptoss_medium,221090091,51,2.3253514766693115
gptoss_medium,221090332,51,2.4697282314300537
gptoss_medium,221150562,51,4.222322940826416
gptoss_medium,221246333,51,2.782209873199463
gptoss_medium,221376974,51,3.2724499702453613
gptoss_medium,221517069,51,2.4430134296417236
gptoss_medium,221640658,51,3.6248600482940674
gptoss_medium,221702970,51,3.9154834747314453
gptoss_medium,221703773,51,3.807101011276245
gptoss_medium,221738937,51,3.623579740524292
gptoss_medium,221738987,51,2.645185947418213
gptoss_medium,221739233,51,3.7386438846588135
gptoss_medium,221739295,51,3.4330806732177734
gptoss_medium,221739314,51,3.9493517875671387
gptoss_medium,221749138,51,3.098046064376831
gptoss_medium,221761251,51,3.1402368545532227
gptoss_medium,221761320,51,3.6374800205230713
gptoss_medium,221761685,51,3.050825357437134
gptoss_medium,221802738,51,3.5278220176696777
gptoss_medium,221802772,51,3.6559717655181885
gptoss_medium,221818878,51,3.6105611324310303
gptoss_medium,221835708,51,2.972940683364868
gptoss_medium,221836078,51,5.13374137878418
gptoss_medium,221836081,51,3.0783727169036865
gptoss_medium,221845203,51,5.8609395027160645
gptoss_medium,221857750,51,3.330667734146118
gptoss_medium,221878973,51,3.5203912258148193
gptoss_medium,221879025,51,4.362929821014404
gptoss_medium,221948991,51,3.5389599800109863
gptoss_medium,221949175,51,3.8030145168304443
gptoss_medium,221949448,51,2.729682683944702
gptoss_medium,221970112,51,4.153135299682617
gptoss_medium,221970445,51,3.7099928855895996
gptoss_medium,221970493,51,3.1171865463256836
gptoss_medium,221995543,51,3.5586798191070557
gptoss_medium,221995630,51,4.99530553817749
gptoss_medium,221996144,51,3.3864481449127197
gptoss_medium,222008363,51,3.56894850730896
gptoss_medium,222066712,51,3.4239447116851807
gptoss_medium,222090330,51,2.9717965126037598
gptoss_medium,222090412,51,4.191425323486328
gptoss_medium,222103842,51,3.761573553085327
gptoss_medium,222124366,51,3.810682535171509
gptoss_medium,222124934,51,3.2045319080352783
gptoss_medium,222125099,51,4.2017822265625
gptoss_medium,222132916,51,4.724081516265869
gptoss_medium,222133028,51,3.148202419281006
gptoss_medium,222133166,51,3.0954065322875977
gptoss_medium,222134074,51,2.7133021354675293
gptoss_medium,222134115,51,3.0659921169281006
gptoss_medium,222140803,51,3.499812126159668
gptoss_medium,222140969,51,2.8526124954223633
gptoss_medium,222141043,51,3.6591389179229736
gptoss_medium,222141045,51,3.046570301055908
gptoss_medium,222141054,51,5.225569725036621
gptoss_medium,222141056,51,3.926971912384033
gptoss_medium,222141483,51,2.532416343688965
gptoss_medium,222141790,51,3.7393527030944824
gptoss_medium,222142129,51,3.5224666595458984
gptoss_medium,222156681,51,3.121013879776001
gptoss_medium,222176890,51,4.690915584564209
gptoss_medium,222177069,51,3.168752908706665
gptoss_medium,222177127,51,2.9520816802978516
gptoss_medium,222177239,51,2.508608341217041
gptoss_medium,222177485,51,4.360670566558838
gptoss_medium,222177762,51,3.084979772567749
gptoss_medium,222177767,51,2.5233585834503174
gptoss_medium,222177851,51,2.744271993637085
gptoss_medium,222205878,51,3.2215123176574707
gptoss_medium,222208701,51,3.6001393795013428
gptoss_medium,222208714,51,3.869007110595703
gptoss_medium,222208845,51,2.2546215057373047
gptoss_medium,222208958,51,3.4325807094573975
gptoss_medium,222208984,51,2.6856935024261475
gptoss_medium,222209112,51,3.203632354736328
gptoss_medium,222225253,51,2.9088923931121826
gptoss_medium,222271911,51,2.9386861324310303
gptoss_medium,222272319,51,2.7002668380737305
gptoss_medium,222272447,51,4.401245594024658
gptoss_medium,222290596,51,3.3386595249176025
gptoss_medium,222290670,51,4.889102458953857
gptoss_medium,222290677,51,3.0592026710510254
gptoss_medium,222290679,51,2.608571767807007
gptoss_medium,222290752,51,4.464662551879883
gptoss_medium,222290851,51,3.423863172531128
gptoss_medium,222291117,51,3.7684412002563477
gptoss_medium,222291132,51,3.364434242248535
gptoss_medium,222291386,51,2.9321727752685547
gptoss_medium,222291532,51,4.517780303955078
gptoss_medium,222291619,51,2.682931423187256
gptoss_medium,222306079,51,3.113208293914795
gptoss_medium,222310116,51,3.4852726459503174
gptoss_medium,222310469,51,2.7025654315948486
gptoss_medium,222310559,51,3.4046883583068848
gptoss_medium,222310618,51,4.784687519073486
gptoss_medium,222310689,51,2.554729461669922
gptoss_medium,222310761,51,3.1005029678344727
gptoss_medium,222310837,51,4.889746189117432
gptoss_medium,222341502,51,3.704693078994751
gptoss_medium,222341606,51,3.3559045791625977
gptoss_medium,222341713,51,4.010083198547363
gptoss_medium,222341867,51,3.5508615970611572
gptoss_medium,222377768,51,4.657705783843994
gptoss_medium,222379195,51,3.4632928371429443
gptoss_medium,223953395,51,2.886866331100464
gptoss_medium,223953416,51,4.934091091156006
gptoss_medium,223957053,51,3.3476781845092773
gptoss_medium,224704949,51,3.1792802810668945
gptoss_medium,224705337,51,3.8698055744171143
gptoss_medium,224706384,51,3.0001792907714844
gptoss_medium,224724415,51,4.090221881866455
gptoss_medium,224802782,51,2.875013828277588
gptoss_medium,224803298,51,3.0551154613494873
gptoss_medium,224803491,51,3.963979482650757
gptoss_medium,224803588,51,4.342267990112305
gptoss_medium,224814107,51,4.940168380737305
gptoss_medium,224818197,51,4.252552032470703
gptoss_medium,225039884,51,2.580387830734253
gptoss_medium,225040672,51,2.672921895980835
gptoss_medium,225041226,51,3.601680278778076
gptoss_medium,225062282,51,4.513612270355225
gptoss_medium,225062337,51,4.407716751098633
gptoss_medium,225066679,51,2.9486186504364014
gptoss_medium,225066984,51,4.474020481109619
gptoss_medium,225067055,51,5.578189373016357
gptoss_medium,225067077,51,2.9726033210754395
gptoss_medium,225067549,51,3.9303243160247803
gptoss_medium,225067563,51,3.7040045261383057
gptoss_medium,225067713,51,3.0817551612854004
gptoss_medium,225068329,51,4.08836555480957
gptoss_medium,225070214,51,2.990671157836914
gptoss_medium,225074971,51,2.9396023750305176
gptoss_medium,225075639,51,3.2030436992645264
gptoss_medium,225094152,51,2.7988533973693848
gptoss_medium,225103036,51,2.9948549270629883
gptoss_medium,226222232,51,4.564145565032959
gptoss_medium,226226607,51,4.347268581390381
gptoss_medium,226226666,51,4.001792907714844
gptoss_medium,226226744,51,4.117835521697998
gptoss_medium,226227390,51,3.575655698776245
gptoss_medium,226236740,51,3.3007538318634033
gptoss_medium,226237179,51,2.9367785453796387
gptoss_medium,226237546,51,3.1241259574890137
gptoss_medium,226245979,51,2.7838573455810547
gptoss_medium,226254361,51,3.0483696460723877
gptoss_medium,226262191,51,4.094878673553467
gptoss_medium,226262204,51,3.692657470703125
gptoss_medium,226262205,51,4.542861461639404
gptoss_medium,226262224,51,2.862252950668335
gptoss_medium,226262227,51,2.9146058559417725
gptoss_medium,226262252,51,3.0772175788879395
gptoss_medium,226262263,51,2.55104923248291
gptoss_medium,226262266,51,2.8244130611419678
gptoss_medium,226262283,51,2.873694896697998
gptoss_medium,226262284,51,2.759957790374756
gptoss_medium,226262316,51,4.315350532531738
gptoss_medium,226262325,51,3.8276968002319336
gptoss_medium,226262344,51,2.956524133682251
gptoss_medium,226262349,51,2.611982822418213
gptoss_medium,226262425,51,3.1601672172546387
gptoss_medium,226278099,51,2.5140857696533203
gptoss_medium,226281376,51,3.1090738773345947
gptoss_medium,226281660,51,3.746483087539673
gptoss_medium,226283452,51,2.235079288482666
gptoss_medium,226283533,51,3.5317578315734863
gptoss_medium,226283593,51,4.640125274658203
gptoss_medium,226283779,51,3.3183295726776123
gptoss_medium,226283839,51,5.658949851989746
gptoss_medium,226283910,51,4.656804084777832
gptoss_medium,226283984,51,4.092319488525391
gptoss_medium,226284018,51,3.3026416301727295
gptoss_medium,227230267,51,2.6331946849823
gptoss_medium,227230896,51,2.588682174682617
gptoss_medium,227231059,51,2.7952511310577393
gptoss_medium,227231123,51,3.538241147994995
gptoss_medium,227231240,51,3.342946767807007
gptoss_medium,227231454,51,4.6761274337768555
gptoss_medium,227231541,51,3.2985284328460693
gptoss_medium,227231632,51,2.88848876953125
gptoss_medium,227231689,51,3.905996322631836
gptoss_medium,227255526,51,4.371780872344971
gptoss_medium,227745074,51,4.218172073364258
gptoss_medium,227840539,51,2.8581504821777344
gptoss_medium,229152766,51,4.436978340148926
gptoss_medium,229363636,51,3.1540205478668213
gptoss_medium,229365667,51,2.8098437786102295
gptoss_medium,229365773,51,3.229868173599243
gptoss_medium,229365839,51,3.6175355911254883
gptoss_medium,229371560,51,3.8712902069091797
gptoss_medium,229376913,51,5.861583232879639
gptoss_medium,229376920,51,3.553948402404785
gptoss_medium,229679941,51,5.17756986618042
gptoss_medium,229923069,51,3.8155441284179688
gptoss_medium,229923118,51,4.502994537353516
gptoss_medium,229923196,51,5.767102241516113
gptoss_medium,229923207,51,2.932039499282837
gptoss_medium,229923220,51,2.955976963043213
gptoss_medium,229923438,51,4.011732578277588
gptoss_medium,229923538,51,4.059899806976318
gptoss_medium,229923551,51,2.832052707672119
gptoss_medium,229923747,51,3.4226863384246826
gptoss_medium,229923749,51,3.4903571605682373
gptoss_medium,229923903,51,3.4762256145477295
gptoss_medium,229924005,51,2.669445753097534
gptoss_medium,229924184,51,4.249569892883301
gptoss_medium,229924220,51,3.515483856201172
gptoss_medium,229924402,51,3.3539178371429443
gptoss_medium,230119728,51,3.7820706367492676
gptoss_medium,230433978,51,3.454179048538208
gptoss_medium,230434014,51,2.6749939918518066
gptoss_medium,230437591,51,3.187750816345215
gptoss_medium,230437613,51,3.963988780975342
gptoss_medium,230438816,51,3.3195440769195557
gptoss_medium,231572779,51,4.670922756195068
gptoss_medium,231592914,51,3.715679168701172
gptoss_medium,231648372,51,3.93464994430542
gptoss_medium,231698419,51,2.3811557292938232
gptoss_medium,231698657,51,3.377124071121216
gptoss_medium,231704318,51,3.0432965755462646
gptoss_medium,231718729,51,4.2785773277282715
gptoss_medium,231719525,51,4.294814586639404
gptoss_medium,231740666,51,3.3721351623535156
gptoss_medium,231749968,51,4.194488525390625
gptoss_medium,231750020,51,3.159123659133911
gptoss_medium,231879840,51,2.9809274673461914
gptoss_medium,231951460,51,2.999492645263672
gptoss_medium,232147874,51,4.060047626495361
gptoss_medium,232185112,51,4.631741523742676
gptoss_medium,232185275,51,3.1006104946136475
gptoss_medium,232185425,51,2.763540267944336
gptoss_medium,232185439,51,2.9341862201690674
gptoss_medium,232222189,51,4.473669528961182
gptoss_medium,232233408,51,4.505498886108398
gptoss_medium,232233599,51,2.7616922855377197
gptoss_medium,232240181,51,3.3861501216888428
gptoss_medium,232257699,51,4.534435749053955
gptoss_medium,232307006,51,2.584627151489258
gptoss_medium,232307434,51,3.0953943729400635
gptoss_medium,232307483,51,4.761270046234131
gptoss_medium,232335602,51,5.576757431030273
gptoss_medium,232335863,51,2.671434164047241
gptoss_medium,232404131,51,3.397066593170166
gptoss_medium,232478685,51,2.57204532623291
gptoss_medium,233004708,51,3.0025815963745117
gptoss_medium,233033916,51,3.9054691791534424
gptoss_medium,233189542,51,5.317952632904053
gptoss_medium,233189569,51,2.933518171310425
gptoss_medium,233204406,51,2.8051748275756836
gptoss_medium,233209848,51,2.9429893493652344
gptoss_medium,233210110,51,4.20084810256958
gptoss_medium,233210195,51,3.738246202468872
gptoss_medium,233210199,51,3.514467239379883
gptoss_medium,233210367,51,3.7022745609283447
gptoss_medium,233210556,51,2.531060218811035
gptoss_medium,233219387,51,3.3598103523254395
gptoss_medium,233219395,51,2.1743199825286865
gptoss_medium,233219660,51,2.978416919708252
gptoss_medium,233219933,51,2.9136455059051514
gptoss_medium,233231453,51,3.9177894592285156
gptoss_medium,233231592,51,3.6944448947906494
gptoss_medium,233240744,51,2.5112767219543457
gptoss_medium,233240759,51,2.7471463680267334
gptoss_medium,233240823,51,3.691433906555176
gptoss_medium,233241004,51,3.7504384517669678
gptoss_medium,233241070,51,4.085209846496582
gptoss_medium,233241169,51,3.358022928237915
gptoss_medium,233289620,51,3.5787851810455322
gptoss_medium,233289621,51,3.0643486976623535
gptoss_medium,233289750,51,3.713927984237671
gptoss_medium,233296168,51,4.9925150871276855
gptoss_medium,233296182,51,4.100368022918701
gptoss_medium,233296487,51,3.8727023601531982
gptoss_medium,233296511,51,3.8988096714019775
gptoss_medium,233296655,51,3.639080762863159
gptoss_medium,233296689,51,3.8460745811462402
gptoss_medium,233296709,51,2.9400970935821533
gptoss_medium,233296775,51,3.0230565071105957
gptoss_medium,233297024,51,4.877455234527588
gptoss_medium,233304563,51,2.585768461227417
gptoss_medium,233324564,51,3.513629913330078
gptoss_medium,233365172,51,4.202110767364502
gptoss_medium,233365339,51,2.3497726917266846
gptoss_medium,233423658,51,3.63376522064209
gptoss_medium,233444226,51,6.345330715179443
gptoss_medium,233481097,51,4.27016019821167
gptoss_medium,233864627,51,5.003625869750977
gptoss_medium,234334712,51,2.33329439163208
gptoss_medium,234335834,51,4.670342445373535
gptoss_medium,234337605,51,3.655276298522949
gptoss_medium,234341137,51,3.2844364643096924
gptoss_medium,234469638,51,3.078848123550415
gptoss_medium,234469858,51,4.417626857757568
gptoss_medium,234679287,51,2.4039840698242188
gptoss_medium,234679391,51,3.23171067237854
gptoss_medium,234681504,51,2.8251900672912598
gptoss_medium,234741719,51,3.0859081745147705
gptoss_medium,234762936,51,4.6764068603515625
gptoss_medium,234763248,51,3.2143516540527344
gptoss_medium,234778136,51,2.896780252456665
gptoss_medium,234790219,51,3.7995247840881348
gptoss_medium,235097275,51,3.1458494663238525
gptoss_medium,235097294,51,3.517561674118042
gptoss_medium,235097313,51,2.9551210403442383
gptoss_medium,235097561,51,3.155705451965332
gptoss_medium,235097625,51,3.141523599624634
gptoss_medium,235097662,51,3.5703535079956055
gptoss_medium,235125628,51,3.292966604232788
gptoss_medium,235166279,51,4.170337677001953
gptoss_medium,235166395,51,3.3739092350006104
gptoss_medium,235166497,51,4.091358661651611
gptoss_medium,235187032,51,3.234297513961792
gptoss_medium,235196029,51,3.087777614593506
gptoss_medium,235196067,51,3.244169235229492
gptoss_medium,235212088,51,2.970811128616333
gptoss_medium,235248187,51,2.494108200073242
gptoss_medium,235253782,51,2.723641872406006
gptoss_medium,235253912,51,3.408616781234741
gptoss_medium,235254048,51,3.6636345386505127
gptoss_medium,235254574,51,3.304241895675659
gptoss_medium,235254732,51,3.5328028202056885
gptoss_medium,235254796,51,2.844005584716797
gptoss_medium,235265858,51,3.0035765171051025
gptoss_medium,235266233,51,3.211451292037964
gptoss_medium,235266322,51,4.329559803009033
gptoss_medium,235266324,51,3.116703748703003
gptoss_medium,235293739,51,2.5395309925079346
gptoss_medium,235293774,51,3.1028671264648438
gptoss_medium,235293802,51,3.455122947692871
gptoss_medium,235293967,51,4.050830364227295
gptoss_medium,235294002,51,2.760960578918457
gptoss_medium,235294081,51,3.188504219055176
gptoss_medium,235294296,51,4.693984031677246
gptoss_medium,235313431,51,2.4562833309173584
gptoss_medium,235313469,51,3.075313091278076
gptoss_medium,235313508,51,2.7662620544433594
gptoss_medium,235313546,51,2.4916625022888184
gptoss_medium,235313658,51,2.80014705657959
gptoss_medium,235313785,51,3.080152988433838
gptoss_medium,235313788,51,3.0536913871765137
gptoss_medium,235313818,51,2.9370336532592773
gptoss_medium,235313879,51,3.2488811016082764
gptoss_medium,235313916,51,3.1730992794036865
gptoss_medium,235313996,51,3.1922478675842285
gptoss_medium,235352646,51,4.301411151885986
gptoss_medium,235358130,51,3.4530632495880127
gptoss_medium,235358897,51,3.80670166015625
gptoss_medium,235358955,51,3.001835584640503
gptoss_medium,235359141,51,4.68438720703125
gptoss_medium,235364002,51,2.841956853866577
gptoss_medium,235364036,51,2.714507579803467
gptoss_medium,235367681,51,2.702204704284668
gptoss_medium,235368202,51,3.2142865657806396
gptoss_medium,235390503,51,2.671415328979492
gptoss_medium,235391043,51,3.852952480316162
gptoss_medium,235415270,51,3.3014068603515625
gptoss_medium,235417102,51,3.472835063934326
gptoss_medium,235417177,51,2.822604179382324
gptoss_medium,235417503,51,3.381056070327759
gptoss_medium,235422047,51,3.1856741905212402
gptoss_medium,235433328,51,3.03082275390625
gptoss_medium,235446895,51,2.650272846221924
gptoss_medium,235457983,51,2.326371908187866
gptoss_medium,235458570,51,2.7810444831848145
gptoss_medium,235458620,51,3.1379058361053467
gptoss_medium,235458643,51,3.276333808898926
gptoss_medium,235485451,51,3.288679838180542
gptoss_medium,235490087,51,3.393038034439087
gptoss_medium,235652287,51,3.8847076892852783
gptoss_medium,235669861,51,3.6610798835754395
gptoss_medium,235683062,51,4.483435153961182
gptoss_medium,235683485,51,4.053574562072754
gptoss_medium,235694265,51,4.650005340576172
gptoss_medium,235720578,51,3.4008724689483643
gptoss_medium,235794968,51,2.967529535293579
gptoss_medium,235795670,51,3.8772172927856445
gptoss_medium,235828923,51,3.6671502590179443
gptoss_medium,235828943,51,2.7477684020996094
gptoss_medium,235898896,51,3.8739752769470215
gptoss_medium,236087808,51,3.001629590988159
gptoss_medium,236171157,51,3.1345160007476807
gptoss_medium,236428724,51,2.5890159606933594
gptoss_medium,236428961,51,2.5178182125091553
gptoss_medium,236459819,51,3.3529419898986816
gptoss_medium,236459826,51,3.278498411178589
gptoss_medium,236459873,51,3.470532178878784
gptoss_medium,236459933,51,3.3488593101501465
gptoss_medium,236459946,51,2.419877052307129
gptoss_medium,236459953,51,4.3900299072265625
gptoss_medium,236460001,51,2.850943088531494
gptoss_medium,236460053,51,3.1317520141601562
gptoss_medium,236460056,51,3.4469501972198486
gptoss_medium,236460087,51,2.459199905395508
gptoss_medium,236460102,51,3.6002745628356934
gptoss_medium,236460230,51,2.495082378387451
gptoss_medium,236460239,51,3.8578927516937256
gptoss_medium,236460257,51,3.3764309883117676
gptoss_medium,236460275,51,4.522528648376465
gptoss_medium,236460302,51,4.567241668701172
gptoss_medium,236460322,51,2.6371898651123047
gptoss_medium,236477365,51,3.2692973613739014
gptoss_medium,236477682,51,2.480558156967163
gptoss_medium,236477844,51,2.9926857948303223
gptoss_medium,236477909,51,2.917658567428589
gptoss_medium,236478188,51,3.5437064170837402
gptoss_medium,236478383,51,2.674625873565674
gptoss_medium,236912915,51,4.483395099639893
gptoss_medium,236924832,51,4.278430461883545
gptoss_medium,236956577,51,3.8157613277435303
gptoss_medium,237091377,51,2.8976621627807617
gptoss_medium,237213465,51,2.7848238945007324
gptoss_medium,237251782,51,3.532834768295288
gptoss_medium,237263305,51,3.5997307300567627
gptoss_medium,237304047,51,3.4197230339050293
gptoss_medium,237304067,51,2.9294607639312744
gptoss_medium,237304520,51,2.992988348007202
gptoss_medium,237346893,51,3.555119037628174
gptoss_medium,237346897,51,4.643692970275879
gptoss_medium,237347122,51,3.618039608001709
gptoss_medium,237353665,51,3.2587833404541016
gptoss_medium,237365058,51,3.3422207832336426
gptoss_medium,237386676,51,2.859802484512329
gptoss_medium,237416760,51,3.765312433242798
gptoss_medium,237420398,51,3.397557258605957
gptoss_medium,237420821,51,2.928844451904297
gptoss_medium,237421373,51,3.488581418991089
gptoss_medium,237431340,51,6.74600076675415
gptoss_medium,237433655,51,4.143963813781738
gptoss_medium,237439400,51,2.660629987716675
gptoss_medium,237440319,51,3.4884419441223145
gptoss_medium,237442211,51,2.8983640670776367
gptoss_medium,237442331,51,5.939553260803223
gptoss_medium,237452184,51,3.9859118461608887
gptoss_medium,237452236,51,3.68632173538208
gptoss_medium,237453242,51,2.6903302669525146
gptoss_medium,237453543,51,3.677715301513672
gptoss_medium,237453590,51,3.2200098037719727
gptoss_medium,237454564,51,2.936156749725342
gptoss_medium,237485098,51,2.7895193099975586
gptoss_medium,237485454,51,4.266254425048828
gptoss_medium,237485472,51,3.9025063514709473
gptoss_medium,237485586,51,3.1491591930389404
gptoss_medium,237490811,51,3.3093554973602295
gptoss_medium,237491053,51,4.398625373840332
gptoss_medium,237491444,51,2.561156749725342
gptoss_medium,237491751,51,2.854280710220337
gptoss_medium,237492043,51,2.817742347717285
gptoss_medium,237492197,51,2.926870346069336
gptoss_medium,237500283,51,2.427621841430664
gptoss_medium,237504105,51,2.3066704273223877
gptoss_medium,237507028,51,4.224264144897461
gptoss_medium,237513360,51,2.8415029048919678
gptoss_medium,237532321,51,3.194185972213745
gptoss_medium,237532404,51,2.831383228302002
gptoss_medium,237561567,51,5.226666450500488
gptoss_medium,237562875,51,2.9862160682678223
gptoss_medium,237562927,51,3.457162618637085
gptoss_medium,237568724,51,4.237847805023193
gptoss_medium,237571370,51,2.3917064666748047
gptoss_medium,237571691,51,3.4615588188171387
gptoss_medium,237572304,51,2.692391872406006
gptoss_medium,237581068,51,3.7066850662231445
gptoss_medium,237698810,51,4.31512975692749
gptoss_medium,237940082,51,3.4068994522094727
gptoss_medium,237940206,51,4.03022575378418
gptoss_medium,237940558,51,3.1984386444091797
gptoss_medium,238198104,51,2.8324790000915527
gptoss_medium,238198383,51,2.928039789199829
gptoss_medium,238226978,51,3.5645058155059814
gptoss_medium,238259221,51,2.294257879257202
gptoss_medium,238259403,51,3.8359293937683105
gptoss_medium,238634750,51,4.3385725021362305
gptoss_medium,238744497,51,3.2800049781799316
gptoss_medium,238856828,51,4.064915657043457
gptoss_medium,238856900,51,3.6827993392944336
gptoss_medium,238857078,51,3.149628162384033
gptoss_medium,238857121,51,4.029042720794678
gptoss_medium,238857301,51,3.9975340366363525
gptoss_medium,238857304,51,3.559037923812866
gptoss_medium,239009558,51,3.5953197479248047
gptoss_medium,239009606,51,3.107097625732422
gptoss_medium,239015827,51,3.2883288860321045
gptoss_medium,239015946,51,3.665773391723633
gptoss_medium,239016123,51,4.764910697937012
gptoss_medium,239016717,51,2.9185502529144287
gptoss_medium,239016893,51,3.0561540126800537
gptoss_medium,239049842,51,3.2540857791900635
gptoss_medium,240225648,51,4.316654682159424
gptoss_medium,240288892,51,4.076812267303467
gptoss_medium,241032941,51,2.5843772888183594
gptoss_medium,241033259,51,4.8293256759643555
gptoss_medium,241583340,51,3.6190898418426514
gptoss_medium,241583576,51,2.480149269104004
gptoss_medium,243865127,51,2.681358575820923
gptoss_medium,243865204,51,3.1168904304504395
gptoss_medium,243865235,51,3.4109065532684326
gptoss_medium,243865296,51,2.478257179260254
gptoss_medium,243865314,51,2.921682834625244
gptoss_medium,243865355,51,3.2954905033111572
gptoss_medium,243865391,51,3.572150945663452
gptoss_medium,243865395,51,3.125601053237915
gptoss_medium,243865399,51,3.6782588958740234
gptoss_medium,244117167,51,2.5413835048675537
gptoss_medium,244909056,51,3.8383469581604004
gptoss_medium,245124270,51,3.8046324253082275
gptoss_medium,245130931,51,5.027896881103516
gptoss_medium,245131402,51,3.4099349975585938
gptoss_medium,245144752,51,2.8571879863739014
gptoss_medium,245218563,51,3.7750301361083984
gptoss_medium,245218671,51,5.655519008636475
gptoss_medium,245218982,51,3.279649019241333
gptoss_medium,245219268,51,3.648254632949829
gptoss_medium,245219282,51,4.403603553771973
gptoss_medium,245334784,51,4.060317039489746
gptoss_medium,245836939,51,3.278752565383911
gptoss_medium,245853756,51,2.6842026710510254
gptoss_medium,245855870,51,3.3970983028411865
gptoss_medium,246016271,51,3.327216386795044
gptoss_medium,246017095,51,4.070065498352051
gptoss_medium,246063436,51,2.5604770183563232
gptoss_medium,246867373,51,2.8370718955993652
gptoss_medium,247158838,51,4.60884428024292
gptoss_medium,247159046,51,3.8236806392669678
gptoss_medium,247187588,51,3.597177267074585
gptoss_medium,247222710,51,2.7646961212158203
gptoss_medium,247291740,51,2.957083225250244
gptoss_medium,247315166,51,3.47007155418396
gptoss_medium,247315260,51,3.5240042209625244
gptoss_medium,247362971,51,2.6960289478302
gptoss_medium,247411350,51,3.6347737312316895
gptoss_medium,247446572,51,4.161012649536133
gptoss_medium,247446894,51,3.294642210006714
gptoss_medium,247447662,51,3.9423131942749023
gptoss_medium,247450580,51,2.996108055114746
gptoss_medium,247450969,51,3.040604829788208
gptoss_medium,247451025,51,3.2766380310058594
gptoss_medium,247451243,51,3.2520782947540283
gptoss_medium,247475919,51,6.356244087219238
gptoss_medium,247518984,51,2.5983569622039795
gptoss_medium,247519084,51,3.355982780456543
gptoss_medium,247593812,51,2.5277490615844727
gptoss_medium,247594302,51,3.210597276687622
gptoss_medium,247594716,51,3.889195680618286
gptoss_medium,247594869,51,3.0559141635894775
gptoss_medium,247595094,51,3.56685471534729
gptoss_medium,247595225,51,3.1454567909240723
gptoss_medium,247596835,51,3.6493330001831055
gptoss_medium,247748640,51,3.536426067352295
gptoss_medium,247748753,51,2.9135026931762695
gptoss_medium,247748809,51,5.261927127838135
gptoss_medium,247762948,51,3.601032018661499
gptoss_medium,247792843,51,3.1844077110290527
gptoss_medium,247849293,51,2.605499505996704
gptoss_medium,247958465,51,4.376482963562012
gptoss_medium,248069378,51,2.9189789295196533
gptoss_medium,248085045,51,3.1557600498199463
gptoss_medium,248118588,51,3.1344356536865234
gptoss_medium,248118703,51,2.4490504264831543
gptoss_medium,248157348,51,2.9814674854278564
gptoss_medium,248227577,51,2.8530032634735107
gptoss_medium,248227660,51,4.033111572265625
gptoss_medium,248239933,51,2.7872278690338135
gptoss_medium,248377325,51,4.117750644683838
gptoss_medium,248377585,51,2.382697105407715
gptoss_medium,248406097,51,2.8453047275543213
gptoss_medium,248427016,51,2.8729255199432373
gptoss_medium,248476156,51,2.9950194358825684
gptoss_medium,248512779,51,3.2675702571868896
gptoss_medium,248524999,51,3.466562271118164
gptoss_medium,248721950,51,2.809863328933716
gptoss_medium,248779865,51,4.7060017585754395
gptoss_medium,248780015,51,3.6166114807128906
gptoss_medium,248780118,51,3.228623628616333
gptoss_medium,248780173,51,3.1644604206085205
gptoss_medium,248780372,51,3.617741107940674
gptoss_medium,248780440,51,3.2635436058044434
gptoss_medium,248780469,51,2.8089168071746826
gptoss_medium,248780517,51,2.542236804962158
gptoss_medium,248811704,51,2.9842100143432617
gptoss_medium,248888019,51,2.311847686767578
gptoss_medium,248962000,51,2.1334993839263916
gptoss_medium,248987526,51,3.0089902877807617
gptoss_medium,249062699,51,4.888158798217773
gptoss_medium,249062866,51,3.4647350311279297
gptoss_medium,249151979,51,2.9438416957855225
gptoss_medium,249172784,51,3.032308578491211
gptoss_medium,249209909,51,2.5304219722747803
gptoss_medium,249240598,51,2.7374658584594727
gptoss_medium,249687727,51,3.815983295440674
gptoss_medium,250311114,51,2.90303635597229
gptoss_medium,250390839,51,2.474011182785034
gptoss_medium,250390923,51,3.0888073444366455
gptoss_medium,251765463,51,3.209449052810669
gptoss_medium,252089779,51,4.1784586906433105
gptoss_medium,252439211,51,3.4003231525421143
gptoss_medium,252693442,51,2.6879937648773193
gptoss_medium,252735160,51,3.717442512512207
gptoss_medium,252735212,51,4.056736946105957
gptoss_medium,252762414,51,2.936898708343506
gptoss_medium,252780775,51,3.159245014190674
gptoss_medium,252815378,51,4.191105842590332
gptoss_medium,252846273,51,2.7709083557128906
gptoss_medium,252873593,51,4.599087715148926
gptoss_medium,252907428,51,3.515378952026367
gptoss_medium,252967945,51,2.9208285808563232
gptoss_medium,252992571,51,2.575380802154541
gptoss_medium,253018348,51,2.9102439880371094
gptoss_medium,253097741,51,3.125152826309204
gptoss_medium,253098632,51,3.148153305053711
gptoss_medium,253107167,51,3.0471620559692383
gptoss_medium,253157899,51,2.7594404220581055
gptoss_medium,253224433,51,3.881906270980835
gptoss_medium,253237701,51,4.8242998123168945
gptoss_medium,253244049,51,4.036260604858398
gptoss_medium,253420743,51,4.251819610595703
gptoss_medium,253447251,51,2.289879560470581
gptoss_medium,253510953,51,2.667485475540161
gptoss_medium,253735139,51,3.3947556018829346
gptoss_medium,253762071,51,4.335781097412109
gptoss_medium,254275120,51,3.04455828666687
gptoss_medium,254591242,51,5.5150346755981445
gptoss_medium,254686088,51,2.5706262588500977
gptoss_medium,254823156,51,2.935628890991211
gptoss_medium,254854009,51,3.200535297393799
gptoss_medium,254854257,51,2.7213757038116455
gptoss_medium,254854495,51,3.932386636734009
gptoss_medium,254877229,51,3.2549233436584473
gptoss_medium,254877371,51,3.5920703411102295
gptoss_medium,254877569,51,3.5607717037200928
gptoss_medium,254877590,51,5.827444553375244
gptoss_medium,256461033,51,3.588895082473755
gptoss_medium,257365015,51,5.128171920776367
gptoss_medium,257833897,51,3.047551155090332
gptoss_medium,258352678,51,3.6706533432006836
gptoss_medium,258378275,51,3.740447521209717
gptoss_medium,258480165,51,3.3821120262145996
gptoss_medium,258547173,51,4.131471157073975
gptoss_medium,258762343,51,3.925182580947876
gptoss_medium,258822870,51,3.7133450508117676
gptoss_medium,258832427,51,4.901828765869141
gptoss_medium,258865558,51,2.854046583175659
gptoss_medium,258887946,51,3.51324725151062
gptoss_medium,258947457,51,4.108074188232422
gptoss_medium,258967265,51,3.947140693664551
gptoss_medium,259251773,51,3.6631152629852295
gptoss_medium,259370700,51,4.256371021270752
gptoss_medium,259370817,51,4.367813587188721
gptoss_medium,259370847,51,4.79935884475708
gptoss_medium,259847758,51,3.738755941390991
gptoss_medium,260316324,51,2.8719704151153564
gptoss_medium,260490640,51,3.826298475265503
gptoss_medium,260537993,51,3.136441230773926
gptoss_medium,260557571,51,3.132028102874756
gptoss_medium,260704223,51,4.177450180053711
gptoss_medium,261432085,51,3.7384860515594482
gptoss_medium,263266654,51,2.83596134185791
gptoss_medium,263334529,51,3.560486078262329
gptoss_medium,263610040,51,3.52620530128479
gptoss_medium,263797079,51,2.3743627071380615
gptoss_medium,263797641,51,3.735464572906494
gptoss_medium,263864711,51,3.3134348392486572
gptoss_medium,263876556,51,3.677898406982422
gptoss_medium,263877300,51,2.4731571674346924
gptoss_medium,263883914,51,2.529853343963623
gptoss_medium,263883936,51,2.9513914585113525
gptoss_medium,264147090,51,4.50293493270874
gptoss_medium,264591429,51,6.745721340179443
gptoss_medium,264719695,51,5.284882545471191
gptoss_medium,265067269,51,3.207491397857666
gptoss_medium,265157516,51,4.672495365142822
gptoss_medium,265157884,51,4.575564861297607
gptoss_medium,265212821,51,4.285183429718018
gptoss_medium,265221210,51,3.8202269077301025
gptoss_medium,265607943,51,3.23538875579834
gptoss_medium,265608038,51,4.461273670196533
gptoss_medium,265608057,51,2.4815328121185303
gptoss_medium,265962751,51,4.762970924377441
gptoss_medium,268357635,51,4.734454154968262
