condition,seed_id,n_gen,vendi
gemma_t10,543,51,2.408743381500244
gemma_t10,1105,51,3.0461416244506836
gemma_t10,1587,51,2.3309290409088135
gemma_t10,17355,51,2.6500890254974365
gemma_t10,20744,51,2.4606661796569824
gemma_t10,39011,51,3.0022149085998535
gemma_t10,41263,51,2.575300693511963
gemma_t10,61274,51,2.597766637802124
gemma_t10,89639,51,3.8311569690704346
gemma_t10,92327,51,2.8864893913269043
gemma_t10,94285,51,3.0038845539093018
gemma_t10,96824,51,2.6984899044036865
gemma_t10,106054,51,3.3726606369018555
gemma_t10,115174,51,4.394857406616211
gemma_t10,122829,51,2.3650479316711426
gemma_t10,126584,51,2.860044240951538
gemma_t10,133195,51,3.5985934734344482
gemma_t10,138716,51,1.9198943376541138
gemma_t10,139787,51,2.0804522037506104
gemma_t10,141282,51,2.5163347721099854
gemma_t10,142368,51,2.237729072570801
gemma_t10,146843,51,3.7216360569000244
gemma_t10,151184,51,2.8140549659729004
gemma_t10,162169,51,1.6996132135391235
gemma_t10,173611,51,2.813943862915039
gemma_t10,203279,51,2.523627996444702
gemma_t10,207468,51,2.217930555343628
gemma_t10,217895,51,2.306136131286621
gemma_t10,220553,51,2.509204626083374
gemma_t10,223637,51,2.3382084369659424
gemma_t10,230735,51,2.439856767654419
gemma_t10,235645,51,2.1839771270751953
gemma_t10,247735,51,2.696308135986328
gemma_t10,256149,51,2.434359312057495
gemma_t10,259144,51,2.9924230575561523
gemma_t10,306227,51,3.589606523513794
gemma_t10,326903,51,3.185967445373535
gemma_t10,337390,51,3.316037893295288
gemma_t10,338760,51,3.239229202270508
gemma_t10,340852,51,2.498812675476074
gemma_t10,384520,51,2.701188564300537
gemma_t10,406026,51,2.7681939601898193
gemma_t10,414569,51,3.6701436042785645
gemma_t10,437687,51,2.5213735103607178
gemma_t10,441563,51,3.556300163269043
gemma_t10,472478,51,2.672135353088379
gemma_t10,497108,51,2.648189067840576
gemma_t10,524450,51,3.1777384281158447
gemma_t10,557620,51,2.61312198638916
gemma_t10,560565,51,2.2149999141693115
gemma_t10,574574,51,3.130183696746826
gemma_t10,577805,51,2.3956377506256104
gemma_t10,600412,51,4.312804222106934
gemma_t10,605706,51,2.3311996459960938
gemma_t10,617993,51,5.089572429656982
gemma_t10,630188,51,2.616925001144409
gemma_t10,631855,51,3.326451301574707
gemma_t10,652921,51,2.207782030105591
gemma_t10,687037,51,3.0676467418670654
gemma_t10,696805,51,2.698176383972168
gemma_t10,725590,51,2.6865673065185547
gemma_t10,744471,51,2.118241548538208
gemma_t10,747342,51,2.777211904525757
gemma_t10,767485,51,1.9998341798782349
gemma_t10,836219,51,3.5653533935546875
gemma_t10,842881,51,4.196177959442139
gemma_t10,845121,51,2.4973974227905273
gemma_t10,857321,51,2.1747283935546875
gemma_t10,862713,51,2.6746273040771484
gemma_t10,870211,51,2.4074487686157227
gemma_t10,881437,51,2.6674609184265137
gemma_t10,905565,51,4.360821723937988
gemma_t10,930231,51,2.650360107421875
gemma_t10,931054,51,3.0314109325408936
gemma_t10,940795,51,2.3472259044647217
gemma_t10,950358,51,1.9967917203903198
gemma_t10,955518,51,2.2870070934295654
gemma_t10,969555,51,3.268965482711792
gemma_t10,989439,51,2.2408552169799805
gemma_t10,1040556,51,2.9046335220336914
gemma_t10,1044865,51,2.077643632888794
gemma_t10,1066490,51,2.3503990173339844
gemma_t10,1077383,51,4.116968154907227
gemma_t10,1104123,51,3.5831377506256104
gemma_t10,1117579,51,3.2936980724334717
gemma_t10,1125916,51,3.400374174118042
gemma_t10,1137329,51,2.4947011470794678
gemma_t10,1139225,51,2.3199462890625
gemma_t10,1139492,51,2.870591163635254
gemma_t10,1234375,51,3.180103063583374
gemma_t10,1240016,51,2.6717042922973633
gemma_t10,1254267,51,3.3446216583251953
gemma_t10,1260035,51,3.3475100994110107
gemma_t10,1267472,51,2.5181119441986084
gemma_t10,1269020,51,2.4098973274230957
gemma_t10,1311547,51,2.225846290588379
gemma_t10,1336493,51,2.7435390949249268
gemma_t10,1356505,51,3.2820911407470703
gemma_t10,1389483,51,3.536402702331543
gemma_t10,1434196,51,2.755333662033081
gemma_t10,1499080,51,2.1045050621032715
gemma_t10,1508909,51,2.487854480743408
gemma_t10,1511192,51,2.2370431423187256
gemma_t10,1541076,51,3.677030563354492
gemma_t10,1553193,51,2.9823060035705566
gemma_t10,1563223,51,3.8623788356781006
gemma_t10,1564278,51,2.6416637897491455
gemma_t10,1567400,51,2.1389760971069336
gemma_t10,1570443,51,2.457284450531006
gemma_t10,1642392,51,2.238504648208618
gemma_t10,1662415,51,3.944753885269165
gemma_t10,1675452,51,2.8262338638305664
gemma_t10,1689426,51,2.991184949874878
gemma_t10,1707814,51,3.2707951068878174
gemma_t10,1762731,51,3.044217824935913
gemma_t10,1766244,51,2.5746138095855713
gemma_t10,1770102,51,3.322864294052124
gemma_t10,1774259,51,3.268535614013672
gemma_t10,1828592,51,2.201690912246704
gemma_t10,1828713,51,3.717071056365967
gemma_t10,1848109,51,3.2575676441192627
gemma_t10,1854889,51,3.495028018951416
gemma_t10,1862889,51,3.0917224884033203
gemma_t10,1880070,51,3.1428561210632324
gemma_t10,1919756,51,3.5803558826446533
gemma_t10,1929239,51,3.82473087310791
gemma_t10,1966079,51,3.507335662841797
gemma_t10,1969767,51,3.4545178413391113
gemma_t10,1992250,51,2.322037935256958
gemma_t10,2012188,51,2.209897041320801
gemma_t10,2021980,51,2.151503801345825
gemma_t10,2061169,51,2.3789138793945312
gemma_t10,2061341,51,3.362004518508911
gemma_t10,2131938,51,3.8454535007476807
gemma_t10,2140766,51,2.8153696060180664
gemma_t10,2146847,51,2.9335508346557617
gemma_t10,2159818,51,3.5659468173980713
gemma_t10,2162648,51,3.2730419635772705
gemma_t10,2162860,51,2.455065965652466
gemma_t10,2201909,51,2.4931249618530273
gemma_t10,2204603,51,2.5359911918640137
gemma_t10,2204967,51,2.303229570388794
gemma_t10,2213896,51,2.797873020172119
gemma_t10,2216180,51,2.83103609085083
gemma_t10,2228719,51,2.9626963138580322
gemma_t10,2233498,51,2.7909984588623047
gemma_t10,2250656,51,2.3432157039642334
gemma_t10,2267179,51,2.085907220840454
gemma_t10,2271146,51,2.516453981399536
gemma_t10,2302492,51,2.902336835861206
gemma_t10,2303379,51,2.7408456802368164
gemma_t10,2317858,51,2.9109628200531006
gemma_t10,2318481,51,2.830846071243286
gemma_t10,2325074,51,2.601684093475342
gemma_t10,2334067,51,2.5507843494415283
gemma_t10,2367456,51,2.2785723209381104
gemma_t10,2380086,51,2.8424489498138428
gemma_t10,2390655,51,3.060554027557373
gemma_t10,2418468,51,2.7982404232025146
gemma_t10,2425494,51,2.7028391361236572
gemma_t10,2426309,51,2.879455327987671
gemma_t10,2434362,51,3.2321295738220215
gemma_t10,2454882,51,2.381495237350464
gemma_t10,2493033,51,3.290354013442993
gemma_t10,2496355,51,2.9217002391815186
gemma_t10,2556949,51,3.513413906097412
gemma_t10,2574224,51,2.254164457321167
gemma_t10,2592133,51,3.9971046447753906
gemma_t10,2593903,51,2.7232775688171387
gemma_t10,2597568,51,2.578155517578125
gemma_t10,2623009,51,2.6248626708984375
gemma_t10,2625301,51,2.473653793334961
gemma_t10,2654931,51,3.7051727771759033
gemma_t10,2717698,51,3.2046563625335693
gemma_t10,2742513,51,3.1084930896759033
gemma_t10,2760254,51,2.4685287475585938
gemma_t10,2782776,51,2.6229913234710693
gemma_t10,2783746,51,3.319384813308716
gemma_t10,2790679,51,3.7554543018341064
gemma_t10,2797612,51,2.7290706634521484
gemma_t10,2812117,51,2.678008794784546
gemma_t10,2816661,51,3.6691014766693115
gemma_t10,2820782,51,3.7711801528930664
gemma_t10,2839348,51,2.568617105484009
gemma_t10,2844066,51,2.000070095062256
gemma_t10,2867243,51,2.002223253250122
gemma_t10,2868247,51,1.9200884103775024
gemma_t10,2882092,51,3.4981229305267334
gemma_t10,2887257,51,2.9563515186309814
gemma_t10,2897037,51,2.9266326427459717
gemma_t10,2905151,51,2.139690399169922
gemma_t10,2937095,51,3.4420132637023926
gemma_t10,2944650,51,3.5356926918029785
gemma_t10,2948298,51,3.0082497596740723
gemma_t10,2952144,51,2.6314878463745117
gemma_t10,2973141,51,2.0381999015808105
gemma_t10,2986205,51,2.7725186347961426
gemma_t10,2990483,51,2.4365487098693848
gemma_t10,3016990,51,3.7883222103118896
gemma_t10,3033303,51,2.6952879428863525
gemma_t10,3051772,51,2.695638418197632
gemma_t10,3063394,51,1.6619412899017334
gemma_t10,3065236,51,2.837817430496216
gemma_t10,3083231,51,3.472951889038086
gemma_t10,3089175,51,2.479968786239624
gemma_t10,3101865,51,4.258859634399414
gemma_t10,3127682,51,2.8996241092681885
gemma_t10,3130692,51,2.5795369148254395
gemma_t10,3132651,51,4.417918682098389
gemma_t10,3144258,51,2.7663445472717285
gemma_t10,3160937,51,2.477903366088867
gemma_t10,3202289,51,3.1983189582824707
gemma_t10,3221856,51,2.421905517578125
gemma_t10,3222040,51,2.7735049724578857
gemma_t10,3257353,51,3.7329821586608887
gemma_t10,3262717,51,2.8715367317199707
gemma_t10,3265924,51,4.028132438659668
gemma_t10,3274110,51,3.599212884902954
gemma_t10,3278107,51,3.486624240875244
gemma_t10,3282953,51,2.7574234008789062
gemma_t10,3291104,51,2.2765438556671143
gemma_t10,3295641,51,2.9220993518829346
gemma_t10,3351788,51,2.476318359375
gemma_t10,3401524,51,2.22163462638855
gemma_t10,3413244,51,2.4127235412597656
gemma_t10,3426453,51,2.7992913722991943
gemma_t10,3438497,51,4.959293365478516
gemma_t10,3504755,51,2.6948437690734863
gemma_t10,3510042,51,1.8768353462219238
gemma_t10,3514435,51,2.600959300994873
gemma_t10,3526062,51,2.0743649005889893
gemma_t10,3526501,51,2.4831531047821045
gemma_t10,3527244,51,3.09177565574646
gemma_t10,3527842,51,2.7063446044921875
gemma_t10,3536005,51,3.035881280899048
gemma_t10,3555187,51,2.5084590911865234
gemma_t10,3565485,51,2.2500338554382324
gemma_t10,3576631,51,2.7357327938079834
gemma_t10,3598758,51,2.7415735721588135
gemma_t10,3623373,51,2.9352827072143555
gemma_t10,3641676,51,3.0974879264831543
gemma_t10,3656086,51,2.389882802963257
gemma_t10,3662564,51,2.8415307998657227
gemma_t10,3666937,51,2.346341848373413
gemma_t10,3677429,51,2.914640188217163
gemma_t10,3718988,51,2.206622838973999
gemma_t10,3792324,51,2.3668854236602783
gemma_t10,3806582,51,2.852504253387451
gemma_t10,3882054,51,2.8145763874053955
gemma_t10,3896491,51,2.4874885082244873
gemma_t10,3913537,51,4.167853832244873
gemma_t10,3932228,51,2.240783929824829
gemma_t10,3933075,51,2.949476957321167
gemma_t10,4248450,51,2.877195119857788
gemma_t10,4310945,51,2.6492092609405518
gemma_t10,4311707,51,2.8144373893737793
gemma_t10,4354069,51,1.797197937965393
gemma_t10,4406182,51,2.749941110610962
gemma_t10,4411469,51,4.281953811645508
gemma_t10,4460159,51,3.3749616146087646
gemma_t10,4547415,51,3.3335273265838623
gemma_t10,4588148,51,3.412567377090454
gemma_t10,4623739,51,2.38277268409729
gemma_t10,4654482,51,2.313953399658203
gemma_t10,4698173,51,2.951775550842285
gemma_t10,4702087,51,3.1606106758117676
gemma_t10,4715568,51,2.313178300857544
gemma_t10,4732544,51,3.547478675842285
gemma_t10,4792796,51,3.3091697692871094
gemma_t10,4829361,51,2.456937074661255
gemma_t10,4859003,51,3.105635166168213
gemma_t10,4891749,51,2.2031869888305664
gemma_t10,4894130,51,2.7943971157073975
gemma_t10,4895939,51,2.17986798286438
gemma_t10,4899062,51,2.7863962650299072
gemma_t10,4929974,51,2.1577045917510986
gemma_t10,4936344,51,2.4862654209136963
gemma_t10,4942335,51,3.6402313709259033
gemma_t10,4948322,51,3.759700298309326
gemma_t10,4953145,51,2.8855602741241455
gemma_t10,4956100,51,2.6745758056640625
gemma_t10,4957155,51,2.7894415855407715
gemma_t10,4975368,51,2.9844119548797607
gemma_t10,4981128,51,2.3932456970214844
gemma_t10,5001921,51,2.617450475692749
gemma_t10,5013006,51,3.149096727371216
gemma_t10,5016370,51,2.666804552078247
gemma_t10,5019682,51,3.1701762676239014
gemma_t10,5020278,51,2.4700212478637695
gemma_t10,5033484,51,4.374281406402588
gemma_t10,5053850,51,3.084843873977661
gemma_t10,5062433,51,3.2219417095184326
gemma_t10,5066019,51,2.234781503677368
gemma_t10,5068376,51,2.1784300804138184
gemma_t10,5068554,51,1.7888598442077637
gemma_t10,5068596,51,3.4816832542419434
gemma_t10,5071138,51,2.583307981491089
gemma_t10,5073886,51,2.237370252609253
gemma_t10,5092868,51,2.5174779891967773
gemma_t10,5112038,51,2.554964780807495
gemma_t10,5118729,51,3.3133530616760254
gemma_t10,5125975,51,2.989780902862549
gemma_t10,5163433,51,5.275570392608643
gemma_t10,5165773,51,3.2965009212493896
gemma_t10,5165854,51,3.1548001766204834
gemma_t10,5187426,51,2.814918041229248
gemma_t10,5191821,51,3.1078591346740723
gemma_t10,5204434,51,2.9211764335632324
gemma_t10,5213476,51,2.3043055534362793
gemma_t10,5234044,51,2.327052354812622
gemma_t10,5241137,51,4.060159683227539
gemma_t10,5247929,51,3.330071449279785
gemma_t10,5252401,51,2.754279375076294
gemma_t10,5252952,51,3.4588959217071533
gemma_t10,5267356,51,1.8301246166229248
gemma_t10,5403702,51,3.233882427215576
gemma_t10,5410083,51,3.2883856296539307
gemma_t10,5462493,51,2.622145175933838
gemma_t10,5509911,51,3.1999573707580566
gemma_t10,5519060,51,3.869171619415283
gemma_t10,5535381,51,2.088364839553833
gemma_t10,5557854,51,2.1084818840026855
gemma_t10,5591459,51,4.013425827026367
gemma_t10,5617603,51,2.668945550918579
gemma_t10,5628616,51,4.306342601776123
gemma_t10,5632184,51,2.192981719970703
gemma_t10,5636935,51,3.0050253868103027
gemma_t10,5649853,51,2.7570409774780273
gemma_t10,5673925,51,2.5437159538269043
gemma_t10,5729159,51,3.2459185123443604
gemma_t10,5737359,51,2.4424383640289307
gemma_t10,5740960,51,2.681793451309204
gemma_t10,5761781,51,3.4483048915863037
gemma_t10,5776384,51,2.04738450050354
gemma_t10,5779419,51,2.464235305786133
gemma_t10,5802667,51,2.695133924484253
gemma_t10,5815755,51,2.9483954906463623
gemma_t10,5816303,51,2.9685275554656982
gemma_t10,5818711,51,3.077284097671509
gemma_t10,5821457,51,3.136003255844116
gemma_t10,5825949,51,3.3699028491973877
gemma_t10,5859332,51,2.2408790588378906
gemma_t10,5968971,51,4.158178329467773
gemma_t10,5993783,51,1.9253696203231812
gemma_t10,6008960,51,3.6752090454101562
gemma_t10,6118285,51,2.0488710403442383
gemma_t10,6157828,51,2.0724620819091797
gemma_t10,6183556,51,2.3987109661102295
gemma_t10,6197592,51,3.92905855178833
gemma_t10,6206777,51,2.2627151012420654
gemma_t10,6222768,51,3.574984550476074
gemma_t10,6235360,51,3.0794897079467773
gemma_t10,6237722,51,2.8031575679779053
gemma_t10,6246116,51,3.9558050632476807
gemma_t10,6246996,51,2.4381587505340576
gemma_t10,6249194,51,2.961960554122925
gemma_t10,6263378,51,2.901836395263672
gemma_t10,6278207,51,2.8837358951568604
gemma_t10,6311642,51,2.279175281524658
gemma_t10,6359641,51,2.432856559753418
gemma_t10,6360322,51,3.4608914852142334
gemma_t10,6364632,51,1.9708223342895508
gemma_t10,6380915,51,2.363856077194214
gemma_t10,6397026,51,2.1344408988952637
gemma_t10,6428039,51,2.7972629070281982
gemma_t10,6430837,51,2.898250102996826
gemma_t10,6441832,51,3.258364677429199
gemma_t10,6452487,51,1.8755433559417725
gemma_t10,6453515,51,1.9743759632110596
gemma_t10,6468765,51,3.151214361190796
gemma_t10,6506243,51,2.436924457550049
gemma_t10,6508854,51,2.8757972717285156
gemma_t10,6529193,51,2.649547815322876
gemma_t10,6532096,51,2.406702995300293
gemma_t10,6540287,51,3.0839996337890625
gemma_t10,6541910,51,3.109811782836914
gemma_t10,6551751,51,2.5485177040100098
gemma_t10,6561519,51,2.122894525527954
gemma_t10,6618571,51,4.342888832092285
gemma_t10,6627923,51,3.3761863708496094
gemma_t10,6660863,51,2.8431079387664795
gemma_t10,6666052,51,2.2354190349578857
gemma_t10,6683636,51,2.064837694168091
gemma_t10,6713076,51,4.138151168823242
gemma_t10,6728280,51,2.2406232357025146
gemma_t10,6737909,51,2.336941719055176
gemma_t10,6772589,51,2.239478588104248
gemma_t10,6797800,51,2.6717453002929688
gemma_t10,6803340,51,2.6760544776916504
gemma_t10,6879481,51,1.887445092201233
gemma_t10,6881637,51,3.166210889816284
gemma_t10,6922426,51,2.202817678451538
gemma_t10,6981674,51,2.613924741744995
gemma_t10,7013414,51,2.0356273651123047
gemma_t10,7074119,51,2.052187204360962
gemma_t10,7100502,51,2.5299651622772217
gemma_t10,7139779,51,2.7359955310821533
gemma_t10,7146903,51,2.911968469619751
gemma_t10,7172294,51,3.6628644466400146
gemma_t10,7182393,51,2.7397778034210205
gemma_t10,7197241,51,3.3720321655273438
gemma_t10,7197724,51,2.606999158859253
gemma_t10,7212585,51,2.793055534362793
gemma_t10,7218315,51,3.073542356491089
gemma_t10,7294125,51,1.9605493545532227
gemma_t10,7294316,51,3.185824155807495
gemma_t10,7311195,51,3.1905517578125
gemma_t10,7397938,51,2.5766587257385254
gemma_t10,7403346,51,2.950707197189331
gemma_t10,7410732,51,2.166881799697876
gemma_t10,7413367,51,2.220602512359619
gemma_t10,7417943,51,2.904449939727783
gemma_t10,7421176,51,2.349788188934326
gemma_t10,7454072,51,3.4673237800598145
gemma_t10,7473831,51,2.1171162128448486
gemma_t10,7475429,51,3.2994186878204346
gemma_t10,7490434,51,2.7141761779785156
gemma_t10,7497218,51,2.846992015838623
gemma_t10,7499734,51,3.0053842067718506
gemma_t10,7516595,51,2.3807313442230225
gemma_t10,7557552,51,3.465644121170044
gemma_t10,7617879,51,4.753176212310791
gemma_t10,7658338,51,3.6899187564849854
gemma_t10,7663461,51,5.778456211090088
gemma_t10,7665329,51,2.2801196575164795
gemma_t10,7680936,51,2.4556705951690674
gemma_t10,7699280,51,2.8340678215026855
gemma_t10,7708374,51,2.774876356124878
gemma_t10,7752968,51,2.4843292236328125
gemma_t10,7785983,51,2.4348764419555664
gemma_t10,7819714,51,2.519883632659912
gemma_t10,7890036,51,4.702604293823242
gemma_t10,7988167,51,2.5524957180023193
gemma_t10,8008954,51,2.6299002170562744
gemma_t10,8012781,51,1.7209603786468506
gemma_t10,8021351,51,2.5234169960021973
gemma_t10,8031974,51,2.046356201171875
gemma_t10,8052901,51,2.112645149230957
gemma_t10,8066499,51,1.7087013721466064
gemma_t10,8198608,51,2.799562454223633
gemma_t10,8202418,51,3.43217396736145
gemma_t10,8229552,51,2.5135843753814697
gemma_t10,8280711,51,3.0406579971313477
gemma_t10,8387007,51,2.1613142490386963
gemma_t10,8395799,51,1.99852454662323
gemma_t10,8523995,51,2.8227269649505615
gemma_t10,8528301,51,2.329339027404785
gemma_t10,8586038,51,2.9607529640197754
gemma_t10,8677917,51,2.803415298461914
gemma_t10,8723181,51,2.7687416076660156
gemma_t10,8723311,51,2.492971181869507
gemma_t10,8821211,51,3.142152786254883
gemma_t10,8940645,51,2.9862060546875
gemma_t10,9124334,51,2.776918649673462
gemma_t10,9134916,51,2.3848581314086914
gemma_t10,9135033,51,2.107448101043701
gemma_t10,9137624,51,3.460972309112549
gemma_t10,9163756,51,2.546374559402466
gemma_t10,9164793,51,2.6710562705993652
gemma_t10,9187880,51,2.5649845600128174
gemma_t10,9192723,51,2.8103322982788086
gemma_t10,9197196,51,2.591505289077759
gemma_t10,9205021,51,3.37971830368042
gemma_t10,9251622,51,2.770378828048706
gemma_t10,9268430,51,3.2127914428710938
gemma_t10,9285053,51,3.4094197750091553
gemma_t10,9340391,51,3.684980630874634
gemma_t10,9345583,51,3.4546051025390625
gemma_t10,9385494,51,2.7094955444335938
gemma_t10,9387600,51,2.60697340965271
gemma_t10,9397697,51,3.5019235610961914
gemma_t10,9471817,51,4.458211421966553
gemma_t10,9471964,51,3.3106420040130615
gemma_t10,9483510,51,2.5868775844573975
gemma_t10,9524495,51,3.9481678009033203
gemma_t10,9591035,51,3.1376681327819824
gemma_t10,9615470,51,4.161624431610107
gemma_t10,9626793,51,2.780816078186035
gemma_t10,9662636,51,4.061997413635254
gemma_t10,9700115,51,2.428089141845703
gemma_t10,9711750,51,3.4497201442718506
gemma_t10,9737200,51,3.2246506214141846
gemma_t10,9751546,51,2.609760046005249
gemma_t10,9752897,51,2.7513046264648438
gemma_t10,9767487,51,2.4572830200195312
gemma_t10,9768369,51,2.7831311225891113
gemma_t10,9778036,51,3.690692901611328
gemma_t10,9818013,51,3.5768747329711914
gemma_t10,9884935,51,3.192817211151123
gemma_t10,9917468,51,2.3093576431274414
gemma_t10,9963298,51,2.6346986293792725
gemma_t10,10076790,51,3.2984752655029297
gemma_t10,10103200,51,2.268254280090332
gemma_t10,10135300,51,2.3922479152679443
gemma_t10,10186140,51,3.1321983337402344
gemma_t10,10202504,51,2.7448079586029053
gemma_t10,10281325,51,3.1437931060791016
gemma_t10,10348155,51,2.906717538833618
gemma_t10,10361075,51,3.150569200515747
gemma_t10,10366378,51,2.4954051971435547
gemma_t10,10367294,51,2.486947536468506
gemma_t10,10401980,51,2.1528546810150146
gemma_t10,10436313,51,2.4562745094299316
gemma_t10,10480989,51,3.1929471492767334
gemma_t10,10494183,51,2.822067975997925
gemma_t10,10509498,51,2.262432336807251
gemma_t10,10523208,51,3.0328099727630615
gemma_t10,10573012,51,2.397798538208008
gemma_t10,10606201,51,2.8312559127807617
gemma_t10,10643243,51,2.0800118446350098
gemma_t10,10649571,51,3.746689796447754
gemma_t10,10691183,51,4.122495174407959
gemma_t10,10728540,51,2.8342156410217285
gemma_t10,10898149,51,4.402137279510498
gemma_t10,10913456,51,2.605699062347412
gemma_t10,11004224,51,2.9225940704345703
gemma_t10,11022639,51,3.7786190509796143
gemma_t10,11054023,51,3.283543109893799
gemma_t10,11074539,51,2.9337992668151855
gemma_t10,11091552,51,3.0529401302337646
gemma_t10,11128248,51,2.527440309524536
gemma_t10,11142668,51,2.5311834812164307
gemma_t10,11152489,51,1.8465766906738281
gemma_t10,11157751,51,3.7722976207733154
gemma_t10,11202365,51,2.7355308532714844
gemma_t10,11262376,51,2.6303658485412598
gemma_t10,11270374,51,3.1902718544006348
gemma_t10,11365698,51,2.2040555477142334
gemma_t10,11387463,51,2.1765735149383545
gemma_t10,11391667,51,3.4968185424804688
gemma_t10,11505828,51,2.285494327545166
gemma_t10,11595344,51,2.5251522064208984
gemma_t10,11597846,51,2.6055941581726074
gemma_t10,11626649,51,2.7961409091949463
gemma_t10,11644259,51,2.8612868785858154
gemma_t10,11650107,51,1.9498523473739624
gemma_t10,11751039,51,2.6020514965057373
gemma_t10,11754890,51,4.871153831481934
gemma_t10,11771220,51,2.742280960083008
gemma_t10,11777996,51,3.109837532043457
gemma_t10,11805625,51,2.6815991401672363
gemma_t10,11866664,51,3.768787384033203
gemma_t10,11872486,51,2.1784374713897705
gemma_t10,11879061,51,2.119608163833618
gemma_t10,12075649,51,3.340794801712036
gemma_t10,12122749,51,2.3484857082366943
gemma_t10,12187767,51,2.9251086711883545
gemma_t10,12203896,51,3.1400725841522217
gemma_t10,12220417,51,2.9641029834747314
gemma_t10,12230893,51,2.86808705329895
gemma_t10,12241221,51,3.566072702407837
gemma_t10,12245213,51,3.2717409133911133
gemma_t10,12266201,51,3.005427360534668
gemma_t10,12294387,51,2.2947347164154053
gemma_t10,12304778,51,2.3011691570281982
gemma_t10,12320170,51,2.6092336177825928
gemma_t10,12332957,51,2.818864345550537
gemma_t10,12345746,51,2.7422585487365723
gemma_t10,12355828,51,3.175529956817627
gemma_t10,12440940,51,2.6343140602111816
gemma_t10,12451537,51,2.513779401779175
gemma_t10,12585424,51,3.3466525077819824
gemma_t10,12586316,51,1.9079371690750122
gemma_t10,12588798,51,2.1252565383911133
gemma_t10,12603385,51,2.9329030513763428
gemma_t10,12607082,51,2.993438959121704
gemma_t10,12615602,51,2.4788389205932617
gemma_t10,12688069,51,1.8627824783325195
gemma_t10,12744871,51,4.618587493896484
gemma_t10,12807398,51,3.053250789642334
gemma_t10,12847491,51,3.0874743461608887
gemma_t10,12851711,51,2.077333450317383
gemma_t10,12926055,51,2.7556869983673096
gemma_t10,12938495,51,2.904202938079834
gemma_t10,12964363,51,1.9518266916275024
gemma_t10,12998432,51,3.976872205734253
gemma_t10,13030311,51,2.9215612411499023
gemma_t10,13100783,51,2.662174940109253
gemma_t10,13214003,51,3.3762097358703613
gemma_t10,13239813,51,2.7422239780426025
gemma_t10,13335042,51,3.24845552444458
gemma_t10,13350236,51,2.8082594871520996
gemma_t10,13495961,51,2.1202335357666016
gemma_t10,13529592,51,4.297468662261963
gemma_t10,13603998,51,3.6332457065582275
gemma_t10,13675482,51,2.1512346267700195
gemma_t10,13690180,51,2.86407208442688
gemma_t10,13692090,51,2.686481475830078
gemma_t10,13694466,51,3.801093816757202
gemma_t10,13696741,51,5.355329513549805
gemma_t10,13701579,51,3.5393171310424805
gemma_t10,13745156,51,3.5090889930725098
gemma_t10,13746570,51,2.8092658519744873
gemma_t10,13746581,51,2.7684478759765625
gemma_t10,13746789,51,3.6749935150146484
gemma_t10,13747425,51,3.24208664894104
gemma_t10,13747961,51,2.2238099575042725
gemma_t10,13748720,51,2.3163998126983643
gemma_t10,13751352,51,2.4279730319976807
gemma_t10,13752894,51,2.113410472869873
gemma_t10,13753905,51,2.5261542797088623
gemma_t10,13756572,51,2.673732280731201
gemma_t10,13858533,51,2.799356460571289
gemma_t10,13916015,51,2.2974321842193604
gemma_t10,13937253,51,2.518024206161499
gemma_t10,13959787,51,3.7377066612243652
gemma_t10,13972671,51,2.0108699798583984
gemma_t10,14068705,51,3.314300060272217
gemma_t10,14091946,51,2.780337333679199
gemma_t10,14099741,51,2.8461947441101074
gemma_t10,14141143,51,2.7806828022003174
gemma_t10,14155276,51,2.7974936962127686
gemma_t10,14169402,51,3.1114304065704346
gemma_t10,14170854,51,2.874955654144287
gemma_t10,14176162,51,3.38944149017334
gemma_t10,14186198,51,2.765717029571533
gemma_t10,14259080,51,2.503984212875366
gemma_t10,14291750,51,3.504452705383301
gemma_t10,14301751,51,3.741100549697876
gemma_t10,14328180,51,2.239074230194092
gemma_t10,14341841,51,2.7797300815582275
gemma_t10,14358598,51,2.466766119003296
gemma_t10,14404227,51,3.6887669563293457
gemma_t10,14407737,51,2.343602180480957
gemma_t10,14421595,51,2.546738624572754
gemma_t10,14429450,51,3.121964931488037
gemma_t10,14434979,51,4.069883823394775
gemma_t10,14441283,51,2.7589638233184814
gemma_t10,14454803,51,3.9171886444091797
gemma_t10,14472576,51,3.242182731628418
gemma_t10,14500933,51,2.2213187217712402
gemma_t10,14502960,51,3.155435800552368
gemma_t10,14554263,51,2.6615591049194336
gemma_t10,14579508,51,2.944998025894165
gemma_t10,14584778,51,2.2879538536071777
gemma_t10,14680675,51,3.833313465118408
gemma_t10,14743706,51,2.35779070854187
gemma_t10,14745914,51,4.256525039672852
gemma_t10,14760908,51,2.6265854835510254
gemma_t10,14776729,51,2.737651824951172
gemma_t10,14800090,51,3.035148859024048
gemma_t10,14807742,51,3.384639263153076
gemma_t10,14818452,51,2.1890382766723633
gemma_t10,14819490,51,2.691251754760742
gemma_t10,14874026,51,2.684457540512085
gemma_t10,14878319,51,2.3380508422851562
gemma_t10,14878646,51,2.4934325218200684
gemma_t10,14879921,51,3.536533832550049
gemma_t10,15026764,51,2.6500937938690186
gemma_t10,15040286,51,2.656973361968994
gemma_t10,15065468,51,2.8665130138397217
gemma_t10,15139323,51,2.9366536140441895
gemma_t10,15197674,51,3.0454699993133545
gemma_t10,15201331,51,3.474430561065674
gemma_t10,15202196,51,2.220179796218872
gemma_t10,15213991,51,2.085702419281006
gemma_t10,15220741,51,2.1136319637298584
gemma_t10,15279538,51,2.694948196411133
gemma_t10,15281193,51,2.9969499111175537
gemma_t10,15281983,51,4.720244407653809
gemma_t10,15324422,51,3.1989173889160156
gemma_t10,15344879,51,2.0373709201812744
gemma_t10,15376317,51,3.090911865234375
gemma_t10,15382836,51,2.8164472579956055
gemma_t10,15407650,51,2.753480911254883
gemma_t10,15412473,51,3.1341896057128906
gemma_t10,15484870,51,2.348060131072998
gemma_t10,15489071,51,2.936333656311035
gemma_t10,15548746,51,2.3954966068267822
gemma_t10,15600287,51,2.267465114593506
gemma_t10,15603670,51,3.727713108062744
gemma_t10,15607400,51,3.213820457458496
gemma_t10,15620570,51,3.32912540435791
gemma_t10,15687295,51,2.987236499786377
gemma_t10,15720214,51,2.590399980545044
gemma_t10,15728911,51,3.6838886737823486
gemma_t10,15757897,51,3.00071382522583
gemma_t10,15768663,51,2.2355027198791504
gemma_t10,15817938,51,2.4113636016845703
gemma_t10,15828278,51,2.9901504516601562
gemma_t10,15829781,51,3.449375629425049
gemma_t10,15842085,51,1.9329674243927002
gemma_t10,15870937,51,2.7059030532836914
gemma_t10,15939234,51,2.5917258262634277
gemma_t10,15961108,51,2.1555473804473877
gemma_t10,15976919,51,2.0455756187438965
gemma_t10,15980568,51,2.5943145751953125
gemma_t10,15986631,51,2.9665420055389404
gemma_t10,16039645,51,2.5212032794952393
gemma_t10,16124522,51,2.7875165939331055
gemma_t10,16126936,51,2.5081610679626465
gemma_t10,16141969,51,2.584573984146118
gemma_t10,16227864,51,2.2251524925231934
gemma_t10,16251657,51,2.7370378971099854
gemma_t10,16290774,51,3.4040024280548096
gemma_t10,16386838,51,3.0854568481445312
gemma_t10,16391334,51,3.3240199089050293
gemma_t10,16399303,51,2.4221324920654297
gemma_t10,16404002,51,3.0547783374786377
gemma_t10,16504570,51,2.373392105102539
gemma_t10,16509032,51,2.5776329040527344
gemma_t10,16537814,51,3.1467607021331787
gemma_t10,16571013,51,2.7221505641937256
gemma_t10,16631020,51,2.4735701084136963
gemma_t10,16661147,51,2.9353489875793457
gemma_t10,16766006,51,2.2663254737854004
gemma_t10,16766506,51,3.2595880031585693
gemma_t10,16787742,51,2.3580121994018555
gemma_t10,16788431,51,2.4706661701202393
gemma_t10,16839291,51,2.655811071395874
gemma_t10,16839927,51,2.491051435470581
gemma_t10,16863934,51,3.597306251525879
gemma_t10,16872779,51,1.8587654829025269
gemma_t10,16915526,51,3.0399627685546875
gemma_t10,16998656,51,2.9956555366516113
gemma_t10,17039365,51,1.7903404235839844
gemma_t10,17175925,51,2.4307520389556885
gemma_t10,17202384,51,2.5789177417755127
gemma_t10,17360001,51,3.5757594108581543
gemma_t10,17364624,51,2.787914991378784
gemma_t10,17370242,51,3.4001646041870117
gemma_t10,17375754,51,1.9428658485412598
gemma_t10,17458010,51,3.4756734371185303
gemma_t10,17464854,51,3.9633305072784424
gemma_t10,17476563,51,3.182676076889038
gemma_t10,17507793,51,2.599113941192627
gemma_t10,17515275,51,2.334817409515381
gemma_t10,17553490,51,2.9422924518585205
gemma_t10,17578970,51,2.856525421142578
gemma_t10,17584674,51,2.20334529876709
gemma_t10,17589422,51,3.1046133041381836
gemma_t10,17606580,51,3.5827181339263916
gemma_t10,17625727,51,2.287851333618164
gemma_t10,17667087,51,2.1341872215270996
gemma_t10,17716605,51,2.40574049949646
gemma_t10,17784265,51,3.685401439666748
gemma_t10,17865105,51,3.0119149684906006
gemma_t10,17884437,51,2.281515121459961
gemma_t10,17889549,51,2.398069381713867
gemma_t10,17909922,51,1.772112488746643
gemma_t10,17961054,51,3.3790242671966553
gemma_t10,18083801,51,3.2295408248901367
gemma_t10,18214317,51,3.7010040283203125
gemma_t10,18296459,51,2.4737460613250732
gemma_t10,18312025,51,2.1744883060455322
gemma_t10,18431463,51,3.3962883949279785
gemma_t10,18449288,51,4.742844104766846
gemma_t10,18468577,51,3.152880907058716
gemma_t10,18483718,51,2.996225118637085
gemma_t10,18505561,51,2.120570421218872
gemma_t10,18613906,51,1.8880233764648438
gemma_t10,18634877,51,2.2833240032196045
gemma_t10,18733074,51,3.159479856491089
gemma_t10,18750779,51,2.292184591293335
gemma_t10,18907802,51,2.8555409908294678
gemma_t10,19170988,51,3.1956820487976074
gemma_t10,19172224,51,4.166107654571533
gemma_t10,19175261,51,2.8707408905029297
gemma_t10,19186315,51,2.296100616455078
gemma_t10,19187663,51,3.2252931594848633
gemma_t10,19204066,51,3.5246896743774414
gemma_t10,19206893,51,2.2174699306488037
gemma_t10,19263469,51,2.381742000579834
gemma_t10,19263554,51,2.8387415409088135
gemma_t10,19435386,51,2.8087611198425293
gemma_t10,19485843,51,1.9533028602600098
gemma_t10,19624082,51,5.11223840713501
gemma_t10,20335790,51,3.401400327682495
gemma_t10,20503654,51,3.1077029705047607
gemma_t10,21015570,51,2.848580837249756
gemma_t10,21275504,51,3.3720650672912598
gemma_t10,21382535,51,2.6628077030181885
gemma_t10,21428581,51,2.7194607257843018
gemma_t10,21616326,51,3.0740015506744385
gemma_t10,21646317,51,3.3917503356933594
gemma_t10,21665298,51,2.842388153076172
gemma_t10,21668994,51,3.515815019607544
gemma_t10,21669304,51,4.6218342781066895
gemma_t10,21670658,51,3.351069450378418
gemma_t10,21689288,51,2.317899465560913
gemma_t10,21697629,51,2.2569210529327393
gemma_t10,21697648,51,3.107006072998047
gemma_t10,21700944,51,3.229893445968628
gemma_t10,21702856,51,3.429924726486206
gemma_t10,21709048,51,2.6106271743774414
gemma_t10,21715690,51,2.4277703762054443
gemma_t10,21716001,51,2.172982931137085
gemma_t10,21721135,51,2.68135404586792
gemma_t10,21723747,51,2.8661770820617676
gemma_t10,21725995,51,3.497201442718506
gemma_t10,21726583,51,2.8337583541870117
gemma_t10,21726677,51,2.6910533905029297
gemma_t10,21730065,51,3.4008781909942627
gemma_t10,21730715,51,3.224081039428711
gemma_t10,21731209,51,2.400556802749634
gemma_t10,21732778,51,2.6837120056152344
gemma_t10,21735129,51,2.9689395427703857
gemma_t10,21740766,51,3.230725049972534
gemma_t10,22272492,51,3.5462894439697266
gemma_t10,22716243,51,3.006349563598633
gemma_t10,23204325,51,3.3687615394592285
gemma_t10,23678406,51,2.740858554840088
gemma_t10,24202507,51,3.1769089698791504
gemma_t10,24901977,51,2.593393087387085
gemma_t10,25111673,51,2.5003468990325928
gemma_t10,25113027,51,2.8412489891052246
gemma_t10,26538892,51,3.540156126022339
gemma_t10,26698484,51,2.5253989696502686
gemma_t10,26873455,51,2.5439488887786865
gemma_t10,26988506,51,2.5535261631011963
gemma_t10,27249900,51,3.1787641048431396
gemma_t10,27274148,51,3.514693021774292
gemma_t10,27843613,51,2.3369550704956055
gemma_t10,28044836,51,2.23537015914917
gemma_t10,28193461,51,3.1356201171875
gemma_t10,28232901,51,3.450871706008911
gemma_t10,28323588,51,2.7196645736694336
gemma_t10,28616370,51,2.24928879737854
gemma_t10,29149810,51,2.6768884658813477
gemma_t10,29161506,51,2.8602492809295654
gemma_t10,29162291,51,3.3036046028137207
gemma_t10,29162884,51,4.343222141265869
gemma_t10,29191669,51,5.257491111755371
gemma_t10,29259081,51,3.068613290786743
gemma_t10,29298828,51,2.7654881477355957
gemma_t10,29407280,51,3.4541211128234863
gemma_t10,29413033,51,2.566497325897217
gemma_t10,29907166,51,2.596072196960449
gemma_t10,30042437,51,2.9137074947357178
gemma_t10,30129590,51,3.3648529052734375
gemma_t10,30164212,51,2.7751102447509766
gemma_t10,31150453,51,3.210629940032959
gemma_t10,31713824,51,2.3188273906707764
gemma_t10,32821791,51,2.358790159225464
gemma_t10,32923127,51,2.676818370819092
gemma_t10,33626727,51,1.8834238052368164
gemma_t10,33777646,51,1.9364948272705078
gemma_t10,33864324,51,3.361908197402954
gemma_t10,34190303,51,3.4051122665405273
gemma_t10,35386653,51,3.0778274536132812
gemma_t10,36364048,51,2.6810362339019775
gemma_t10,37405481,51,2.601341724395752
gemma_t10,38132419,51,2.1888163089752197
gemma_t10,38234032,51,2.7212612628936768
gemma_t10,38934160,51,2.95308518409729
gemma_t10,39871772,51,3.2084813117980957
gemma_t10,40166767,51,2.4673843383789062
gemma_t10,40501690,51,2.3070626258850098
gemma_t10,41332060,51,2.859654664993286
gemma_t10,43059601,51,3.4218332767486572
gemma_t10,43282987,51,2.1033945083618164
gemma_t10,43289219,51,2.522320508956909
gemma_t10,43959086,51,1.8988720178604126
gemma_t10,44009215,51,3.2256531715393066
gemma_t10,44062236,51,3.016157388687134
gemma_t10,44063972,51,2.0671627521514893
gemma_t10,44069187,51,1.9026758670806885
gemma_t10,44077201,51,2.489635705947876
gemma_t10,44080449,51,3.439566135406494
gemma_t10,44087711,51,2.8005282878875732
gemma_t10,44090948,51,2.995286226272583
gemma_t10,44105851,51,4.342780590057373
gemma_t10,44115640,51,3.5557236671447754
gemma_t10,44129061,51,3.1088545322418213
gemma_t10,44130060,51,2.9245216846466064
gemma_t10,44131019,51,2.353700637817383
gemma_t10,44134207,51,2.0272746086120605
gemma_t10,44144625,51,2.347294330596924
gemma_t10,44145304,51,3.643568992614746
gemma_t10,44145664,51,2.775986671447754
gemma_t10,44145776,51,2.2128071784973145
gemma_t10,44145836,51,1.8404693603515625
gemma_t10,44151916,51,2.33483624458313
gemma_t10,44152851,51,2.5898373126983643
gemma_t10,44161048,51,2.379307508468628
gemma_t10,44163645,51,2.430087089538574
gemma_t10,44164810,51,2.3168721199035645
gemma_t10,44167998,51,4.02424955368042
gemma_t10,44169697,51,3.160369396209717
gemma_t10,44170949,51,2.265786647796631
gemma_t10,44174597,51,4.028524875640869
gemma_t10,44178763,51,3.904158353805542
gemma_t10,44220219,51,2.818816661834717
gemma_t10,44243501,51,2.3504140377044678
gemma_t10,46889991,51,3.581094980239868
gemma_t10,46927617,51,3.243589401245117
gemma_t10,46932607,51,2.7929413318634033
gemma_t10,46937952,51,1.8516054153442383
gemma_t10,46939026,51,2.316229820251465
gemma_t10,46953263,51,2.4438722133636475
gemma_t10,46959165,51,2.320488214492798
gemma_t10,47016219,51,2.5604493618011475
gemma_t10,47018172,51,2.7416903972625732
gemma_t10,47020074,51,3.071094036102295
gemma_t10,48352299,51,4.274311065673828
gemma_t10,48353672,51,2.840212106704712
gemma_t10,48353884,51,2.368157386779785
gemma_t10,48357955,51,1.7171447277069092
gemma_t10,49191384,51,2.9574074745178223
gemma_t10,49208337,51,2.846839666366577
gemma_t10,49212016,51,2.8641300201416016
gemma_t10,49212861,51,2.434635877609253
gemma_t10,49215746,51,3.6035029888153076
gemma_t10,49411029,51,3.219088554382324
gemma_t10,49413369,51,1.8840389251708984
gemma_t10,49417344,51,2.239734649658203
gemma_t10,49420146,51,2.5437839031219482
gemma_t10,49430466,51,3.3099846839904785
gemma_t10,49430686,51,3.359773635864258
gemma_t10,49578052,51,1.9803227186203003
gemma_t10,49587276,51,3.522705554962158
gemma_t10,49656421,51,1.6952972412109375
gemma_t10,49656757,51,2.693965196609497
gemma_t10,49664123,51,2.1410255432128906
gemma_t10,49742509,51,4.043776988983154
gemma_t10,49742988,51,2.500274896621704
gemma_t10,49865411,51,2.3915059566497803
gemma_t10,51862727,51,2.8873143196105957
gemma_t10,51867514,51,2.1373605728149414
gemma_t10,51867574,51,3.0515966415405273
gemma_t10,51869205,51,3.0811617374420166
gemma_t10,51870078,51,3.287400245666504
gemma_t10,51870827,51,2.994753122329712
gemma_t10,51871042,51,2.580421209335327
gemma_t10,51871198,51,2.6572742462158203
gemma_t10,51873719,51,2.3789355754852295
gemma_t10,51873882,51,2.5876338481903076
gemma_t10,51875405,51,3.138737678527832
gemma_t10,51875413,51,3.6356544494628906
gemma_t10,51875856,51,3.3965585231781006
gemma_t10,51877568,51,2.467580556869507
gemma_t10,51878172,51,2.705965757369995
gemma_t10,51878335,51,2.3867552280426025
gemma_t10,51878395,51,1.7706036567687988
gemma_t10,51878811,51,3.714228868484497
gemma_t10,51879191,51,2.439274311065674
gemma_t10,51880064,51,2.807537078857422
gemma_t10,51880268,51,3.246826410293579
gemma_t10,51880850,51,2.5776712894439697
gemma_t10,51881821,51,1.7740943431854248
gemma_t10,51881992,51,2.0362536907196045
gemma_t10,51882074,51,2.7219231128692627
gemma_t10,51917388,51,3.557506799697876
gemma_t10,51977305,51,2.27689266204834
gemma_t10,51978342,51,3.7229835987091064
gemma_t10,51982253,51,2.9397330284118652
gemma_t10,51984717,51,2.059443235397339
gemma_t10,51990373,51,2.3648319244384766
gemma_t10,52000761,51,1.9118750095367432
gemma_t10,52003282,51,3.2337937355041504
gemma_t10,52006529,51,2.7013015747070312
gemma_t10,52009840,51,2.6250834465026855
gemma_t10,52011616,51,3.6115806102752686
gemma_t10,52019251,51,3.8629515171051025
gemma_t10,52044834,51,2.7752366065979004
gemma_t10,52046908,51,2.2509608268737793
gemma_t10,52047587,51,3.3183209896087646
gemma_t10,52054914,51,3.336005687713623
gemma_t10,52056513,51,3.1558711528778076
gemma_t10,52069762,51,2.36175799369812
gemma_t10,52070035,51,2.617943525314331
gemma_t10,52070657,51,2.247117757797241
gemma_t10,52073201,51,1.8645868301391602
gemma_t10,52074346,51,2.5254228115081787
gemma_t10,52078335,51,2.5478124618530273
gemma_t10,52098907,51,2.7159502506256104
gemma_t10,52100101,51,2.4764404296875
gemma_t10,52100117,51,2.9175827503204346
gemma_t10,52100616,51,2.3324790000915527
gemma_t10,52100878,51,2.3734800815582275
gemma_t10,52110037,51,2.3192570209503174
gemma_t10,52113185,51,2.7737340927124023
gemma_t10,52115097,51,2.7793562412261963
gemma_t10,52115592,51,2.7464845180511475
gemma_t10,52116920,51,2.766087770462036
gemma_t10,52119091,51,2.471454381942749
gemma_t10,52119483,51,2.798610210418701
gemma_t10,52119752,51,4.316766262054443
gemma_t10,52135124,51,3.1107289791107178
gemma_t10,52136564,51,3.531684637069702
gemma_t10,52143204,51,3.2632157802581787
gemma_t10,52143467,51,2.4360477924346924
gemma_t10,52144157,51,2.5457725524902344
gemma_t10,52145657,51,3.474384069442749
gemma_t10,52153656,51,2.657041072845459
gemma_t10,52154254,51,2.6674551963806152
gemma_t10,52154304,51,3.519008159637451
gemma_t10,52155427,51,2.2631497383117676
gemma_t10,52156147,51,2.084627628326416
gemma_t10,52156206,51,2.7506399154663086
gemma_t10,52156433,51,2.3632285594940186
gemma_t10,52158121,51,2.2692692279815674
gemma_t10,52158178,51,2.9884626865386963
gemma_t10,52160439,51,2.1908798217773438
gemma_t10,52160797,51,2.8993029594421387
gemma_t10,52161864,51,2.9076859951019287
gemma_t10,52162540,51,2.457882881164551
gemma_t10,52165754,51,2.361116409301758
gemma_t10,52166626,51,4.175619125366211
gemma_t10,52166727,51,1.99552583694458
gemma_t10,52167799,51,2.408060312271118
gemma_t10,52171279,51,4.082449913024902
gemma_t10,52171904,51,3.243107557296753
gemma_t10,52176498,51,2.2765252590179443
gemma_t10,52178689,51,3.4032461643218994
gemma_t10,52182989,51,3.4640636444091797
gemma_t10,52183384,51,3.1501176357269287
gemma_t10,52183483,51,2.5597524642944336
gemma_t10,52188604,51,2.99515438079834
gemma_t10,52190376,51,2.758155345916748
gemma_t10,52194540,51,2.50838303565979
gemma_t10,52215843,51,3.353477954864502
gemma_t10,52221821,51,2.723907470703125
gemma_t10,52255687,51,3.0794522762298584
gemma_t10,52298363,51,2.2774910926818848
gemma_t10,52307098,51,3.120410203933716
gemma_t10,52310274,51,3.0731770992279053
gemma_t10,52333947,51,3.587718963623047
gemma_t10,52811641,51,5.481654644012451
gemma_t10,52815006,51,3.3860487937927246
gemma_t10,52816033,51,2.346158981323242
gemma_t10,52843977,51,1.7729535102844238
gemma_t10,52895001,51,2.2401106357574463
gemma_t10,52900003,51,2.2481648921966553
gemma_t10,52916675,51,1.868251085281372
gemma_t10,52917952,51,3.8803093433380127
gemma_t10,52920257,51,2.468613862991333
gemma_t10,52926380,51,3.198259115219116
gemma_t10,52938038,51,2.6098783016204834
gemma_t10,52943615,51,3.8407931327819824
gemma_t10,52979524,51,1.7921178340911865
gemma_t10,52984852,51,2.636549472808838
gemma_t10,53017700,51,2.76633882522583
gemma_t10,53019653,51,2.5362582206726074
gemma_t10,53034346,51,4.486790180206299
gemma_t10,53035038,51,1.8342915773391724
gemma_t10,53037336,51,3.453892946243286
gemma_t10,53064621,51,3.116260528564453
gemma_t10,53079301,51,3.4258103370666504
gemma_t10,53079601,51,3.052267551422119
gemma_t10,53079743,51,2.104501247406006
gemma_t10,53079799,51,2.3310253620147705
gemma_t10,53079972,51,2.7501275539398193
gemma_t10,53080156,51,2.2122833728790283
gemma_t10,53080384,51,2.2804789543151855
gemma_t10,53080764,51,3.3545501232147217
gemma_t10,53080784,51,2.374640703201294
gemma_t10,53080846,51,2.7616474628448486
gemma_t10,53081209,51,2.224332571029663
gemma_t10,53081291,51,2.205843687057495
gemma_t10,53081318,51,2.9947500228881836
gemma_t10,53081403,51,3.236340045928955
gemma_t10,53081407,51,3.21823787689209
gemma_t10,53081627,51,2.2929913997650146
gemma_t10,53081634,51,3.2160120010375977
gemma_t10,53082197,51,2.208409309387207
gemma_t10,53082257,51,2.9584431648254395
gemma_t10,53082972,51,2.6844398975372314
gemma_t10,53083054,51,2.6763253211975098
gemma_t10,53083061,51,2.5568697452545166
gemma_t10,53083122,51,2.7926785945892334
gemma_t10,53083232,51,3.162243366241455
gemma_t10,53083305,51,2.2126736640930176
gemma_t10,53083475,51,2.1081655025482178
gemma_t10,53083677,51,3.1999542713165283
gemma_t10,53095207,51,2.3564748764038086
gemma_t10,53099899,51,1.866090178489685
gemma_t10,53109787,51,4.4218645095825195
gemma_t10,53110354,51,2.274811029434204
gemma_t10,53178856,51,3.277585744857788
gemma_t10,53217060,51,2.7994091510772705
gemma_t10,53223679,51,5.133283615112305
gemma_t10,53247198,51,3.5185532569885254
gemma_t10,53295957,51,2.2352194786071777
gemma_t10,53298765,51,2.5065152645111084
gemma_t10,53298878,51,2.721989870071411
gemma_t10,53578487,51,2.4634273052215576
gemma_t10,53640239,51,3.321922540664673
gemma_t10,53645946,51,2.5200376510620117
gemma_t10,54893641,51,2.688340663909912
gemma_t10,56657817,51,3.13362193107605
gemma_t10,56657857,51,2.69193959236145
gemma_t10,56895551,51,2.825059413909912
gemma_t10,57189558,51,1.8487392663955688
gemma_t10,57564106,51,2.994497537612915
gemma_t10,57570672,51,3.2459499835968018
gemma_t10,59553499,51,2.2517597675323486
gemma_t10,59553563,51,3.4097251892089844
gemma_t10,59599633,51,2.326988697052002
gemma_t10,59599706,51,3.0454986095428467
gemma_t10,59599940,51,1.9532901048660278
gemma_t10,59604492,51,3.01369047164917
gemma_t10,60441316,51,3.0324666500091553
gemma_t10,61153666,51,3.653965711593628
gemma_t10,61874237,51,2.334482192993164
gemma_t10,62637241,51,2.8612897396087646
gemma_t10,65038030,51,3.3038570880889893
gemma_t10,67788603,51,3.59584641456604
gemma_t10,67855815,51,2.447057008743286
gemma_t10,67855860,51,2.8741793632507324
gemma_t10,67855893,51,3.298029899597168
gemma_t10,67855999,51,2.6229875087738037
gemma_t10,67856005,51,2.5137124061584473
gemma_t10,67856013,51,2.8782100677490234
gemma_t10,67856167,51,2.871469497680664
gemma_t10,67856324,51,2.3279287815093994
gemma_t10,67856607,51,3.500629425048828
gemma_t10,67856712,51,1.921413540840149
gemma_t10,67877016,51,2.1533570289611816
gemma_t10,68167178,51,2.864445924758911
gemma_t10,70349933,51,2.999950408935547
gemma_t10,71144630,51,2.5337791442871094
gemma_t10,71147690,51,2.5894060134887695
gemma_t10,73729169,51,2.26849627494812
gemma_t10,76666127,51,2.7652785778045654
gemma_t10,80628347,51,2.9691221714019775
gemma_t10,80628357,51,1.9371905326843262
gemma_t10,83458715,51,4.247862339019775
gemma_t10,84842989,51,2.4042580127716064
gemma_t10,84843987,51,2.0197818279266357
gemma_t10,85459677,51,2.9433112144470215
gemma_t10,85464175,51,2.3014965057373047
gemma_t10,85498775,51,2.760850667953491
gemma_t10,85501317,51,4.031247615814209
gemma_t10,85518027,51,2.7502896785736084
gemma_t10,85528598,51,2.9503095149993896
gemma_t10,85531331,51,2.8537440299987793
gemma_t10,86716257,51,2.3936147689819336
gemma_t10,91183938,51,2.5899746417999268
gemma_t10,91184042,51,3.6967852115631104
gemma_t10,102350590,51,3.637674570083618
gemma_t10,102350747,51,3.163346290588379
gemma_t10,102350767,51,2.391237735748291
gemma_t10,102350941,51,2.841111421585083
gemma_t10,102350997,51,2.3873512744903564
gemma_t10,102351463,51,3.6634254455566406
gemma_t10,102351547,51,2.294417142868042
gemma_t10,102351717,51,2.3630564212799072
gemma_t10,102352060,51,2.759817600250244
gemma_t10,102352698,51,4.306111812591553
gemma_t10,102352788,51,2.5196218490600586
gemma_t10,102352962,51,2.789766788482666
gemma_t10,102353817,51,3.3847432136535645
gemma_t10,102353837,51,3.2759172916412354
gemma_t10,102353852,51,4.129958152770996
gemma_t10,102354384,51,4.8571953773498535
gemma_t10,102354395,51,3.5495810508728027
gemma_t10,102354583,51,2.4060447216033936
gemma_t10,102354588,51,4.700117588043213
gemma_t10,102354684,51,3.869236469268799
gemma_t10,102483154,51,2.850182056427002
gemma_t10,106402715,51,3.037248373031616
gemma_t10,109933467,51,1.8191312551498413
gemma_t10,116880070,51,2.58258318901062
gemma_t10,118674834,51,3.4744019508361816
gemma_t10,118680003,51,2.3455023765563965
gemma_t10,119308902,51,2.307016611099243
gemma_t10,119309472,51,2.0197880268096924
gemma_t10,120224153,51,2.856084108352661
gemma_t10,126167342,51,2.6894538402557373
gemma_t10,126181046,51,2.610203266143799
gemma_t10,128000127,51,2.8221120834350586
gemma_t10,128345225,51,3.1511831283569336
gemma_t10,128345548,51,3.2915141582489014
gemma_t10,129945216,51,2.787640333175659
gemma_t10,133306280,51,2.7616124153137207
gemma_t10,133597585,51,3.0056188106536865
gemma_t10,135466290,51,2.1391706466674805
gemma_t10,153312535,51,3.1974074840545654
gemma_t10,153312687,51,3.867192268371582
gemma_t10,153313061,51,2.8118579387664795
gemma_t10,153313159,51,3.458554744720459
gemma_t10,153313581,51,3.1306774616241455
gemma_t10,155089817,51,2.408928394317627
gemma_t10,155091369,51,3.1940479278564453
gemma_t10,155092736,51,2.032311201095581
gemma_t10,155100086,51,2.7720046043395996
gemma_t10,155100120,51,3.778529167175293
gemma_t10,159041042,51,2.3761000633239746
gemma_t10,159041048,51,5.700613975524902
gemma_t10,159041867,51,2.216918468475342
gemma_t10,160009452,51,2.39188289642334
gemma_t10,160009896,51,2.208937644958496
gemma_t10,162183964,51,2.845085859298706
gemma_t10,165163819,51,1.8939249515533447
gemma_t10,166228669,51,2.5506160259246826
gemma_t10,167217355,51,4.202089309692383
gemma_t10,167217367,51,2.5712692737579346
gemma_t10,167217453,51,1.972333550453186
gemma_t10,168169888,51,2.001713991165161
gemma_t10,170078653,51,2.971076011657715
gemma_t10,170078772,51,2.6443872451782227
gemma_t10,170079112,51,2.749274253845215
gemma_t10,173188048,51,2.604496717453003
gemma_t10,173188803,51,2.472731351852417
gemma_t10,173990423,51,3.4990715980529785
gemma_t10,173990455,51,2.466359853744507
gemma_t10,173990506,51,2.361546039581299
gemma_t10,173990585,51,2.7319600582122803
gemma_t10,173991101,51,2.0344691276550293
gemma_t10,174797737,51,2.716172218322754
gemma_t10,174797747,51,3.969109535217285
gemma_t10,174797886,51,3.4785966873168945
gemma_t10,174798153,51,2.5792160034179688
gemma_t10,174798218,51,2.576348304748535
gemma_t10,174798293,51,2.9772884845733643
gemma_t10,174798321,51,2.263827323913574
gemma_t10,174798410,51,2.5557525157928467
gemma_t10,174799117,51,2.397952079772949
gemma_t10,174799262,51,2.4277374744415283
gemma_t10,174799301,51,1.7827847003936768
gemma_t10,174799304,51,3.011836290359497
gemma_t10,174799346,51,3.27903151512146
gemma_t10,174799399,51,2.830185651779175
gemma_t10,174799702,51,4.39821720123291
gemma_t10,174799768,51,2.478111505508423
gemma_t10,174799793,51,2.33385968208313
gemma_t10,174799844,51,4.334190368652344
gemma_t10,174799895,51,2.347299814224243
gemma_t10,174799974,51,3.0186944007873535
gemma_t10,174800106,51,2.7986011505126953
gemma_t10,174800272,51,2.5246641635894775
gemma_t10,174800458,51,2.2767388820648193
gemma_t10,174800839,51,3.63456392288208
gemma_t10,174800890,51,2.7784719467163086
gemma_t10,174800963,51,2.6483919620513916
gemma_t10,174801080,51,3.1663947105407715
gemma_t10,174801222,51,2.6762752532958984
gemma_t10,174801388,51,4.096318244934082
gemma_t10,174801519,51,2.9406862258911133
gemma_t10,174801632,51,2.204272985458374
gemma_t10,174801764,51,2.9359538555145264
gemma_t10,174802397,51,2.1979074478149414
gemma_t10,174802484,51,1.8473066091537476
gemma_t10,174802848,51,2.3078453540802
gemma_t10,174802873,51,2.070988178253174
gemma_t10,174803111,51,3.8466544151306152
gemma_t10,174803587,51,3.3125159740448
gemma_t10,181704107,51,2.6130588054656982
gemma_t10,182952458,51,3.80307674407959
gemma_t10,182952800,51,1.9762578010559082
gemma_t10,182952848,51,3.416208267211914
gemma_t10,182952892,51,3.1025390625
gemma_t10,182953113,51,2.638758420944214
gemma_t10,182953211,51,1.927245855331421
gemma_t10,182953250,51,2.6232001781463623
gemma_t10,184482578,51,2.0677144527435303
gemma_t10,184483123,51,1.887130618095398
gemma_t10,184483331,51,2.571859359741211
gemma_t10,184486755,51,2.725770950317383
gemma_t10,184486914,51,2.3830299377441406
gemma_t10,184487171,51,2.2315759658813477
gemma_t10,184487889,51,3.0817830562591553
gemma_t10,186206211,51,3.4529027938842773
gemma_t10,186206508,51,2.85235857963562
gemma_t10,186206974,51,1.9620760679244995
gemma_t10,189762009,51,3.2033531665802
gemma_t10,189762068,51,2.4400112628936768
gemma_t10,189762081,51,4.260871410369873
gemma_t10,189762189,51,2.155904531478882
gemma_t10,189762341,51,2.2701385021209717
gemma_t10,189762487,51,2.330763339996338
gemma_t10,189762556,51,3.995852470397949
gemma_t10,189927911,51,2.5341145992279053
gemma_t10,189928008,51,2.849592924118042
gemma_t10,189928148,51,3.293242931365967
gemma_t10,189928186,51,2.4331064224243164
gemma_t10,189928248,51,2.711386203765869
gemma_t10,189928358,51,2.4140279293060303
gemma_t10,189928395,51,2.827552080154419
gemma_t10,189999088,51,2.348109245300293
gemma_t10,189999659,51,2.9353389739990234
gemma_t10,190000105,51,2.2163755893707275
gemma_t10,190001673,51,3.112853527069092
gemma_t10,192530110,51,4.561265468597412
gemma_t10,195064954,51,4.164198875427246
gemma_t10,195068920,51,3.0713746547698975
gemma_t10,195069071,51,2.7551217079162598
gemma_t10,195069392,51,2.0483360290527344
gemma_t10,195218574,51,2.6519954204559326
gemma_t10,195218693,51,5.46768045425415
gemma_t10,195316733,51,2.5957186222076416
gemma_t10,195345077,51,3.8323614597320557
gemma_t10,195345094,51,3.1456451416015625
gemma_t10,195345201,51,2.499784469604492
gemma_t10,195345563,51,3.4337069988250732
gemma_t10,195477534,51,2.8323428630828857
gemma_t10,195504787,51,2.320342540740967
gemma_t10,195584320,51,2.8609402179718018
gemma_t10,195766884,51,2.343515396118164
gemma_t10,195776147,51,2.082465887069702
gemma_t10,195776229,51,3.0528037548065186
gemma_t10,195820682,51,2.1031856536865234
gemma_t10,195847811,51,2.7549712657928467
gemma_t10,195848217,51,2.922020435333252
gemma_t10,195886246,51,2.7728400230407715
gemma_t10,196167277,51,3.478639602661133
gemma_t10,196171551,51,3.613548517227173
gemma_t10,196171668,51,1.8823606967926025
gemma_t10,196172197,51,2.7701375484466553
gemma_t10,196175184,51,2.7445662021636963
gemma_t10,196176000,51,3.1784074306488037
gemma_t10,196176396,51,2.3564910888671875
gemma_t10,196176628,51,2.2998220920562744
gemma_t10,196178484,51,3.6393043994903564
gemma_t10,196178503,51,2.8736979961395264
gemma_t10,196181315,51,2.07847261428833
gemma_t10,196181536,51,2.9078946113586426
gemma_t10,196181811,51,2.234426736831665
gemma_t10,196181887,51,2.8965632915496826
gemma_t10,196182395,51,3.1161937713623047
gemma_t10,196183158,51,2.9125616550445557
gemma_t10,196183669,51,3.1114158630371094
gemma_t10,196184679,51,2.592700481414795
gemma_t10,196185038,51,2.7602031230926514
gemma_t10,196186167,51,2.9749648571014404
gemma_t10,196186961,51,2.0224552154541016
gemma_t10,196187162,51,2.673323154449463
gemma_t10,196187316,51,2.2011353969573975
gemma_t10,196187320,51,3.1744871139526367
gemma_t10,196188501,51,2.6947946548461914
gemma_t10,196188987,51,2.427591562271118
gemma_t10,196189567,51,2.7337746620178223
gemma_t10,196189661,51,2.3931567668914795
gemma_t10,196192979,51,2.7696595191955566
gemma_t10,196193055,51,2.9549319744110107
gemma_t10,196194557,51,2.51408314704895
gemma_t10,196197006,51,3.1589081287384033
gemma_t10,196198494,51,2.2848689556121826
gemma_t10,196199713,51,2.692477226257324
gemma_t10,196205749,51,2.3980374336242676
gemma_t10,196206886,51,2.5677201747894287
gemma_t10,196209746,51,2.5570292472839355
gemma_t10,196210081,51,3.0247647762298584
gemma_t10,196210782,51,3.3660638332366943
gemma_t10,196211238,51,2.487391710281372
gemma_t10,196211486,51,3.9544310569763184
gemma_t10,196211550,51,2.704098701477051
gemma_t10,196217527,51,2.4340426921844482
gemma_t10,196471188,51,3.16060733795166
gemma_t10,196471198,51,2.210956335067749
gemma_t10,196621534,51,2.2003366947174072
gemma_t10,196621535,51,2.4709866046905518
gemma_t10,198179946,51,2.701385974884033
gemma_t10,198184456,51,2.8863697052001953
gemma_t10,198184729,51,2.498154640197754
gemma_t10,198939259,51,2.1676406860351562
gemma_t10,198967754,51,2.0750396251678467
gemma_t10,198973187,51,3.5918936729431152
gemma_t10,199001173,51,4.264347076416016
gemma_t10,199022396,51,2.7020623683929443
gemma_t10,199371491,51,2.6487832069396973
gemma_t10,199371687,51,2.1052181720733643
gemma_t10,199379359,51,3.2498013973236084
gemma_t10,199452955,51,2.8561034202575684
gemma_t10,199523733,51,1.7350270748138428
gemma_t10,199529989,51,2.119609832763672
gemma_t10,199552244,51,2.848459243774414
gemma_t10,199577588,51,2.884357213973999
gemma_t10,199577634,51,2.721149206161499
gemma_t10,199668626,51,2.8267269134521484
gemma_t10,199668753,51,3.052227258682251
gemma_t10,201058596,51,3.7756824493408203
gemma_t10,201058633,51,3.478055000305176
gemma_t10,201058720,51,2.4855852127075195
gemma_t10,201070022,51,2.7262678146362305
gemma_t10,201070265,51,2.759967088699341
gemma_t10,201103745,51,2.4863197803497314
gemma_t10,201124425,51,2.847688913345337
gemma_t10,201307832,51,2.693232774734497
gemma_t10,201645145,51,2.233150005340576
gemma_t10,201646223,51,2.0113532543182373
gemma_t10,201646551,51,2.418195962905884
gemma_t10,201651596,51,2.095790147781372
gemma_t10,201657818,51,3.255082845687866
gemma_t10,201666437,51,2.321307897567749
gemma_t10,201666620,51,2.898618698120117
gemma_t10,201668205,51,2.4242758750915527
gemma_t10,201669180,51,1.8406474590301514
gemma_t10,201670412,51,2.957489490509033
gemma_t10,201676778,51,2.0495617389678955
gemma_t10,201691562,51,1.9540166854858398
gemma_t10,201697450,51,3.013502836227417
gemma_t10,201698093,51,2.2272653579711914
gemma_t10,201698197,51,2.1117377281188965
gemma_t10,201698258,51,3.1955955028533936
gemma_t10,201698358,51,2.7716033458709717
gemma_t10,201741133,51,2.9927759170532227
gemma_t10,201742252,51,2.4469833374023438
gemma_t10,201742578,51,2.2754366397857666
gemma_t10,202120468,51,2.7415759563446045
gemma_t10,202120592,51,3.5627665519714355
gemma_t10,202121966,51,2.1287691593170166
gemma_t10,202235037,51,3.7044169902801514
gemma_t10,202235596,51,3.4903905391693115
gemma_t10,202537031,51,3.2875125408172607
gemma_t10,202537041,51,3.5249266624450684
gemma_t10,202537179,51,2.4081356525421143
gemma_t10,202537221,51,3.5147175788879395
gemma_t10,202537332,51,3.3044514656066895
gemma_t10,202537477,51,2.256477117538452
gemma_t10,202537499,51,3.116346597671509
gemma_t10,202537890,51,3.5997986793518066
gemma_t10,202538141,51,2.9546215534210205
gemma_t10,202538495,51,2.5937466621398926
gemma_t10,202538609,51,3.1949574947357178
gemma_t10,202538897,51,2.596571922302246
gemma_t10,202539004,51,3.4758968353271484
gemma_t10,202539031,51,5.361576080322266
gemma_t10,202539063,51,3.926555633544922
gemma_t10,202539354,51,2.4725747108459473
gemma_t10,202539496,51,2.156989812850952
gemma_t10,202539540,51,2.680142879486084
gemma_t10,202540033,51,3.798616409301758
gemma_t10,202540088,51,2.3999810218811035
gemma_t10,202540096,51,2.9574356079101562
gemma_t10,202540203,51,2.0074052810668945
gemma_t10,202540590,51,3.373796224594116
gemma_t10,202540591,51,3.350679874420166
gemma_t10,202540640,51,2.1820762157440186
gemma_t10,202540793,51,2.089310646057129
gemma_t10,202540839,51,3.1639115810394287
gemma_t10,202541009,51,3.3068742752075195
gemma_t10,202541012,51,3.1867599487304688
gemma_t10,202541043,51,4.043259620666504
gemma_t10,202541147,51,3.5379133224487305
gemma_t10,202541184,51,2.5942366123199463
gemma_t10,202541185,51,2.6235718727111816
gemma_t10,202541352,51,2.0300028324127197
gemma_t10,202541363,51,2.624204635620117
gemma_t10,202541447,51,2.160490036010742
gemma_t10,202541473,51,2.3469040393829346
gemma_t10,202541491,51,2.0491230487823486
gemma_t10,202541545,51,3.6829662322998047
gemma_t10,202541569,51,2.458059310913086
gemma_t10,202541578,51,5.933350086212158
gemma_t10,202541610,51,3.442429542541504
gemma_t10,202541654,51,2.1056478023529053
gemma_t10,202542261,51,5.14506721496582
gemma_t10,202542397,51,2.2181336879730225
gemma_t10,202542569,51,3.1996254920959473
gemma_t10,202542757,51,3.697366714477539
gemma_t10,202558451,51,3.636247396469116
gemma_t10,202558815,51,3.744995355606079
gemma_t10,202565485,51,4.052024841308594
gemma_t10,202565569,51,3.4122347831726074
gemma_t10,202565697,51,1.8753386735916138
gemma_t10,202572810,51,3.6171514987945557
gemma_t10,202577372,51,3.6484646797180176
gemma_t10,202577934,51,2.419811725616455
gemma_t10,202583694,51,2.4113376140594482
gemma_t10,202635721,51,2.9015679359436035
gemma_t10,202660724,51,3.1005239486694336
gemma_t10,202660912,51,2.7007956504821777
gemma_t10,202661048,51,2.369401216506958
gemma_t10,202712648,51,2.0972001552581787
gemma_t10,202718954,51,2.250828742980957
gemma_t10,202734183,51,3.013012170791626
gemma_t10,202734592,51,2.3299663066864014
gemma_t10,202763602,51,2.0839765071868896
gemma_t10,202765126,51,2.830604076385498
gemma_t10,202765253,51,3.7199435234069824
gemma_t10,202765548,51,3.7179043292999268
gemma_t10,202769823,51,2.9987189769744873
gemma_t10,202770936,51,2.3783349990844727
gemma_t10,202771124,51,3.416712999343872
gemma_t10,202771535,51,2.605024576187134
gemma_t10,202773239,51,2.4167063236236572
gemma_t10,202773689,51,2.23209547996521
gemma_t10,202774375,51,2.8873205184936523
gemma_t10,202774468,51,2.0605199337005615
gemma_t10,202776122,51,2.758488893508911
gemma_t10,202776447,51,2.577085018157959
gemma_t10,202776649,51,2.315931797027588
gemma_t10,202781392,51,2.4588377475738525
gemma_t10,202783478,51,3.0295767784118652
gemma_t10,202784449,51,1.9264196157455444
gemma_t10,202785255,51,2.4552745819091797
gemma_t10,202785879,51,2.6131043434143066
gemma_t10,202786066,51,2.169294595718384
gemma_t10,202786882,51,2.8014068603515625
gemma_t10,202788490,51,4.3186726570129395
gemma_t10,202788575,51,2.966130256652832
gemma_t10,202789603,51,2.1280102729797363
gemma_t10,203146520,51,2.0416879653930664
gemma_t10,203150358,51,2.5628581047058105
gemma_t10,203610181,51,1.9650218486785889
gemma_t10,203626520,51,2.177232503890991
gemma_t10,203836056,51,3.4317007064819336
gemma_t10,203836888,51,4.881087303161621
gemma_t10,203905404,51,2.660693645477295
gemma_t10,204009154,51,2.3002521991729736
gemma_t10,204512247,51,3.0712125301361084
gemma_t10,204744108,51,3.688361644744873
gemma_t10,204823992,51,2.5186245441436768
gemma_t10,204902024,51,3.3986380100250244
gemma_t10,204949631,51,2.5520966053009033
gemma_t10,207794190,51,3.75345778465271
gemma_t10,207847197,51,3.216933488845825
gemma_t10,207847250,51,2.954822063446045
gemma_t10,207847598,51,3.126006841659546
gemma_t10,207847960,51,2.4863834381103516
gemma_t10,207852358,51,3.5203280448913574
gemma_t10,207852450,51,2.982455015182495
gemma_t10,207852597,51,2.610473871231079
gemma_t10,207852642,51,3.9535646438598633
gemma_t10,207853017,51,2.464066982269287
gemma_t10,207853111,51,3.4367496967315674
gemma_t10,207853145,51,3.6533825397491455
gemma_t10,207853191,51,2.4080941677093506
gemma_t10,207853290,51,2.736982822418213
gemma_t10,207853300,51,1.9798381328582764
gemma_t10,207853304,51,3.4958198070526123
gemma_t10,207863306,51,3.2929224967956543
gemma_t10,207870323,51,2.912091016769409
gemma_t10,207870937,51,2.3395724296569824
gemma_t10,207901226,51,2.461798906326294
gemma_t10,207925651,51,3.031468629837036
gemma_t10,207996257,51,2.8763630390167236
gemma_t10,208001011,51,3.1512889862060547
gemma_t10,208006253,51,2.5810201168060303
gemma_t10,208191596,51,3.807206153869629
gemma_t10,208527026,51,2.201498508453369
gemma_t10,208547632,51,2.212522506713867
gemma_t10,209009596,51,3.9568848609924316
gemma_t10,209054931,51,1.9485838413238525
gemma_t10,209202658,51,3.0026755332946777
gemma_t10,210164439,51,3.155068874359131
gemma_t10,210164665,51,4.692024230957031
gemma_t10,210701352,51,2.7407140731811523
gemma_t10,210714061,51,3.888071298599243
gemma_t10,211003735,51,3.5409579277038574
gemma_t10,211029226,51,2.8428685665130615
gemma_t10,211031933,51,3.7583181858062744
gemma_t10,211066200,51,3.659245014190674
gemma_t10,211082681,51,3.385979175567627
gemma_t10,211126910,51,1.8846782445907593
gemma_t10,211258645,51,2.808711528778076
gemma_t10,211532588,51,2.50996732711792
gemma_t10,211677475,51,2.801410675048828
gemma_t10,211987786,51,4.109995365142822
gemma_t10,212718077,51,3.516401767730713
gemma_t10,212725806,51,2.517286777496338
gemma_t10,212747810,51,3.6052536964416504
gemma_t10,212800438,51,2.8725693225860596
gemma_t10,213982630,51,2.3291573524475098
gemma_t10,214623124,51,5.247472286224365
gemma_t10,214693050,51,3.1401748657226562
gemma_t10,214794966,51,3.2685515880584717
gemma_t10,214802401,51,3.3762638568878174
gemma_t10,214802500,51,3.3751449584960938
gemma_t10,214802514,51,4.180080413818359
gemma_t10,214802587,51,2.372243642807007
gemma_t10,214802624,51,1.5586752891540527
gemma_t10,214802812,51,3.6218154430389404
gemma_t10,214802856,51,3.4901559352874756
gemma_t10,214802887,51,3.590914011001587
gemma_t10,214803082,51,2.1564857959747314
gemma_t10,215191351,51,3.7811050415039062
gemma_t10,215238391,51,2.32548189163208
gemma_t10,215238965,51,2.5965232849121094
gemma_t10,215415911,51,4.154362678527832
gemma_t10,215415968,51,2.017676830291748
gemma_t10,215416110,51,2.0043299198150635
gemma_t10,215416175,51,1.9463382959365845
gemma_t10,215416349,51,2.8751018047332764
gemma_t10,215547988,51,2.9603683948516846
gemma_t10,215548041,51,2.8559963703155518
gemma_t10,215548215,51,2.538196325302124
gemma_t10,215548225,51,2.6874594688415527
gemma_t10,215548916,51,2.0845260620117188
gemma_t10,215737001,51,2.264707326889038
gemma_t10,215744806,51,2.144273042678833
gemma_t10,215744924,51,2.269096851348877
gemma_t10,215744944,51,3.2339303493499756
gemma_t10,215745286,51,2.9968459606170654
gemma_t10,215745290,51,3.140610933303833
gemma_t10,215745354,51,2.467118740081787
gemma_t10,215745536,51,2.8337481021881104
gemma_t10,215768766,51,2.1194217205047607
gemma_t10,215768768,51,3.740553617477417
gemma_t10,215768769,51,2.786269187927246
gemma_t10,215768835,51,2.8230655193328857
gemma_t10,215785828,51,2.6273937225341797
gemma_t10,215785895,51,4.817609786987305
gemma_t10,215786391,51,2.639848470687866
gemma_t10,215806653,51,2.816178560256958
gemma_t10,215811473,51,1.8991918563842773
gemma_t10,215814290,51,2.338017463684082
gemma_t10,215814515,51,2.248730421066284
gemma_t10,215826646,51,1.9544073343276978
gemma_t10,215827207,51,2.6232454776763916
gemma_t10,215827461,51,3.2524948120117188
gemma_t10,215827653,51,2.4752819538116455
gemma_t10,215827766,51,3.249290943145752
gemma_t10,215827807,51,2.7742862701416016
gemma_t10,215827989,51,1.898319959640503
gemma_t10,215828313,51,2.0624582767486572
gemma_t10,215828384,51,2.7093539237976074
gemma_t10,215828553,51,3.0123515129089355
gemma_t10,216035773,51,2.232529640197754
gemma_t10,216056240,51,3.6778013706207275
gemma_t10,216056269,51,2.962616205215454
gemma_t10,216056453,51,2.7855172157287598
gemma_t10,216056509,51,2.5228018760681152
gemma_t10,216080642,51,4.039165019989014
gemma_t10,216080701,51,2.1688990592956543
gemma_t10,216080986,51,2.5626251697540283
gemma_t10,216144439,51,3.2251644134521484
gemma_t10,216144503,51,2.2403340339660645
gemma_t10,216144770,51,2.2160604000091553
gemma_t10,216552849,51,2.2314727306365967
gemma_t10,216552854,51,3.3166792392730713
gemma_t10,216552897,51,3.262155532836914
gemma_t10,216552978,51,2.002256393432617
gemma_t10,216553067,51,3.1613175868988037
gemma_t10,216553182,51,3.3659534454345703
gemma_t10,216553210,51,2.6841771602630615
gemma_t10,216553264,51,2.0533905029296875
gemma_t10,216557637,51,2.6430776119232178
gemma_t10,216562233,51,3.6913280487060547
gemma_t10,216562330,51,3.108030080795288
gemma_t10,216562386,51,2.6916112899780273
gemma_t10,216562638,51,2.085721254348755
gemma_t10,216562779,51,3.573273181915283
gemma_t10,216562785,51,2.0307281017303467
gemma_t10,216636598,51,2.641502857208252
gemma_t10,216641736,51,2.7199535369873047
gemma_t10,216641773,51,3.4740803241729736
gemma_t10,216641842,51,2.3818628787994385
gemma_t10,216641848,51,4.163333415985107
gemma_t10,216641852,51,2.599311113357544
gemma_t10,216641956,51,2.468923568725586
gemma_t10,216642043,51,2.1129112243652344
gemma_t10,216642230,51,2.5022902488708496
gemma_t10,216867622,51,3.4438726902008057
gemma_t10,216868180,51,2.811403274536133
gemma_t10,216868234,51,2.326127767562866
gemma_t10,216868259,51,1.707728385925293
gemma_t10,216868472,51,3.2196245193481445
gemma_t10,216868486,51,1.9503487348556519
gemma_t10,216868525,51,2.583488941192627
gemma_t10,216868592,51,4.284244537353516
gemma_t10,216868683,51,3.0270845890045166
gemma_t10,216868725,51,2.2078609466552734
gemma_t10,216869183,51,2.129868984222412
gemma_t10,216869577,51,5.105339527130127
gemma_t10,216914409,51,2.147127628326416
gemma_t10,216914626,51,3.6683707237243652
gemma_t10,216914911,51,3.6556525230407715
gemma_t10,218076648,51,2.364431858062744
gemma_t10,218470058,51,3.374951124191284
gemma_t10,218470122,51,1.990884780883789
gemma_t10,218470125,51,1.8919062614440918
gemma_t10,218470144,51,3.2396047115325928
gemma_t10,218470237,51,1.95148503780365
gemma_t10,218470359,51,4.735392093658447
gemma_t10,218470427,51,3.6507558822631836
gemma_t10,218470517,51,5.3356709480285645
gemma_t10,218486837,51,3.550581455230713
gemma_t10,218487098,51,2.8008787631988525
gemma_t10,218487100,51,2.5612471103668213
gemma_t10,218487136,51,3.0733203887939453
gemma_t10,218487168,51,2.6367290019989014
gemma_t10,218487230,51,2.2309980392456055
gemma_t10,218487237,51,2.8101861476898193
gemma_t10,218487279,51,3.6553266048431396
gemma_t10,218487288,51,3.5588252544403076
gemma_t10,218487373,51,4.788566589355469
gemma_t10,218487454,51,2.666064500808716
gemma_t10,218487506,51,3.2107701301574707
gemma_t10,218487696,51,3.7039899826049805
gemma_t10,218487733,51,2.496605396270752
gemma_t10,218500588,51,2.7376255989074707
gemma_t10,218501728,51,2.536254405975342
gemma_t10,218502350,51,4.994030952453613
gemma_t10,218517044,51,1.7410521507263184
gemma_t10,218517088,51,3.418686866760254
gemma_t10,218517128,51,2.805588483810425
gemma_t10,218538467,51,2.082388162612915
gemma_t10,218560609,51,3.2847554683685303
gemma_t10,218571018,51,3.2825138568878174
gemma_t10,218571035,51,2.7881150245666504
gemma_t10,218571152,51,2.9169697761535645
gemma_t10,218571167,51,2.5387067794799805
gemma_t10,218571335,51,3.192429780960083
gemma_t10,218580945,51,2.054852247238159
gemma_t10,218581853,51,2.300321578979492
gemma_t10,218595658,51,3.74981689453125
gemma_t10,218595710,51,2.612761974334717
gemma_t10,218595915,51,3.406118631362915
gemma_t10,218595930,51,2.9123008251190186
gemma_t10,218610661,51,3.7556161880493164
gemma_t10,218613630,51,3.317478895187378
gemma_t10,218613850,51,2.147984504699707
gemma_t10,218614095,51,2.4096004962921143
gemma_t10,218628691,51,3.2419650554656982
gemma_t10,218628872,51,4.789779186248779
gemma_t10,218630027,51,3.0305256843566895
gemma_t10,218665566,51,2.990233898162842
gemma_t10,218674382,51,3.7109181880950928
gemma_t10,218684346,51,2.2482452392578125
gemma_t10,218718559,51,2.274068593978882
gemma_t10,218718982,51,2.4760308265686035
gemma_t10,218763259,51,3.5352816581726074
gemma_t10,218763425,51,2.4095606803894043
gemma_t10,218763678,51,1.970321774482727
gemma_t10,218869840,51,3.069664239883423
gemma_t10,218883429,51,2.2957165241241455
gemma_t10,218889746,51,2.404973030090332
gemma_t10,218901061,51,3.442640781402588
gemma_t10,218971632,51,3.7062408924102783
gemma_t10,218971877,51,3.0077929496765137
gemma_t10,218974137,51,1.7816450595855713
gemma_t10,219036690,51,3.1606667041778564
gemma_t10,219124328,51,3.388197183609009
gemma_t10,219165306,51,2.2890517711639404
gemma_t10,219176513,51,2.980001449584961
gemma_t10,219176849,51,2.100106716156006
gemma_t10,219177150,51,2.40138578414917
gemma_t10,219260306,51,2.901122570037842
gemma_t10,219302617,51,2.648190975189209
gemma_t10,219304854,51,1.6498281955718994
gemma_t10,219304992,51,2.5513479709625244
gemma_t10,219306244,51,6.3944573402404785
gemma_t10,219307246,51,1.6665722131729126
gemma_t10,219309091,51,2.1447412967681885
gemma_t10,219310312,51,2.459192991256714
gemma_t10,219401758,51,3.1767001152038574
gemma_t10,219530664,51,3.154231309890747
gemma_t10,219530980,51,2.0242459774017334
gemma_t10,219558508,51,2.106034517288208
gemma_t10,219573244,51,4.011786937713623
gemma_t10,219573654,51,2.2880280017852783
gemma_t10,219635956,51,2.0293188095092773
gemma_t10,219708219,51,3.4187753200531006
gemma_t10,219719687,51,2.143165111541748
gemma_t10,219721462,51,3.2845458984375
gemma_t10,219966938,51,3.2237770557403564
gemma_t10,219980605,51,3.8370895385742188
gemma_t10,220044829,51,2.1743626594543457
gemma_t10,220044878,51,2.0270090103149414
gemma_t10,220044881,51,2.6420047283172607
gemma_t10,220045417,51,2.9326586723327637
gemma_t10,220045465,51,1.883473515510559
gemma_t10,220045816,51,3.5349385738372803
gemma_t10,220045824,51,1.7588139772415161
gemma_t10,220045825,51,3.020738363265991
gemma_t10,220045826,51,2.7457048892974854
gemma_t10,220045828,51,3.1440203189849854
gemma_t10,220045831,51,1.9248294830322266
gemma_t10,220045835,51,2.6733131408691406
gemma_t10,220045906,51,2.5252304077148438
gemma_t10,220045915,51,1.9471162557601929
gemma_t10,220045953,51,2.495861053466797
gemma_t10,220046222,51,2.283329963684082
gemma_t10,220046453,51,2.731084108352661
gemma_t10,220046465,51,2.6894304752349854
gemma_t10,220046499,51,3.2911150455474854
gemma_t10,220046510,51,2.3150134086608887
gemma_t10,220046814,51,2.9198806285858154
gemma_t10,220047070,51,2.9196434020996094
gemma_t10,220047186,51,2.2965235710144043
gemma_t10,220047251,51,3.7581450939178467
gemma_t10,220047266,51,2.635383367538452
gemma_t10,220047363,51,2.325467109680176
gemma_t10,220047771,51,2.4939072132110596
gemma_t10,220047822,51,2.7627530097961426
gemma_t10,220047831,51,2.7292916774749756
gemma_t10,220047862,51,2.2467212677001953
gemma_t10,220047871,51,3.190544605255127
gemma_t10,220047976,51,2.689795970916748
gemma_t10,220048083,51,2.114264726638794
gemma_t10,220048213,51,2.645935297012329
gemma_t10,220048228,51,2.2906179428100586
gemma_t10,220049701,51,2.0549564361572266
gemma_t10,220059617,51,2.067589521408081
gemma_t10,220060899,51,2.4616990089416504
gemma_t10,220250648,51,2.45003080368042
gemma_t10,220265679,51,3.2543535232543945
gemma_t10,220280994,51,2.337522029876709
gemma_t10,220330688,51,1.6907886266708374
gemma_t10,220331638,51,2.965352773666382
gemma_t10,220363596,51,2.732717275619507
gemma_t10,220364230,51,2.712491750717163
gemma_t10,220425360,51,3.6546990871429443
gemma_t10,220525491,51,2.5262904167175293
gemma_t10,220546439,51,3.015972852706909
gemma_t10,220686630,51,2.073435068130493
gemma_t10,220794027,51,2.8737761974334717
gemma_t10,220919861,51,2.6661837100982666
gemma_t10,221005781,51,3.029299259185791
gemma_t10,221090091,51,1.8683974742889404
gemma_t10,221090332,51,2.08359432220459
gemma_t10,221150562,51,2.836718797683716
gemma_t10,221246333,51,1.9774160385131836
gemma_t10,221376974,51,3.6621832847595215
gemma_t10,221517069,51,2.768275737762451
gemma_t10,221640658,51,3.045466899871826
gemma_t10,221702970,51,3.3574366569519043
gemma_t10,221703773,51,3.51804780960083
gemma_t10,221738937,51,3.33451509475708
gemma_t10,221738987,51,2.4704980850219727
gemma_t10,221739233,51,3.227017641067505
gemma_t10,221739295,51,2.981802463531494
gemma_t10,221739314,51,3.2125678062438965
gemma_t10,221749138,51,1.9374208450317383
gemma_t10,221761251,51,3.5625247955322266
gemma_t10,221761320,51,3.1893067359924316
gemma_t10,221761685,51,2.916919708251953
gemma_t10,221802738,51,3.2443044185638428
gemma_t10,221802772,51,2.8102834224700928
gemma_t10,221818878,51,2.4765124320983887
gemma_t10,221835708,51,2.453890800476074
gemma_t10,221836078,51,3.32881236076355
gemma_t10,221836081,51,3.299129009246826
gemma_t10,221845203,51,3.9682271480560303
gemma_t10,221857750,51,2.4521408081054688
gemma_t10,221878973,51,3.4444358348846436
gemma_t10,221879025,51,3.08306622505188
gemma_t10,221948991,51,3.094942092895508
gemma_t10,221949175,51,2.8268721103668213
gemma_t10,221949448,51,2.849684953689575
gemma_t10,221970112,51,4.19688081741333
gemma_t10,221970445,51,2.8888838291168213
gemma_t10,221970493,51,3.195612668991089
gemma_t10,221995543,51,2.7348246574401855
gemma_t10,221995630,51,2.412527561187744
gemma_t10,221996144,51,2.6066720485687256
gemma_t10,222008363,51,3.4230759143829346
gemma_t10,222066712,51,3.123330593109131
gemma_t10,222090330,51,2.8798975944519043
gemma_t10,222090412,51,3.946352481842041
gemma_t10,222103842,51,3.1297454833984375
gemma_t10,222124366,51,3.4683449268341064
gemma_t10,222124934,51,2.419045925140381
gemma_t10,222125099,51,4.059286117553711
gemma_t10,222132916,51,3.938495635986328
gemma_t10,222133028,51,2.7455198764801025
gemma_t10,222133166,51,2.5722286701202393
gemma_t10,222134074,51,2.317779302597046
gemma_t10,222134115,51,2.4680356979370117
gemma_t10,222140803,51,2.6850476264953613
gemma_t10,222140969,51,3.527223825454712
gemma_t10,222141043,51,3.5601978302001953
gemma_t10,222141045,51,1.9844324588775635
gemma_t10,222141054,51,3.224209785461426
gemma_t10,222141056,51,3.4117255210876465
gemma_t10,222141483,51,2.2451982498168945
gemma_t10,222141790,51,3.4248363971710205
gemma_t10,222142129,51,2.693204641342163
gemma_t10,222156681,51,2.9922893047332764
gemma_t10,222176890,51,4.000034332275391
gemma_t10,222177069,51,2.410426139831543
gemma_t10,222177127,51,2.1099448204040527
gemma_t10,222177239,51,2.0209975242614746
gemma_t10,222177485,51,3.1958718299865723
gemma_t10,222177762,51,2.9702565670013428
gemma_t10,222177767,51,1.995258092880249
gemma_t10,222177851,51,1.9952363967895508
gemma_t10,222205878,51,2.5732977390289307
gemma_t10,222208701,51,3.82395601272583
gemma_t10,222208714,51,3.3109805583953857
gemma_t10,222208845,51,1.9610399007797241
gemma_t10,222208958,51,3.60882306098938
gemma_t10,222208984,51,2.3542137145996094
gemma_t10,222209112,51,3.135957956314087
gemma_t10,222225253,51,2.745258331298828
gemma_t10,222271911,51,2.593662738800049
gemma_t10,222272319,51,2.259650230407715
gemma_t10,222272447,51,2.858574867248535
gemma_t10,222290596,51,3.579760789871216
gemma_t10,222290670,51,3.6695399284362793
gemma_t10,222290677,51,3.123990535736084
gemma_t10,222290679,51,2.661513090133667
gemma_t10,222290752,51,5.521663665771484
gemma_t10,222290851,51,2.574993371963501
gemma_t10,222291117,51,3.347369909286499
gemma_t10,222291132,51,2.183593511581421
gemma_t10,222291386,51,2.143608570098877
gemma_t10,222291532,51,2.9942150115966797
gemma_t10,222291619,51,2.4143316745758057
gemma_t10,222306079,51,2.8856189250946045
gemma_t10,222310116,51,3.039142608642578
gemma_t10,222310469,51,2.187913179397583
gemma_t10,222310559,51,2.3603897094726562
gemma_t10,222310618,51,4.028459072113037
gemma_t10,222310689,51,1.767072319984436
gemma_t10,222310761,51,2.2830822467803955
gemma_t10,222310837,51,3.8594093322753906
gemma_t10,222341502,51,2.8963050842285156
gemma_t10,222341606,51,3.484170913696289
gemma_t10,222341713,51,3.397826910018921
gemma_t10,222341867,51,3.260643482208252
gemma_t10,222377768,51,5.517574310302734
gemma_t10,222379195,51,2.8745956420898438
gemma_t10,223953395,51,1.9000744819641113
gemma_t10,223953416,51,3.030527114868164
gemma_t10,223957053,51,3.322324275970459
gemma_t10,224704949,51,3.2078967094421387
gemma_t10,224705337,51,2.4971120357513428
gemma_t10,224706384,51,2.3502728939056396
gemma_t10,224724415,51,4.117483139038086
gemma_t10,224802782,51,3.242321491241455
gemma_t10,224803298,51,2.1307382583618164
gemma_t10,224803491,51,3.2104883193969727
gemma_t10,224803588,51,3.8444716930389404
gemma_t10,224814107,51,3.4666709899902344
gemma_t10,224818197,51,4.189966678619385
gemma_t10,225039884,51,2.489652395248413
gemma_t10,225040672,51,2.3579599857330322
gemma_t10,225041226,51,2.393754243850708
gemma_t10,225062282,51,2.4661765098571777
gemma_t10,225062337,51,2.870110034942627
gemma_t10,225066679,51,2.2854528427124023
gemma_t10,225066984,51,3.3688321113586426
gemma_t10,225067055,51,2.255953311920166
gemma_t10,225067077,51,2.314976453781128
gemma_t10,225067549,51,2.903269052505493
gemma_t10,225067563,51,3.2217397689819336
gemma_t10,225067713,51,3.064791202545166
gemma_t10,225068329,51,2.8446483612060547
gemma_t10,225070214,51,2.8526065349578857
gemma_t10,225074971,51,2.4176366329193115
gemma_t10,225075639,51,2.6488752365112305
gemma_t10,225094152,51,2.100494623184204
gemma_t10,225103036,51,1.9749666452407837
gemma_t10,226222232,51,3.409487724304199
gemma_t10,226226607,51,4.587459564208984
gemma_t10,226226666,51,4.251452445983887
gemma_t10,226226744,51,3.3771731853485107
gemma_t10,226227390,51,3.9170589447021484
gemma_t10,226236740,51,2.744002103805542
gemma_t10,226237179,51,1.7984367609024048
gemma_t10,226237546,51,2.4117555618286133
gemma_t10,226245979,51,2.28662109375
gemma_t10,226254361,51,2.238865852355957
gemma_t10,226262191,51,3.73311185836792
gemma_t10,226262204,51,3.137064218521118
gemma_t10,226262205,51,4.1761860847473145
gemma_t10,226262224,51,2.3433988094329834
gemma_t10,226262227,51,2.558391571044922
gemma_t10,226262252,51,2.4209232330322266
gemma_t10,226262263,51,2.344480514526367
gemma_t10,226262266,51,2.7134509086608887
gemma_t10,226262283,51,3.198075294494629
gemma_t10,226262284,51,2.2312519550323486
gemma_t10,226262316,51,3.353940725326538
gemma_t10,226262325,51,2.0150561332702637
gemma_t10,226262344,51,2.1875391006469727
gemma_t10,226262349,51,2.7465624809265137
gemma_t10,226262425,51,2.537165403366089
gemma_t10,226278099,51,2.082606315612793
gemma_t10,226281376,51,2.489691734313965
gemma_t10,226281660,51,3.5279600620269775
gemma_t10,226283452,51,1.7405478954315186
gemma_t10,226283533,51,3.0232532024383545
gemma_t10,226283593,51,3.136996030807495
gemma_t10,226283779,51,2.382002830505371
gemma_t10,226283839,51,4.146790981292725
gemma_t10,226283910,51,3.6980159282684326
gemma_t10,226283984,51,2.098057270050049
gemma_t10,226284018,51,3.0405313968658447
gemma_t10,227230267,51,1.9944801330566406
gemma_t10,227230896,51,2.36452579498291
gemma_t10,227231059,51,3.38386607170105
gemma_t10,227231123,51,3.029986619949341
gemma_t10,227231240,51,2.684128761291504
gemma_t10,227231454,51,2.9341928958892822
gemma_t10,227231541,51,2.0331413745880127
gemma_t10,227231632,51,3.0580174922943115
gemma_t10,227231689,51,2.3389017581939697
gemma_t10,227255526,51,2.9382619857788086
gemma_t10,227745074,51,3.442222833633423
gemma_t10,227840539,51,1.9579797983169556
gemma_t10,229152766,51,3.6644535064697266
gemma_t10,229363636,51,4.339853763580322
gemma_t10,229365667,51,2.419527292251587
gemma_t10,229365773,51,2.9069197177886963
gemma_t10,229365839,51,2.9324707984924316
gemma_t10,229371560,51,2.308583974838257
gemma_t10,229376913,51,3.2761595249176025
gemma_t10,229376920,51,3.9859423637390137
gemma_t10,229679941,51,3.669489860534668
gemma_t10,229923069,51,1.8597930669784546
gemma_t10,229923118,51,3.097177505493164
gemma_t10,229923196,51,3.7353262901306152
gemma_t10,229923207,51,2.901013135910034
gemma_t10,229923220,51,3.2978224754333496
gemma_t10,229923438,51,2.6283528804779053
gemma_t10,229923538,51,2.5113930702209473
gemma_t10,229923551,51,3.360281467437744
gemma_t10,229923747,51,2.7848243713378906
gemma_t10,229923749,51,2.976261615753174
gemma_t10,229923903,51,2.613255023956299
gemma_t10,229924005,51,2.4297680854797363
gemma_t10,229924184,51,2.5006089210510254
gemma_t10,229924220,51,2.824248790740967
gemma_t10,229924402,51,3.9449284076690674
gemma_t10,230119728,51,2.044750213623047
gemma_t10,230433978,51,2.936739683151245
gemma_t10,230434014,51,3.5515544414520264
gemma_t10,230437591,51,2.839731216430664
gemma_t10,230437613,51,2.6878421306610107
gemma_t10,230438816,51,3.0652754306793213
gemma_t10,231572779,51,2.0961930751800537
gemma_t10,231592914,51,3.268319845199585
gemma_t10,231648372,51,3.72926926612854
gemma_t10,231698419,51,2.1602418422698975
gemma_t10,231698657,51,2.800784111022949
gemma_t10,231704318,51,2.9324803352355957
gemma_t10,231718729,51,2.8876960277557373
gemma_t10,231719525,51,2.8898892402648926
gemma_t10,231740666,51,2.7336831092834473
gemma_t10,231749968,51,2.462872266769409
gemma_t10,231750020,51,1.8151267766952515
gemma_t10,231879840,51,1.8406883478164673
gemma_t10,231951460,51,2.900496482849121
gemma_t10,232147874,51,3.6188018321990967
gemma_t10,232185112,51,2.871652841567993
gemma_t10,232185275,51,2.773390531539917
gemma_t10,232185425,51,1.7309280633926392
gemma_t10,232185439,51,2.4868295192718506
gemma_t10,232222189,51,2.7003989219665527
gemma_t10,232233408,51,3.900120735168457
gemma_t10,232233599,51,2.4051685333251953
gemma_t10,232240181,51,3.074895143508911
gemma_t10,232257699,51,2.848618268966675
gemma_t10,232307006,51,2.364219903945923
gemma_t10,232307434,51,2.3782453536987305
gemma_t10,232307483,51,2.6997148990631104
gemma_t10,232335602,51,4.005074977874756
gemma_t10,232335863,51,2.5088467597961426
gemma_t10,232404131,51,2.3479485511779785
gemma_t10,232478685,51,2.3523123264312744
gemma_t10,233004708,51,2.3101806640625
gemma_t10,233033916,51,3.3523807525634766
gemma_t10,233189542,51,4.405833721160889
gemma_t10,233189569,51,2.6149301528930664
gemma_t10,233204406,51,2.6252565383911133
gemma_t10,233209848,51,2.0224976539611816
gemma_t10,233210110,51,3.9679698944091797
gemma_t10,233210195,51,2.846057176589966
gemma_t10,233210199,51,2.8650503158569336
gemma_t10,233210367,51,2.126101016998291
gemma_t10,233210556,51,2.637256622314453
gemma_t10,233219387,51,2.669546365737915
gemma_t10,233219395,51,2.05791974067688
gemma_t10,233219660,51,3.071199417114258
gemma_t10,233219933,51,2.709641218185425
gemma_t10,233231453,51,3.356433629989624
gemma_t10,233231592,51,3.3025200366973877
gemma_t10,233240744,51,2.358008861541748
gemma_t10,233240759,51,2.5783188343048096
gemma_t10,233240823,51,2.900716781616211
gemma_t10,233241004,51,2.568471908569336
gemma_t10,233241070,51,2.8705053329467773
gemma_t10,233241169,51,3.660287380218506
gemma_t10,233289620,51,2.943770408630371
gemma_t10,233289621,51,2.156310558319092
gemma_t10,233289750,51,3.2419180870056152
gemma_t10,233296168,51,3.047271728515625
gemma_t10,233296182,51,3.0138609409332275
gemma_t10,233296487,51,3.369187355041504
gemma_t10,233296511,51,3.0626590251922607
gemma_t10,233296655,51,3.2881956100463867
gemma_t10,233296689,51,3.11491060256958
gemma_t10,233296709,51,2.397918224334717
gemma_t10,233296775,51,2.4552700519561768
gemma_t10,233297024,51,3.205740213394165
gemma_t10,233304563,51,1.6528475284576416
gemma_t10,233324564,51,3.4787981510162354
gemma_t10,233365172,51,2.804520606994629
gemma_t10,233365339,51,2.9576120376586914
gemma_t10,233423658,51,1.9065033197402954
gemma_t10,233444226,51,3.2769455909729004
gemma_t10,233481097,51,3.445948839187622
gemma_t10,233864627,51,4.725838661193848
gemma_t10,234334712,51,2.286121129989624
gemma_t10,234335834,51,3.3213672637939453
gemma_t10,234337605,51,4.039099216461182
gemma_t10,234341137,51,4.020341873168945
gemma_t10,234469638,51,2.150325298309326
gemma_t10,234469858,51,4.1429924964904785
gemma_t10,234679287,51,2.1654484272003174
gemma_t10,234679391,51,2.5976200103759766
gemma_t10,234681504,51,3.1456127166748047
gemma_t10,234741719,51,3.88423228263855
gemma_t10,234762936,51,3.9814696311950684
gemma_t10,234763248,51,2.6732871532440186
gemma_t10,234778136,51,2.2090232372283936
gemma_t10,234790219,51,2.6453042030334473
gemma_t10,235097275,51,2.047940969467163
gemma_t10,235097294,51,3.356218099594116
gemma_t10,235097313,51,2.9350180625915527
gemma_t10,235097561,51,2.4305813312530518
gemma_t10,235097625,51,2.7879092693328857
gemma_t10,235097662,51,2.0928022861480713
gemma_t10,235125628,51,2.4717512130737305
gemma_t10,235166279,51,3.4982376098632812
gemma_t10,235166395,51,2.902796506881714
gemma_t10,235166497,51,3.23887300491333
gemma_t10,235187032,51,2.328322410583496
gemma_t10,235196029,51,2.947392463684082
gemma_t10,235196067,51,2.7083895206451416
gemma_t10,235212088,51,2.5995097160339355
gemma_t10,235248187,51,2.1889259815216064
gemma_t10,235253782,51,2.5786569118499756
gemma_t10,235253912,51,2.1835670471191406
gemma_t10,235254048,51,2.1222615242004395
gemma_t10,235254574,51,2.204190731048584
gemma_t10,235254732,51,2.8412580490112305
gemma_t10,235254796,51,2.3336527347564697
gemma_t10,235265858,51,2.3920645713806152
gemma_t10,235266233,51,2.681447744369507
gemma_t10,235266322,51,3.864750862121582
gemma_t10,235266324,51,3.0421900749206543
gemma_t10,235293739,51,2.6693506240844727
gemma_t10,235293774,51,2.434192180633545
gemma_t10,235293802,51,2.4168217182159424
gemma_t10,235293967,51,3.0260539054870605
gemma_t10,235294002,51,4.3802080154418945
gemma_t10,235294081,51,2.6095869541168213
gemma_t10,235294296,51,3.3399016857147217
gemma_t10,235313431,51,3.0035717487335205
gemma_t10,235313469,51,2.483666181564331
gemma_t10,235313508,51,2.106416702270508
gemma_t10,235313546,51,2.087022066116333
gemma_t10,235313658,51,2.6601366996765137
gemma_t10,235313785,51,3.2343242168426514
gemma_t10,235313788,51,2.6637275218963623
gemma_t10,235313818,51,2.1079306602478027
gemma_t10,235313879,51,3.272911787033081
gemma_t10,235313916,51,3.3657474517822266
gemma_t10,235313996,51,3.0840048789978027
gemma_t10,235352646,51,2.9239165782928467
gemma_t10,235358130,51,3.0592827796936035
gemma_t10,235358897,51,3.029834270477295
gemma_t10,235358955,51,2.496755599975586
gemma_t10,235359141,51,3.5395350456237793
gemma_t10,235364002,51,1.858936071395874
gemma_t10,235364036,51,3.1366612911224365
gemma_t10,235367681,51,2.7120790481567383
gemma_t10,235368202,51,1.774210810661316
gemma_t10,235390503,51,2.1517672538757324
gemma_t10,235391043,51,2.6747066974639893
gemma_t10,235415270,51,4.044626235961914
gemma_t10,235417102,51,3.0509235858917236
gemma_t10,235417177,51,2.4068946838378906
gemma_t10,235417503,51,3.594745397567749
gemma_t10,235422047,51,2.8063459396362305
gemma_t10,235433328,51,2.2477455139160156
gemma_t10,235446895,51,2.0825119018554688
gemma_t10,235457983,51,1.7456392049789429
gemma_t10,235458570,51,2.5098936557769775
gemma_t10,235458620,51,2.6743669509887695
gemma_t10,235458643,51,3.73730731010437
gemma_t10,235485451,51,2.7363245487213135
gemma_t10,235490087,51,3.586196184158325
gemma_t10,235652287,51,2.9621238708496094
gemma_t10,235669861,51,2.605308771133423
gemma_t10,235683062,51,3.3960070610046387
gemma_t10,235683485,51,2.8983476161956787
gemma_t10,235694265,51,3.904332399368286
gemma_t10,235720578,51,3.3152616024017334
gemma_t10,235794968,51,2.585358142852783
gemma_t10,235795670,51,2.590341806411743
gemma_t10,235828923,51,2.45566463470459
gemma_t10,235828943,51,1.6713584661483765
gemma_t10,235898896,51,2.86421275138855
gemma_t10,236087808,51,3.122274398803711
gemma_t10,236171157,51,3.403806447982788
gemma_t10,236428724,51,1.877949595451355
gemma_t10,236428961,51,2.408672571182251
gemma_t10,236459819,51,2.538508653640747
gemma_t10,236459826,51,3.018399238586426
gemma_t10,236459873,51,2.3829774856567383
gemma_t10,236459933,51,2.977954149246216
gemma_t10,236459946,51,2.1939594745635986
gemma_t10,236459953,51,3.6584253311157227
gemma_t10,236460001,51,3.334109306335449
gemma_t10,236460053,51,3.4319427013397217
gemma_t10,236460056,51,3.2454652786254883
gemma_t10,236460087,51,2.0799100399017334
gemma_t10,236460102,51,3.2986690998077393
gemma_t10,236460230,51,2.0188419818878174
gemma_t10,236460239,51,3.4997591972351074
gemma_t10,236460257,51,2.424699544906616
gemma_t10,236460275,51,3.5734076499938965
gemma_t10,236460302,51,3.466864585876465
gemma_t10,236460322,51,2.407418966293335
gemma_t10,236477365,51,2.3733644485473633
gemma_t10,236477682,51,3.052000045776367
gemma_t10,236477844,51,3.3395848274230957
gemma_t10,236477909,51,2.2238733768463135
gemma_t10,236478188,51,2.786264181137085
gemma_t10,236478383,51,2.9047069549560547
gemma_t10,236912915,51,3.963900566101074
gemma_t10,236924832,51,2.8828248977661133
gemma_t10,236956577,51,3.104797601699829
gemma_t10,237091377,51,2.021106243133545
gemma_t10,237213465,51,2.0436911582946777
gemma_t10,237251782,51,3.3864004611968994
gemma_t10,237263305,51,3.557877540588379
gemma_t10,237304047,51,3.0034432411193848
gemma_t10,237304067,51,2.7941579818725586
gemma_t10,237304520,51,2.171144723892212
gemma_t10,237346893,51,3.602541923522949
gemma_t10,237346897,51,4.1441874504089355
gemma_t10,237347122,51,2.3107428550720215
gemma_t10,237353665,51,2.4004058837890625
gemma_t10,237365058,51,2.447197914123535
gemma_t10,237386676,51,2.052903175354004
gemma_t10,237416760,51,2.9205942153930664
gemma_t10,237420398,51,2.0688061714172363
gemma_t10,237420821,51,2.2842483520507812
gemma_t10,237421373,51,3.5424110889434814
gemma_t10,237431340,51,4.819801330566406
gemma_t10,237433655,51,2.753901243209839
gemma_t10,237439400,51,2.4569313526153564
gemma_t10,237440319,51,2.1308510303497314
gemma_t10,237442211,51,3.727853775024414
gemma_t10,237442331,51,5.141368865966797
gemma_t10,237452184,51,3.3896210193634033
gemma_t10,237452236,51,2.7375435829162598
gemma_t10,237453242,51,2.1405231952667236
gemma_t10,237453543,51,2.6116909980773926
gemma_t10,237453590,51,2.2024128437042236
gemma_t10,237454564,51,2.5512619018554688
gemma_t10,237485098,51,2.6542885303497314
gemma_t10,237485454,51,2.417099714279175
gemma_t10,237485472,51,3.009413480758667
gemma_t10,237485586,51,2.899967670440674
gemma_t10,237490811,51,3.1102025508880615
gemma_t10,237491053,51,3.12599778175354
gemma_t10,237491444,51,2.3790032863616943
gemma_t10,237491751,51,3.400062084197998
gemma_t10,237492043,51,2.201084852218628
gemma_t10,237492197,51,3.204414129257202
gemma_t10,237500283,51,2.644561767578125
gemma_t10,237504105,51,2.13081955909729
gemma_t10,237507028,51,5.728057861328125
gemma_t10,237513360,51,2.4520227909088135
gemma_t10,237532321,51,2.095263957977295
gemma_t10,237532404,51,2.385268449783325
gemma_t10,237561567,51,3.0415964126586914
gemma_t10,237562875,51,2.487543821334839
gemma_t10,237562927,51,4.093875408172607
gemma_t10,237568724,51,3.651790142059326
gemma_t10,237571370,51,1.7238268852233887
gemma_t10,237571691,51,2.6889491081237793
gemma_t10,237572304,51,3.3517837524414062
gemma_t10,237581068,51,2.1388425827026367
gemma_t10,237698810,51,3.328463077545166
gemma_t10,237940082,51,2.9513347148895264
gemma_t10,237940206,51,4.1615681648254395
gemma_t10,237940558,51,2.4966297149658203
gemma_t10,238198104,51,2.3358314037323
gemma_t10,238198383,51,3.6871416568756104
gemma_t10,238226978,51,2.958850622177124
gemma_t10,238259221,51,2.1381022930145264
gemma_t10,238259403,51,2.880654811859131
gemma_t10,238634750,51,3.534381151199341
gemma_t10,238744497,51,2.238947868347168
gemma_t10,238856828,51,2.5803496837615967
gemma_t10,238856900,51,2.7007412910461426
gemma_t10,238857078,51,2.084355354309082
gemma_t10,238857121,51,3.964388132095337
gemma_t10,238857301,51,3.7945163249969482
gemma_t10,238857304,51,3.712355852127075
gemma_t10,239009558,51,3.0855705738067627
gemma_t10,239009606,51,2.7568624019622803
gemma_t10,239015827,51,2.7292702198028564
gemma_t10,239015946,51,3.2623276710510254
gemma_t10,239016123,51,3.8892526626586914
gemma_t10,239016717,51,1.704456090927124
gemma_t10,239016893,51,2.5276081562042236
gemma_t10,239049842,51,2.5726685523986816
gemma_t10,240225648,51,2.517957925796509
gemma_t10,240288892,51,3.473724603652954
gemma_t10,241032941,51,2.719141960144043
gemma_t10,241033259,51,4.124739170074463
gemma_t10,241583340,51,3.5937726497650146
gemma_t10,241583576,51,1.8261219263076782
gemma_t10,243865127,51,2.5487210750579834
gemma_t10,243865204,51,2.6459593772888184
gemma_t10,243865235,51,2.8656184673309326
gemma_t10,243865296,51,2.334441900253296
gemma_t10,243865314,51,2.032266616821289
gemma_t10,243865355,51,2.9509127140045166
gemma_t10,243865391,51,3.255916118621826
gemma_t10,243865395,51,2.735880136489868
gemma_t10,243865399,51,4.257976531982422
gemma_t10,244117167,51,2.658015012741089
gemma_t10,244909056,51,3.0401713848114014
gemma_t10,245124270,51,2.318753957748413
gemma_t10,245130931,51,4.710026741027832
gemma_t10,245131402,51,2.839158773422241
gemma_t10,245144752,51,2.7101104259490967
gemma_t10,245218563,51,2.43188738822937
gemma_t10,245218671,51,4.10549259185791
gemma_t10,245218982,51,2.681854486465454
gemma_t10,245219268,51,2.964461088180542
gemma_t10,245219282,51,3.5926921367645264
gemma_t10,245334784,51,2.168569564819336
gemma_t10,245836939,51,3.551948308944702
gemma_t10,245853756,51,2.132615566253662
gemma_t10,245855870,51,2.6163692474365234
gemma_t10,246016271,51,3.2210710048675537
gemma_t10,246017095,51,2.612727403640747
gemma_t10,246063436,51,1.930534839630127
gemma_t10,246867373,51,2.531613826751709
gemma_t10,247158838,51,3.607776641845703
gemma_t10,247159046,51,2.27329158782959
gemma_t10,247187588,51,3.0956430435180664
gemma_t10,247222710,51,2.878506660461426
gemma_t10,247291740,51,2.3812966346740723
gemma_t10,247315166,51,2.8545095920562744
gemma_t10,247315260,51,2.2920923233032227
gemma_t10,247362971,51,2.2852790355682373
gemma_t10,247411350,51,2.616419553756714
gemma_t10,247446572,51,2.6995277404785156
gemma_t10,247446894,51,2.232398748397827
gemma_t10,247447662,51,3.2051355838775635
gemma_t10,247450580,51,1.817588210105896
gemma_t10,247450969,51,3.409520387649536
gemma_t10,247451025,51,1.9602439403533936
gemma_t10,247451243,51,2.386683225631714
gemma_t10,247475919,51,5.125255584716797
gemma_t10,247518984,51,2.4200174808502197
gemma_t10,247519084,51,3.357395887374878
gemma_t10,247593812,51,2.4169235229492188
gemma_t10,247594302,51,4.112921237945557
gemma_t10,247594716,51,2.1672472953796387
gemma_t10,247594869,51,2.0887269973754883
gemma_t10,247595094,51,2.8707337379455566
gemma_t10,247595225,51,2.584684133529663
gemma_t10,247596835,51,2.998004913330078
gemma_t10,247748640,51,2.494135618209839
gemma_t10,247748753,51,3.052976369857788
gemma_t10,247748809,51,4.487272262573242
gemma_t10,247762948,51,2.425898551940918
gemma_t10,247792843,51,3.417759418487549
gemma_t10,247849293,51,2.893770694732666
gemma_t10,247958465,51,3.5853896141052246
gemma_t10,248069378,51,2.8133461475372314
gemma_t10,248085045,51,3.2035632133483887
gemma_t10,248118588,51,2.2715370655059814
gemma_t10,248118703,51,2.0976955890655518
gemma_t10,248157348,51,3.0064921379089355
gemma_t10,248227577,51,2.6488664150238037
gemma_t10,248227660,51,2.6470229625701904
gemma_t10,248239933,51,1.995773196220398
gemma_t10,248377325,51,3.3613648414611816
gemma_t10,248377585,51,2.0412230491638184
gemma_t10,248406097,51,2.5541329383850098
gemma_t10,248427016,51,2.016787052154541
gemma_t10,248476156,51,2.1564462184906006
gemma_t10,248512779,51,2.7680068016052246
gemma_t10,248524999,51,3.878389596939087
gemma_t10,248721950,51,2.4317729473114014
gemma_t10,248779865,51,4.685469150543213
gemma_t10,248780015,51,2.919543504714966
gemma_t10,248780118,51,2.3830225467681885
gemma_t10,248780173,51,2.4581825733184814
gemma_t10,248780372,51,2.1207475662231445
gemma_t10,248780440,51,3.093843460083008
gemma_t10,248780469,51,2.559277057647705
gemma_t10,248780517,51,1.8240622282028198
gemma_t10,248811704,51,2.4994897842407227
gemma_t10,248888019,51,1.9999076128005981
gemma_t10,248962000,51,1.9312702417373657
gemma_t10,248987526,51,4.886155128479004
gemma_t10,249062699,51,2.9360179901123047
gemma_t10,249062866,51,3.074882745742798
gemma_t10,249151979,51,2.273878574371338
gemma_t10,249172784,51,2.027045249938965
gemma_t10,249209909,51,1.8163613080978394
gemma_t10,249240598,51,2.809748649597168
gemma_t10,249687727,51,3.8188350200653076
gemma_t10,250311114,51,3.5659899711608887
gemma_t10,250390839,51,1.817746639251709
gemma_t10,250390923,51,2.3118999004364014
gemma_t10,251765463,51,2.9194889068603516
gemma_t10,252089779,51,2.168087959289551
gemma_t10,252439211,51,2.4500985145568848
gemma_t10,252693442,51,2.1767678260803223
gemma_t10,252735160,51,3.2809970378875732
gemma_t10,252735212,51,3.0721023082733154
gemma_t10,252762414,51,2.50341796875
gemma_t10,252780775,51,2.536545991897583
gemma_t10,252815378,51,2.529841423034668
gemma_t10,252846273,51,2.7652721405029297
gemma_t10,252873593,51,3.072824478149414
gemma_t10,252907428,51,3.1436707973480225
gemma_t10,252967945,51,2.950547456741333
gemma_t10,252992571,51,2.4950196743011475
gemma_t10,253018348,51,1.951551079750061
gemma_t10,253097741,51,3.0060791969299316
gemma_t10,253098632,51,2.1937525272369385
gemma_t10,253107167,51,2.1040217876434326
gemma_t10,253157899,51,2.4276559352874756
gemma_t10,253224433,51,2.990457057952881
gemma_t10,253237701,51,2.8740248680114746
gemma_t10,253244049,51,3.698862314224243
gemma_t10,253420743,51,3.8429410457611084
gemma_t10,253447251,51,1.9401450157165527
gemma_t10,253510953,51,2.4756622314453125
gemma_t10,253735139,51,2.388655185699463
gemma_t10,253762071,51,2.6303048133850098
gemma_t10,254275120,51,2.1537179946899414
gemma_t10,254591242,51,4.499180793762207
gemma_t10,254686088,51,2.419719696044922
gemma_t10,254823156,51,2.319009304046631
gemma_t10,254854009,51,1.9838578701019287
gemma_t10,254854257,51,2.423353672027588
gemma_t10,254854495,51,3.9750571250915527
gemma_t10,254877229,51,2.8568813800811768
gemma_t10,254877371,51,2.8334758281707764
gemma_t10,254877569,51,3.2077834606170654
gemma_t10,254877590,51,3.761629343032837
gemma_t10,256461033,51,3.0114784240722656
gemma_t10,257365015,51,2.841696262359619
gemma_t10,257833897,51,3.081063747406006
gemma_t10,258352678,51,3.439865827560425
gemma_t10,258378275,51,2.672412872314453
gemma_t10,258480165,51,2.9527909755706787
gemma_t10,258547173,51,4.041217803955078
gemma_t10,258762343,51,2.81377911567688
gemma_t10,258822870,51,3.663587808609009
gemma_t10,258832427,51,2.8193795680999756
gemma_t10,258865558,51,2.5049381256103516
gemma_t10,258887946,51,2.644061326980591
gemma_t10,258947457,51,2.5764262676239014
gemma_t10,258967265,51,3.1050307750701904
gemma_t10,259251773,51,3.31136417388916
gemma_t10,259370700,51,3.574777603149414
gemma_t10,259370817,51,3.784548044204712
gemma_t10,259370847,51,2.842963457107544
gemma_t10,259847758,51,3.0244672298431396
gemma_t10,260316324,51,2.3586552143096924
gemma_t10,260490640,51,3.682663917541504
gemma_t10,260537993,51,2.887050151824951
gemma_t10,260557571,51,2.9424519538879395
gemma_t10,260704223,51,3.3036868572235107
gemma_t10,261432085,51,2.770578145980835
gemma_t10,263266654,51,3.4735937118530273
gemma_t10,263334529,51,2.3860912322998047
gemma_t10,263610040,51,2.914890766143799
gemma_t10,263797079,51,1.856390357017517
gemma_t10,263797641,51,3.3549880981445312
gemma_t10,263864711,51,3.8564064502716064
gemma_t10,263876556,51,2.1679885387420654
gemma_t10,263877300,51,2.4719865322113037
gemma_t10,263883914,51,1.6035218238830566
gemma_t10,263883936,51,2.6143548488616943
gemma_t10,264147090,51,3.156942129135132
gemma_t10,264591429,51,6.231234550476074
gemma_t10,264719695,51,3.8823182582855225
gemma_t10,265067269,51,2.594525098800659
gemma_t10,265157516,51,3.013575315475464
gemma_t10,265157884,51,3.6558949947357178
gemma_t10,265212821,51,3.9718270301818848
gemma_t10,265221210,51,4.313112258911133
gemma_t10,265607943,51,1.9971033334732056
gemma_t10,265608038,51,2.9901933670043945
gemma_t10,265608057,51,1.6716519594192505
gemma_t10,265962751,51,3.03721284866333
gemma_t10,268357635,51,3.247596025466919
gemma_t05,543,51,1.8999218940734863
gemma_t05,1105,51,2.392425775527954
gemma_t05,1587,51,1.863329291343689
gemma_t05,17355,51,1.918135643005371
gemma_t05,20744,51,1.9386916160583496
gemma_t05,39011,51,2.077028274536133
gemma_t05,41263,51,2.1687216758728027
gemma_t05,61274,51,2.435455799102783
gemma_t05,89639,51,3.274057388305664
gemma_t05,92327,51,2.398521661758423
gemma_t05,94285,51,2.343258857727051
gemma_t05,96824,51,2.050990581512451
gemma_t05,106054,51,2.710775375366211
gemma_t05,115174,51,3.270071029663086
gemma_t05,122829,51,2.0101001262664795
gemma_t05,126584,51,2.173994541168213
gemma_t05,133195,51,2.5280990600585938
gemma_t05,138716,51,1.8173409700393677
gemma_t05,139787,51,1.852055549621582
gemma_t05,141282,51,2.293659210205078
gemma_t05,142368,51,1.9642119407653809
gemma_t05,146843,51,2.7240471839904785
gemma_t05,151184,51,2.2701592445373535
gemma_t05,162169,51,1.5733577013015747
gemma_t05,173611,51,2.2815282344818115
gemma_t05,203279,51,1.979862093925476
gemma_t05,207468,51,1.9952369928359985
gemma_t05,217895,51,2.082857608795166
gemma_t05,220553,51,2.0465619564056396
gemma_t05,223637,51,2.071429967880249
gemma_t05,230735,51,2.0250532627105713
gemma_t05,235645,51,1.7668181657791138
gemma_t05,247735,51,2.2307181358337402
gemma_t05,256149,51,1.8305256366729736
gemma_t05,259144,51,2.511498212814331
gemma_t05,306227,51,2.8463826179504395
gemma_t05,326903,51,2.4774169921875
gemma_t05,337390,51,2.463151216506958
gemma_t05,338760,51,2.6702420711517334
gemma_t05,340852,51,2.268249750137329
gemma_t05,384520,51,2.098454475402832
gemma_t05,406026,51,2.5902836322784424
gemma_t05,414569,51,2.9194583892822266
gemma_t05,437687,51,2.4343719482421875
gemma_t05,441563,51,2.432988166809082
gemma_t05,472478,51,2.0716564655303955
gemma_t05,497108,51,2.222027540206909
gemma_t05,524450,51,2.5343852043151855
gemma_t05,557620,51,1.8814735412597656
gemma_t05,560565,51,1.7996560335159302
gemma_t05,574574,51,2.2871081829071045
gemma_t05,577805,51,2.141345739364624
gemma_t05,600412,51,3.6346538066864014
gemma_t05,605706,51,2.5820021629333496
gemma_t05,617993,51,4.1829352378845215
gemma_t05,630188,51,2.1051125526428223
gemma_t05,631855,51,1.7479040622711182
gemma_t05,652921,51,2.0273194313049316
gemma_t05,687037,51,2.670180320739746
gemma_t05,696805,51,2.399933099746704
gemma_t05,725590,51,2.0928306579589844
gemma_t05,744471,51,1.7952436208724976
gemma_t05,747342,51,2.123664617538452
gemma_t05,767485,51,1.9050142765045166
gemma_t05,836219,51,3.1588282585144043
gemma_t05,842881,51,3.84836483001709
gemma_t05,845121,51,1.8611520528793335
gemma_t05,857321,51,1.760308027267456
gemma_t05,862713,51,2.1778817176818848
gemma_t05,870211,51,1.723629117012024
gemma_t05,881437,51,2.012605905532837
gemma_t05,905565,51,3.2155559062957764
gemma_t05,930231,51,2.12439227104187
gemma_t05,931054,51,2.1219820976257324
gemma_t05,940795,51,2.2940425872802734
gemma_t05,950358,51,1.8126275539398193
gemma_t05,955518,51,1.9633948802947998
gemma_t05,969555,51,2.5273964405059814
gemma_t05,989439,51,2.0089569091796875
gemma_t05,1040556,51,2.1207163333892822
gemma_t05,1044865,51,1.865199327468872
gemma_t05,1066490,51,1.8672120571136475
gemma_t05,1077383,51,3.542834997177124
gemma_t05,1104123,51,2.242774486541748
gemma_t05,1117579,51,3.082096576690674
gemma_t05,1125916,51,2.8047633171081543
gemma_t05,1137329,51,1.6227959394454956
gemma_t05,1139225,51,2.192469835281372
gemma_t05,1139492,51,2.6741697788238525
gemma_t05,1234375,51,2.4730827808380127
gemma_t05,1240016,51,1.8648422956466675
gemma_t05,1254267,51,3.2714202404022217
gemma_t05,1260035,51,2.852222204208374
gemma_t05,1267472,51,2.262521743774414
gemma_t05,1269020,51,2.0998597145080566
gemma_t05,1311547,51,1.7763700485229492
gemma_t05,1336493,51,2.3210086822509766
gemma_t05,1356505,51,2.898993492126465
gemma_t05,1389483,51,3.206399440765381
gemma_t05,1434196,51,2.2263665199279785
gemma_t05,1499080,51,1.9094407558441162
gemma_t05,1508909,51,1.8499386310577393
gemma_t05,1511192,51,1.9129372835159302
gemma_t05,1541076,51,3.2409539222717285
gemma_t05,1553193,51,2.5835816860198975
gemma_t05,1563223,51,3.4294075965881348
gemma_t05,1564278,51,2.2985787391662598
gemma_t05,1567400,51,2.0390195846557617
gemma_t05,1570443,51,2.2811009883880615
gemma_t05,1642392,51,1.6161525249481201
gemma_t05,1662415,51,3.0723791122436523
gemma_t05,1675452,51,2.7040746212005615
gemma_t05,1689426,51,2.385411500930786
gemma_t05,1707814,51,2.481600761413574
gemma_t05,1762731,51,2.730745315551758
gemma_t05,1766244,51,2.0899715423583984
gemma_t05,1770102,51,3.0503265857696533
gemma_t05,1774259,51,2.4532618522644043
gemma_t05,1828592,51,1.7667828798294067
gemma_t05,1828713,51,3.2783474922180176
gemma_t05,1848109,51,2.4289636611938477
gemma_t05,1854889,51,2.827099561691284
gemma_t05,1862889,51,2.736715793609619
gemma_t05,1880070,51,2.3415541648864746
gemma_t05,1919756,51,2.8367176055908203
gemma_t05,1929239,51,3.4945969581604004
gemma_t05,1966079,51,2.843083620071411
gemma_t05,1969767,51,3.0579745769500732
gemma_t05,1992250,51,1.9551364183425903
gemma_t05,2012188,51,1.822614312171936
gemma_t05,2021980,51,1.8709381818771362
gemma_t05,2061169,51,1.7435578107833862
gemma_t05,2061341,51,2.9683706760406494
gemma_t05,2131938,51,2.3568215370178223
gemma_t05,2140766,51,2.3471224308013916
gemma_t05,2146847,51,1.9814285039901733
gemma_t05,2159818,51,2.454728126525879
gemma_t05,2162648,51,2.8443994522094727
gemma_t05,2162860,51,1.618897795677185
gemma_t05,2201909,51,2.427515745162964
gemma_t05,2204603,51,2.179654598236084
gemma_t05,2204967,51,1.7773820161819458
gemma_t05,2213896,51,2.0541372299194336
gemma_t05,2216180,51,2.4883639812469482
gemma_t05,2228719,51,2.151864767074585
gemma_t05,2233498,51,2.3107502460479736
gemma_t05,2250656,51,2.1398534774780273
gemma_t05,2267179,51,1.7347055673599243
gemma_t05,2271146,51,2.180408239364624
gemma_t05,2302492,51,2.529559850692749
gemma_t05,2303379,51,2.142982244491577
gemma_t05,2317858,51,2.284087896347046
gemma_t05,2318481,51,2.044372320175171
gemma_t05,2325074,51,2.232377529144287
gemma_t05,2334067,51,2.050769329071045
gemma_t05,2367456,51,1.927584171295166
gemma_t05,2380086,51,2.4354114532470703
gemma_t05,2390655,51,2.5147364139556885
gemma_t05,2418468,51,2.333731174468994
gemma_t05,2425494,51,2.2591514587402344
gemma_t05,2426309,51,2.6166303157806396
gemma_t05,2434362,51,2.6513776779174805
gemma_t05,2454882,51,1.6911497116088867
gemma_t05,2493033,51,2.3689374923706055
gemma_t05,2496355,51,2.419172763824463
gemma_t05,2556949,51,2.7361485958099365
gemma_t05,2574224,51,2.109290838241577
gemma_t05,2592133,51,3.675042152404785
gemma_t05,2593903,51,2.3888638019561768
gemma_t05,2597568,51,1.769174337387085
gemma_t05,2623009,51,2.0773372650146484
gemma_t05,2625301,51,1.7412282228469849
gemma_t05,2654931,51,2.8089911937713623
gemma_t05,2717698,51,2.5700669288635254
gemma_t05,2742513,51,2.2688369750976562
gemma_t05,2760254,51,1.705015778541565
gemma_t05,2782776,51,2.526618242263794
gemma_t05,2783746,51,2.5058460235595703
gemma_t05,2790679,51,3.2246885299682617
gemma_t05,2797612,51,2.0688838958740234
gemma_t05,2812117,51,2.3841495513916016
gemma_t05,2816661,51,3.325409412384033
gemma_t05,2820782,51,3.917025327682495
gemma_t05,2839348,51,2.4125914573669434
gemma_t05,2844066,51,1.7690849304199219
gemma_t05,2867243,51,1.5772277116775513
gemma_t05,2868247,51,1.8316303491592407
gemma_t05,2882092,51,3.002302646636963
gemma_t05,2887257,51,2.753995656967163
gemma_t05,2897037,51,2.7196743488311768
gemma_t05,2905151,51,1.5343594551086426
gemma_t05,2937095,51,2.9288113117218018
gemma_t05,2944650,51,2.7725296020507812
gemma_t05,2948298,51,2.4102776050567627
gemma_t05,2952144,51,1.7509552240371704
gemma_t05,2973141,51,1.91033935546875
gemma_t05,2986205,51,1.8202908039093018
gemma_t05,2990483,51,1.6770377159118652
gemma_t05,3016990,51,1.9714570045471191
gemma_t05,3033303,51,2.3489277362823486
gemma_t05,3051772,51,2.2174973487854004
gemma_t05,3063394,51,1.5036425590515137
gemma_t05,3065236,51,2.24466609954834
gemma_t05,3083231,51,2.333387613296509
gemma_t05,3089175,51,2.0077943801879883
gemma_t05,3101865,51,2.995116710662842
gemma_t05,3127682,51,2.1601552963256836
gemma_t05,3130692,51,2.2005655765533447
gemma_t05,3132651,51,4.449857711791992
gemma_t05,3144258,51,2.4268736839294434
gemma_t05,3160937,51,1.948687195777893
gemma_t05,3202289,51,2.482948064804077
gemma_t05,3221856,51,1.9315159320831299
gemma_t05,3222040,51,2.5836691856384277
gemma_t05,3257353,51,3.196523427963257
gemma_t05,3262717,51,2.0673444271087646
gemma_t05,3265924,51,2.70414137840271
gemma_t05,3274110,51,2.942763090133667
gemma_t05,3278107,51,2.8337745666503906
gemma_t05,3282953,51,2.488743782043457
gemma_t05,3291104,51,1.9081581830978394
gemma_t05,3295641,51,2.4685580730438232
gemma_t05,3351788,51,1.9622373580932617
gemma_t05,3401524,51,2.0756137371063232
gemma_t05,3413244,51,2.1829988956451416
gemma_t05,3426453,51,2.287418842315674
gemma_t05,3438497,51,3.007758855819702
gemma_t05,3504755,51,2.110434055328369
gemma_t05,3510042,51,1.7245193719863892
gemma_t05,3514435,51,2.0449154376983643
gemma_t05,3526062,51,1.6061493158340454
gemma_t05,3526501,51,2.5204617977142334
gemma_t05,3527244,51,2.2158701419830322
gemma_t05,3527842,51,2.1996982097625732
gemma_t05,3536005,51,2.5929434299468994
gemma_t05,3555187,51,2.102651357650757
gemma_t05,3565485,51,2.0110890865325928
gemma_t05,3576631,51,2.177583694458008
gemma_t05,3598758,51,2.137373685836792
gemma_t05,3623373,51,2.6412532329559326
gemma_t05,3641676,51,2.6625490188598633
gemma_t05,3656086,51,2.0527455806732178
gemma_t05,3662564,51,2.2581138610839844
gemma_t05,3666937,51,1.9342420101165771
gemma_t05,3677429,51,2.2239956855773926
gemma_t05,3718988,51,1.822881817817688
gemma_t05,3792324,51,2.0592362880706787
gemma_t05,3806582,51,2.411759853363037
gemma_t05,3882054,51,2.350831985473633
gemma_t05,3896491,51,2.2187137603759766
gemma_t05,3913537,51,3.2643728256225586
gemma_t05,3932228,51,1.8461570739746094
gemma_t05,3933075,51,2.417311429977417
gemma_t05,4248450,51,2.2487704753875732
gemma_t05,4310945,51,2.16902756690979
gemma_t05,4311707,51,2.279623031616211
gemma_t05,4354069,51,1.6430671215057373
gemma_t05,4406182,51,2.457263231277466
gemma_t05,4411469,51,3.7892818450927734
gemma_t05,4460159,51,3.018411636352539
gemma_t05,4547415,51,2.153219699859619
gemma_t05,4588148,51,3.1102733612060547
gemma_t05,4623739,51,1.9052876234054565
gemma_t05,4654482,51,1.9980978965759277
gemma_t05,4698173,51,2.1702866554260254
gemma_t05,4702087,51,2.45198130607605
gemma_t05,4715568,51,1.6944584846496582
gemma_t05,4732544,51,2.494598150253296
gemma_t05,4792796,51,2.5114026069641113
gemma_t05,4829361,51,1.8842394351959229
gemma_t05,4859003,51,2.4614548683166504
gemma_t05,4891749,51,2.0467231273651123
gemma_t05,4894130,51,2.4364120960235596
gemma_t05,4895939,51,1.9157770872116089
gemma_t05,4899062,51,1.9500813484191895
gemma_t05,4929974,51,1.7500007152557373
gemma_t05,4936344,51,1.9765775203704834
gemma_t05,4942335,51,3.0619587898254395
gemma_t05,4948322,51,2.847740650177002
gemma_t05,4953145,51,2.605830430984497
gemma_t05,4956100,51,2.3562257289886475
gemma_t05,4957155,51,1.9518687725067139
gemma_t05,4975368,51,2.436005115509033
gemma_t05,4981128,51,1.9507057666778564
gemma_t05,5001921,51,2.2887516021728516
gemma_t05,5013006,51,2.4241960048675537
gemma_t05,5016370,51,2.194323778152466
gemma_t05,5019682,51,1.9708327054977417
gemma_t05,5020278,51,2.1248958110809326
gemma_t05,5033484,51,4.034599304199219
gemma_t05,5053850,51,2.3945956230163574
gemma_t05,5062433,51,2.435222625732422
gemma_t05,5066019,51,1.7732892036437988
gemma_t05,5068376,51,1.7582367658615112
gemma_t05,5068554,51,1.5655204057693481
gemma_t05,5068596,51,3.0410563945770264
gemma_t05,5071138,51,2.5045931339263916
gemma_t05,5073886,51,1.834259033203125
gemma_t05,5092868,51,2.09338116645813
gemma_t05,5112038,51,2.3272721767425537
gemma_t05,5118729,51,2.606900691986084
gemma_t05,5125975,51,2.455472469329834
gemma_t05,5163433,51,3.804955005645752
gemma_t05,5165773,51,2.870692253112793
gemma_t05,5165854,51,2.554077625274658
gemma_t05,5187426,51,1.9148658514022827
gemma_t05,5191821,51,2.4434621334075928
gemma_t05,5204434,51,2.0804786682128906
gemma_t05,5213476,51,1.9907927513122559
gemma_t05,5234044,51,1.8441452980041504
gemma_t05,5241137,51,3.3326799869537354
gemma_t05,5247929,51,2.6777570247650146
gemma_t05,5252401,51,2.6052396297454834
gemma_t05,5252952,51,2.3251898288726807
gemma_t05,5267356,51,1.7707000970840454
gemma_t05,5403702,51,2.566194772720337
gemma_t05,5410083,51,2.367112636566162
gemma_t05,5462493,51,1.80317223072052
gemma_t05,5509911,51,2.7526988983154297
gemma_t05,5519060,51,2.5703041553497314
gemma_t05,5535381,51,1.7321274280548096
gemma_t05,5557854,51,1.7433358430862427
gemma_t05,5591459,51,2.642777442932129
gemma_t05,5617603,51,2.0270278453826904
gemma_t05,5628616,51,3.3541533946990967
gemma_t05,5632184,51,1.9147416353225708
gemma_t05,5636935,51,2.8863766193389893
gemma_t05,5649853,51,2.3639721870422363
gemma_t05,5673925,51,2.093555212020874
gemma_t05,5729159,51,2.6312053203582764
gemma_t05,5737359,51,1.7936744689941406
gemma_t05,5740960,51,1.95049250125885
gemma_t05,5761781,51,2.29742169380188
gemma_t05,5776384,51,1.617097020149231
gemma_t05,5779419,51,2.121267795562744
gemma_t05,5802667,51,2.4549126625061035
gemma_t05,5815755,51,2.8288509845733643
gemma_t05,5816303,51,2.418656349182129
gemma_t05,5818711,51,2.4298765659332275
gemma_t05,5821457,51,2.5691614151000977
gemma_t05,5825949,51,2.9521851539611816
gemma_t05,5859332,51,1.6667214632034302
gemma_t05,5968971,51,3.3132834434509277
gemma_t05,5993783,51,1.8412435054779053
gemma_t05,6008960,51,2.7920432090759277
gemma_t05,6118285,51,1.5975594520568848
gemma_t05,6157828,51,1.905596137046814
gemma_t05,6183556,51,1.9658719301223755
gemma_t05,6197592,51,2.824215888977051
gemma_t05,6206777,51,1.5871838331222534
gemma_t05,6222768,51,3.0317602157592773
gemma_t05,6235360,51,2.712627649307251
gemma_t05,6237722,51,2.3514914512634277
gemma_t05,6246116,51,3.0721840858459473
gemma_t05,6246996,51,2.0871267318725586
gemma_t05,6249194,51,2.6286768913269043
gemma_t05,6263378,51,2.0047216415405273
gemma_t05,6278207,51,2.2266314029693604
gemma_t05,6311642,51,1.9999964237213135
gemma_t05,6359641,51,2.150587320327759
gemma_t05,6360322,51,3.073256492614746
gemma_t05,6364632,51,1.8162423372268677
gemma_t05,6380915,51,1.8110891580581665
gemma_t05,6397026,51,2.0092673301696777
gemma_t05,6428039,51,2.03861403465271
gemma_t05,6430837,51,2.105073928833008
gemma_t05,6441832,51,2.5448107719421387
gemma_t05,6452487,51,1.5291610956192017
gemma_t05,6453515,51,1.8634819984436035
gemma_t05,6468765,51,2.1005747318267822
gemma_t05,6506243,51,2.002005100250244
gemma_t05,6508854,51,2.3156402111053467
gemma_t05,6529193,51,1.9237338304519653
gemma_t05,6532096,51,2.3167636394500732
gemma_t05,6540287,51,2.6362464427948
gemma_t05,6541910,51,2.2722911834716797
gemma_t05,6551751,51,2.3626794815063477
gemma_t05,6561519,51,1.943273663520813
gemma_t05,6618571,51,3.9827802181243896
gemma_t05,6627923,51,2.1817479133605957
gemma_t05,6660863,51,2.502896547317505
gemma_t05,6666052,51,1.7062305212020874
gemma_t05,6683636,51,1.8915389776229858
gemma_t05,6713076,51,3.641674041748047
gemma_t05,6728280,51,1.7716419696807861
gemma_t05,6737909,51,1.978251576423645
gemma_t05,6772589,51,1.75714910030365
gemma_t05,6797800,51,2.115788459777832
gemma_t05,6803340,51,2.526132345199585
gemma_t05,6879481,51,1.6172926425933838
gemma_t05,6881637,51,2.454814910888672
gemma_t05,6922426,51,1.7851548194885254
gemma_t05,6981674,51,2.1882169246673584
gemma_t05,7013414,51,1.719766616821289
gemma_t05,7074119,51,1.6634820699691772
gemma_t05,7100502,51,2.1510472297668457
gemma_t05,7139779,51,1.7076492309570312
gemma_t05,7146903,51,2.0365183353424072
gemma_t05,7172294,51,2.5486581325531006
gemma_t05,7182393,51,2.4551212787628174
gemma_t05,7197241,51,2.4769744873046875
gemma_t05,7197724,51,2.3815977573394775
gemma_t05,7212585,51,2.5739848613739014
gemma_t05,7218315,51,2.4964711666107178
gemma_t05,7294125,51,1.7571848630905151
gemma_t05,7294316,51,2.924870252609253
gemma_t05,7311195,51,2.730844020843506
gemma_t05,7397938,51,2.010807514190674
gemma_t05,7403346,51,2.1300466060638428
gemma_t05,7410732,51,2.0104427337646484
gemma_t05,7413367,51,1.8101661205291748
gemma_t05,7417943,51,2.020876884460449
gemma_t05,7421176,51,2.031571626663208
gemma_t05,7454072,51,2.7223832607269287
gemma_t05,7473831,51,2.071329116821289
gemma_t05,7475429,51,2.287073850631714
gemma_t05,7490434,51,2.3036060333251953
gemma_t05,7497218,51,2.1792755126953125
gemma_t05,7499734,51,2.1002161502838135
gemma_t05,7516595,51,2.0945630073547363
gemma_t05,7557552,51,2.7682127952575684
gemma_t05,7617879,51,3.9849209785461426
gemma_t05,7658338,51,3.0933682918548584
gemma_t05,7663461,51,3.650614023208618
gemma_t05,7665329,51,1.9496588706970215
gemma_t05,7680936,51,2.110720634460449
gemma_t05,7699280,51,1.874182939529419
gemma_t05,7708374,51,2.524075746536255
gemma_t05,7752968,51,1.9818875789642334
gemma_t05,7785983,51,2.2179648876190186
gemma_t05,7819714,51,2.535170793533325
gemma_t05,7890036,51,3.668534278869629
gemma_t05,7988167,51,1.8426730632781982
gemma_t05,8008954,51,2.122375011444092
gemma_t05,8012781,51,1.5065579414367676
gemma_t05,8021351,51,2.4604218006134033
gemma_t05,8031974,51,1.8773674964904785
gemma_t05,8052901,51,1.8214104175567627
gemma_t05,8066499,51,1.5569392442703247
gemma_t05,8198608,51,2.5452375411987305
gemma_t05,8202418,51,2.735588550567627
gemma_t05,8229552,51,2.3584916591644287
gemma_t05,8280711,51,2.0947303771972656
gemma_t05,8387007,51,1.654651165008545
gemma_t05,8395799,51,1.7070633172988892
gemma_t05,8523995,51,2.095444679260254
gemma_t05,8528301,51,2.181058168411255
gemma_t05,8586038,51,1.9711838960647583
gemma_t05,8677917,51,2.338008403778076
gemma_t05,8723181,51,2.4966495037078857
gemma_t05,8723311,51,1.9308171272277832
gemma_t05,8821211,51,2.5783588886260986
gemma_t05,8940645,51,2.603759288787842
gemma_t05,9124334,51,2.529832124710083
gemma_t05,9134916,51,1.9920856952667236
gemma_t05,9135033,51,1.8133883476257324
gemma_t05,9137624,51,3.072421073913574
gemma_t05,9163756,51,2.306619167327881
gemma_t05,9164793,51,2.3779428005218506
gemma_t05,9187880,51,2.060497522354126
gemma_t05,9192723,51,2.674833059310913
gemma_t05,9197196,51,2.114032745361328
gemma_t05,9205021,51,2.3464157581329346
gemma_t05,9251622,51,2.328641414642334
gemma_t05,9268430,51,3.0009407997131348
gemma_t05,9285053,51,3.058422327041626
gemma_t05,9340391,51,3.2589190006256104
gemma_t05,9345583,51,3.017524480819702
gemma_t05,9385494,51,2.2527999877929688
gemma_t05,9387600,51,2.1169869899749756
gemma_t05,9397697,51,2.5387861728668213
gemma_t05,9471817,51,3.4228429794311523
gemma_t05,9471964,51,2.677490472793579
gemma_t05,9483510,51,2.121075391769409
gemma_t05,9524495,51,3.101393461227417
gemma_t05,9591035,51,2.595574140548706
gemma_t05,9615470,51,3.0462453365325928
gemma_t05,9626793,51,1.914949893951416
gemma_t05,9662636,51,3.278475046157837
gemma_t05,9700115,51,1.66875422000885
gemma_t05,9711750,51,2.391652822494507
gemma_t05,9737200,51,2.365896224975586
gemma_t05,9751546,51,1.959635615348816
gemma_t05,9752897,51,2.316298246383667
gemma_t05,9767487,51,2.203714609146118
gemma_t05,9768369,51,2.2176003456115723
gemma_t05,9778036,51,2.9037184715270996
gemma_t05,9818013,51,2.946249008178711
gemma_t05,9884935,51,2.716733932495117
gemma_t05,9917468,51,2.2472994327545166
gemma_t05,9963298,51,2.286719560623169
gemma_t05,10076790,51,2.746509075164795
gemma_t05,10103200,51,2.1480820178985596
gemma_t05,10135300,51,2.2124805450439453
gemma_t05,10186140,51,2.492412567138672
gemma_t05,10202504,51,2.146761894226074
gemma_t05,10281325,51,2.731462001800537
gemma_t05,10348155,51,2.3971216678619385
gemma_t05,10361075,51,2.3060379028320312
gemma_t05,10366378,51,2.0940728187561035
gemma_t05,10367294,51,2.1634409427642822
gemma_t05,10401980,51,2.053384304046631
gemma_t05,10436313,51,1.9735504388809204
gemma_t05,10480989,51,2.831470251083374
gemma_t05,10494183,51,2.1858856678009033
gemma_t05,10509498,51,1.9256348609924316
gemma_t05,10523208,51,2.454549789428711
gemma_t05,10573012,51,2.045187473297119
gemma_t05,10606201,51,2.466822385787964
gemma_t05,10643243,51,1.948994517326355
gemma_t05,10649571,51,2.7013301849365234
gemma_t05,10691183,51,2.9598336219787598
gemma_t05,10728540,51,2.638580322265625
gemma_t05,10898149,51,3.931879997253418
gemma_t05,10913456,51,2.3103928565979004
gemma_t05,11004224,51,1.9627999067306519
gemma_t05,11022639,51,3.0258641242980957
gemma_t05,11054023,51,2.520850658416748
gemma_t05,11074539,51,2.633671760559082
gemma_t05,11091552,51,2.8405892848968506
gemma_t05,11128248,51,2.1321256160736084
gemma_t05,11142668,51,2.2777531147003174
gemma_t05,11152489,51,1.693873405456543
gemma_t05,11157751,51,3.0336265563964844
gemma_t05,11202365,51,2.4516983032226562
gemma_t05,11262376,51,2.025688886642456
gemma_t05,11270374,51,1.9393696784973145
gemma_t05,11365698,51,1.9169584512710571
gemma_t05,11387463,51,1.846344232559204
gemma_t05,11391667,51,3.1122806072235107
gemma_t05,11505828,51,1.8254457712173462
gemma_t05,11595344,51,1.8318716287612915
gemma_t05,11597846,51,1.9767284393310547
gemma_t05,11626649,51,2.1191306114196777
gemma_t05,11644259,51,2.610893726348877
gemma_t05,11650107,51,1.719259262084961
gemma_t05,11751039,51,1.9158034324645996
gemma_t05,11754890,51,3.8513002395629883
gemma_t05,11771220,51,2.095912456512451
gemma_t05,11777996,51,2.0856568813323975
gemma_t05,11805625,51,2.4621853828430176
gemma_t05,11866664,51,3.2929723262786865
gemma_t05,11872486,51,1.8334251642227173
gemma_t05,11879061,51,1.9022871255874634
gemma_t05,12075649,51,2.166865825653076
gemma_t05,12122749,51,1.9127986431121826
gemma_t05,12187767,51,2.425978422164917
gemma_t05,12203896,51,2.011644124984741
gemma_t05,12220417,51,2.5179028511047363
gemma_t05,12230893,51,2.644498109817505
gemma_t05,12241221,51,3.3131253719329834
gemma_t05,12245213,51,2.9794602394104004
gemma_t05,12266201,51,2.467559576034546
gemma_t05,12294387,51,1.6551421880722046
gemma_t05,12304778,51,1.8594048023223877
gemma_t05,12320170,51,1.8888847827911377
gemma_t05,12332957,51,2.038376808166504
gemma_t05,12345746,51,2.3505072593688965
gemma_t05,12355828,51,2.4693524837493896
gemma_t05,12440940,51,2.192760467529297
gemma_t05,12451537,51,2.0432281494140625
gemma_t05,12585424,51,2.222853183746338
gemma_t05,12586316,51,1.4794716835021973
gemma_t05,12588798,51,1.580970048904419
gemma_t05,12603385,51,2.800914764404297
gemma_t05,12607082,51,2.194610834121704
gemma_t05,12615602,51,1.6645385026931763
gemma_t05,12688069,51,1.4778530597686768
gemma_t05,12744871,51,4.152332782745361
gemma_t05,12807398,51,2.437453269958496
gemma_t05,12847491,51,2.213928699493408
gemma_t05,12851711,51,1.8211190700531006
gemma_t05,12926055,51,1.8369405269622803
gemma_t05,12938495,51,2.131990671157837
gemma_t05,12964363,51,1.8244086503982544
gemma_t05,12998432,51,2.9841880798339844
gemma_t05,13030311,51,2.187964916229248
gemma_t05,13100783,51,2.1123433113098145
gemma_t05,13214003,51,2.9264533519744873
gemma_t05,13239813,51,2.4376773834228516
gemma_t05,13335042,51,2.9328973293304443
gemma_t05,13350236,51,2.4073486328125
gemma_t05,13495961,51,1.9722728729248047
gemma_t05,13529592,51,2.849947214126587
gemma_t05,13603998,51,2.719449043273926
gemma_t05,13675482,51,1.768860101699829
gemma_t05,13690180,51,2.5140061378479004
gemma_t05,13692090,51,2.515838146209717
gemma_t05,13694466,51,2.7772786617279053
gemma_t05,13696741,51,4.299332141876221
gemma_t05,13701579,51,2.8177590370178223
gemma_t05,13745156,51,3.0725150108337402
gemma_t05,13746570,51,2.321798086166382
gemma_t05,13746581,51,2.0006377696990967
gemma_t05,13746789,51,3.3003838062286377
gemma_t05,13747425,51,2.8462228775024414
gemma_t05,13747961,51,2.1256895065307617
gemma_t05,13748720,51,1.9419561624526978
gemma_t05,13751352,51,2.189818859100342
gemma_t05,13752894,51,1.9885859489440918
gemma_t05,13753905,51,1.8445379734039307
gemma_t05,13756572,51,1.9920674562454224
gemma_t05,13858533,51,2.535644054412842
gemma_t05,13916015,51,1.7731280326843262
gemma_t05,13937253,51,2.214716911315918
gemma_t05,13959787,51,2.4495224952697754
gemma_t05,13972671,51,1.722912073135376
gemma_t05,14068705,51,2.637927293777466
gemma_t05,14091946,51,2.369917154312134
gemma_t05,14099741,51,2.551805257797241
gemma_t05,14141143,51,2.401111364364624
gemma_t05,14155276,51,2.274484634399414
gemma_t05,14169402,51,1.9323686361312866
gemma_t05,14170854,51,2.455958604812622
gemma_t05,14176162,51,2.546226739883423
gemma_t05,14186198,51,2.468498706817627
gemma_t05,14259080,51,2.133246660232544
gemma_t05,14291750,51,3.3285539150238037
gemma_t05,14301751,51,2.3472683429718018
gemma_t05,14328180,51,2.1218910217285156
gemma_t05,14341841,51,2.491734266281128
gemma_t05,14358598,51,2.013777256011963
gemma_t05,14404227,51,3.839829921722412
gemma_t05,14407737,51,1.8929457664489746
gemma_t05,14421595,51,2.365760087966919
gemma_t05,14429450,51,1.9341943264007568
gemma_t05,14434979,51,3.418393850326538
gemma_t05,14441283,51,2.3658294677734375
gemma_t05,14454803,51,3.1246728897094727
gemma_t05,14472576,51,2.638305187225342
gemma_t05,14500933,51,1.8033170700073242
gemma_t05,14502960,51,1.9732412099838257
gemma_t05,14554263,51,2.0196757316589355
gemma_t05,14579508,51,2.532179594039917
gemma_t05,14584778,51,1.7861064672470093
gemma_t05,14680675,51,2.5821385383605957
gemma_t05,14743706,51,1.9668524265289307
gemma_t05,14745914,51,2.5289602279663086
gemma_t05,14760908,51,1.9106212854385376
gemma_t05,14776729,51,2.2722649574279785
gemma_t05,14800090,51,2.4502310752868652
gemma_t05,14807742,51,2.9605965614318848
gemma_t05,14818452,51,1.9211225509643555
gemma_t05,14819490,51,2.3284759521484375
gemma_t05,14874026,51,1.9560179710388184
gemma_t05,14878319,51,1.6626346111297607
gemma_t05,14878646,51,1.962478518486023
gemma_t05,14879921,51,2.7743940353393555
gemma_t05,15026764,51,2.4766135215759277
gemma_t05,15040286,51,2.061068296432495
gemma_t05,15065468,51,2.4155871868133545
gemma_t05,15139323,51,2.5342884063720703
gemma_t05,15197674,51,2.753089427947998
gemma_t05,15201331,51,2.1708343029022217
gemma_t05,15202196,51,1.964214563369751
gemma_t05,15213991,51,1.6025264263153076
gemma_t05,15220741,51,2.03499436378479
gemma_t05,15279538,51,2.1362929344177246
gemma_t05,15281193,51,2.4645116329193115
gemma_t05,15281983,51,4.081832408905029
gemma_t05,15324422,51,2.603647232055664
gemma_t05,15344879,51,1.6966757774353027
gemma_t05,15376317,51,2.2624738216400146
gemma_t05,15382836,51,2.7376019954681396
gemma_t05,15407650,51,1.9628119468688965
gemma_t05,15412473,51,2.9162826538085938
gemma_t05,15484870,51,1.7870359420776367
gemma_t05,15489071,51,2.2911288738250732
gemma_t05,15548746,51,1.9282046556472778
gemma_t05,15600287,51,1.9394787549972534
gemma_t05,15603670,51,2.7892913818359375
gemma_t05,15607400,51,2.903151512145996
gemma_t05,15620570,51,2.5538456439971924
gemma_t05,15687295,51,1.8319292068481445
gemma_t05,15720214,51,1.8174877166748047
gemma_t05,15728911,51,3.5666632652282715
gemma_t05,15757897,51,2.9028966426849365
gemma_t05,15768663,51,1.8653565645217896
gemma_t05,15817938,51,2.0082459449768066
gemma_t05,15828278,51,2.2871768474578857
gemma_t05,15829781,51,3.0668225288391113
gemma_t05,15842085,51,1.5584179162979126
gemma_t05,15870937,51,2.333894729614258
gemma_t05,15939234,51,2.357435941696167
gemma_t05,15961108,51,1.8115599155426025
gemma_t05,15976919,51,1.5877470970153809
gemma_t05,15980568,51,2.3827691078186035
gemma_t05,15986631,51,2.518157958984375
gemma_t05,16039645,51,2.187908887863159
gemma_t05,16124522,51,2.474522113800049
gemma_t05,16126936,51,2.1978981494903564
gemma_t05,16141969,51,2.0327556133270264
gemma_t05,16227864,51,1.969072937965393
gemma_t05,16251657,51,2.1752474308013916
gemma_t05,16290774,51,2.888606548309326
gemma_t05,16386838,51,2.4952728748321533
gemma_t05,16391334,51,2.6832244396209717
gemma_t05,16399303,51,1.666134238243103
gemma_t05,16404002,51,2.8182168006896973
gemma_t05,16504570,51,1.8664114475250244
gemma_t05,16509032,51,2.1581649780273438
gemma_t05,16537814,51,2.959449529647827
gemma_t05,16571013,51,1.9997714757919312
gemma_t05,16631020,51,2.2709906101226807
gemma_t05,16661147,51,2.2329206466674805
gemma_t05,16766006,51,1.7522549629211426
gemma_t05,16766506,51,2.7669122219085693
gemma_t05,16787742,51,2.1705591678619385
gemma_t05,16788431,51,1.911582589149475
gemma_t05,16839291,51,1.6759841442108154
gemma_t05,16839927,51,2.4714722633361816
gemma_t05,16863934,51,2.692434549331665
gemma_t05,16872779,51,1.4463131427764893
gemma_t05,16915526,51,2.146761417388916
gemma_t05,16998656,51,2.5953352451324463
gemma_t05,17039365,51,1.5563814640045166
gemma_t05,17175925,51,2.1259915828704834
gemma_t05,17202384,51,2.0593395233154297
gemma_t05,17360001,51,2.1488354206085205
gemma_t05,17364624,51,2.0493462085723877
gemma_t05,17370242,51,3.5925846099853516
gemma_t05,17375754,51,1.7922179698944092
gemma_t05,17458010,51,3.099602222442627
gemma_t05,17464854,51,3.2173640727996826
gemma_t05,17476563,51,2.321599245071411
gemma_t05,17507793,51,2.338040828704834
gemma_t05,17515275,51,1.9842149019241333
gemma_t05,17553490,51,2.3847079277038574
gemma_t05,17578970,51,2.2676920890808105
gemma_t05,17584674,51,1.7958669662475586
gemma_t05,17589422,51,2.6197996139526367
gemma_t05,17606580,51,2.6099209785461426
gemma_t05,17625727,51,1.8242515325546265
gemma_t05,17667087,51,1.9736214876174927
gemma_t05,17716605,51,2.0760960578918457
gemma_t05,17784265,51,3.0480105876922607
gemma_t05,17865105,51,2.291145086288452
gemma_t05,17884437,51,1.9935998916625977
gemma_t05,17889549,51,2.0044758319854736
gemma_t05,17909922,51,1.6385685205459595
gemma_t05,17961054,51,2.64791202545166
gemma_t05,18083801,51,3.1718761920928955
gemma_t05,18214317,51,2.011157274246216
gemma_t05,18296459,51,2.025151014328003
gemma_t05,18312025,51,1.933079481124878
gemma_t05,18431463,51,2.1830639839172363
gemma_t05,18449288,51,4.220400333404541
gemma_t05,18468577,51,2.5373728275299072
gemma_t05,18483718,51,1.7510781288146973
gemma_t05,18505561,51,1.9728091955184937
gemma_t05,18613906,51,1.5343940258026123
gemma_t05,18634877,51,2.1976051330566406
gemma_t05,18733074,51,2.4298884868621826
gemma_t05,18750779,51,2.0250959396362305
gemma_t05,18907802,51,2.291929006576538
gemma_t05,19170988,51,2.5101165771484375
gemma_t05,19172224,51,2.465559482574463
gemma_t05,19175261,51,2.428281545639038
gemma_t05,19186315,51,1.816865086555481
gemma_t05,19187663,51,2.492377519607544
gemma_t05,19204066,51,3.0270421504974365
gemma_t05,19206893,51,1.531493902206421
gemma_t05,19263469,51,2.1171107292175293
gemma_t05,19263554,51,2.2822561264038086
gemma_t05,19435386,51,2.26558518409729
gemma_t05,19485843,51,1.459452509880066
gemma_t05,19624082,51,3.941352367401123
gemma_t05,20335790,51,2.9110121726989746
gemma_t05,20503654,51,2.6423330307006836
gemma_t05,21015570,51,2.5506114959716797
gemma_t05,21275504,51,2.7344651222229004
gemma_t05,21382535,51,2.55268931388855
gemma_t05,21428581,51,2.5164897441864014
gemma_t05,21616326,51,2.8298022747039795
gemma_t05,21646317,51,2.4783546924591064
gemma_t05,21665298,51,2.4107887744903564
gemma_t05,21668994,51,2.311034917831421
gemma_t05,21669304,51,3.90531325340271
gemma_t05,21670658,51,2.5974748134613037
gemma_t05,21689288,51,1.976169228553772
gemma_t05,21697629,51,1.8849952220916748
gemma_t05,21697648,51,2.735025644302368
gemma_t05,21700944,51,2.2909421920776367
gemma_t05,21702856,51,2.3145978450775146
gemma_t05,21709048,51,1.7817680835723877
gemma_t05,21715690,51,2.0309293270111084
gemma_t05,21716001,51,1.8747378587722778
gemma_t05,21721135,51,2.116994619369507
gemma_t05,21723747,51,2.4047398567199707
gemma_t05,21725995,51,2.8855690956115723
gemma_t05,21726583,51,1.9644323587417603
gemma_t05,21726677,51,2.1193478107452393
gemma_t05,21730065,51,2.598917245864868
gemma_t05,21730715,51,2.9193787574768066
gemma_t05,21731209,51,1.8306174278259277
gemma_t05,21732778,51,2.1437253952026367
gemma_t05,21735129,51,2.304741859436035
gemma_t05,21740766,51,2.673798084259033
gemma_t05,22272492,51,2.7078440189361572
gemma_t05,22716243,51,2.3041739463806152
gemma_t05,23204325,51,2.6904520988464355
gemma_t05,23678406,51,2.1452088356018066
gemma_t05,24202507,51,2.9945616722106934
gemma_t05,24901977,51,2.445948600769043
gemma_t05,25111673,51,2.017550230026245
gemma_t05,25113027,51,2.736084461212158
gemma_t05,26538892,51,2.8423657417297363
gemma_t05,26698484,51,2.126777410507202
gemma_t05,26873455,51,2.0832767486572266
gemma_t05,26988506,51,2.406008005142212
gemma_t05,27249900,51,2.593250036239624
gemma_t05,27274148,51,2.915649175643921
gemma_t05,27843613,51,2.123276710510254
gemma_t05,28044836,51,2.049048662185669
gemma_t05,28193461,51,2.591329336166382
gemma_t05,28232901,51,2.831908941268921
gemma_t05,28323588,51,1.9012207984924316
gemma_t05,28616370,51,1.6022788286209106
gemma_t05,29149810,51,2.3465054035186768
gemma_t05,29161506,51,2.3249292373657227
gemma_t05,29162291,51,2.379539728164673
gemma_t05,29162884,51,3.0024003982543945
gemma_t05,29191669,51,4.037532329559326
gemma_t05,29259081,51,2.3583693504333496
gemma_t05,29298828,51,2.2537896633148193
gemma_t05,29407280,51,2.6689271926879883
gemma_t05,29413033,51,1.6858400106430054
gemma_t05,29907166,51,2.0356831550598145
gemma_t05,30042437,51,2.433713912963867
gemma_t05,30129590,51,2.583261251449585
gemma_t05,30164212,51,2.629340171813965
gemma_t05,31150453,51,2.8114612102508545
gemma_t05,31713824,51,2.0371243953704834
gemma_t05,32821791,51,1.9201611280441284
gemma_t05,32923127,51,2.352443218231201
gemma_t05,33626727,51,1.6432379484176636
gemma_t05,33777646,51,1.694696307182312
gemma_t05,33864324,51,2.7457351684570312
gemma_t05,34190303,51,2.8264527320861816
gemma_t05,35386653,51,2.3953487873077393
gemma_t05,36364048,51,1.796994924545288
gemma_t05,37405481,51,2.3715438842773438
gemma_t05,38132419,51,1.926875114440918
gemma_t05,38234032,51,2.53499698638916
gemma_t05,38934160,51,2.3927807807922363
gemma_t05,39871772,51,2.428483724594116
gemma_t05,40166767,51,1.9631292819976807
gemma_t05,40501690,51,2.1013295650482178
gemma_t05,41332060,51,2.5706605911254883
gemma_t05,43059601,51,2.773449420928955
gemma_t05,43282987,51,1.8757177591323853
gemma_t05,43289219,51,2.3377928733825684
gemma_t05,43959086,51,1.7801989316940308
gemma_t05,44009215,51,2.0899229049682617
gemma_t05,44062236,51,2.580195665359497
gemma_t05,44063972,51,1.8576658964157104
gemma_t05,44069187,51,1.649291753768921
gemma_t05,44077201,51,2.2344486713409424
gemma_t05,44080449,51,2.545377492904663
gemma_t05,44087711,51,2.4559428691864014
gemma_t05,44090948,51,2.250447988510132
gemma_t05,44105851,51,3.160470962524414
gemma_t05,44115640,51,3.0924885272979736
gemma_t05,44129061,51,2.382081985473633
gemma_t05,44130060,51,2.3891265392303467
gemma_t05,44131019,51,2.2207038402557373
gemma_t05,44134207,51,1.7432996034622192
gemma_t05,44144625,51,1.97725248336792
gemma_t05,44145304,51,3.1990370750427246
gemma_t05,44145664,51,2.1038057804107666
gemma_t05,44145776,51,1.6513878107070923
gemma_t05,44145836,51,1.6833794116973877
gemma_t05,44151916,51,2.200338840484619
gemma_t05,44152851,51,2.2681784629821777
gemma_t05,44161048,51,2.0647408962249756
gemma_t05,44163645,51,2.0924344062805176
gemma_t05,44164810,51,2.0744245052337646
gemma_t05,44167998,51,3.2246439456939697
gemma_t05,44169697,51,2.7727181911468506
gemma_t05,44170949,51,1.7280654907226562
gemma_t05,44174597,51,2.8552026748657227
gemma_t05,44178763,51,2.8330130577087402
gemma_t05,44220219,51,2.3815033435821533
gemma_t05,44243501,51,1.996706485748291
gemma_t05,46889991,51,3.0953195095062256
gemma_t05,46927617,51,2.7373242378234863
gemma_t05,46932607,51,2.5279645919799805
gemma_t05,46937952,51,1.5900044441223145
gemma_t05,46939026,51,1.9811762571334839
gemma_t05,46953263,51,2.1003823280334473
gemma_t05,46959165,51,1.9603550434112549
gemma_t05,47016219,51,2.163193464279175
gemma_t05,47018172,51,2.5533976554870605
gemma_t05,47020074,51,2.3760597705841064
gemma_t05,48352299,51,2.6387953758239746
gemma_t05,48353672,51,2.302421808242798
gemma_t05,48353884,51,2.232396125793457
gemma_t05,48357955,51,1.5847704410552979
gemma_t05,49191384,51,1.7216885089874268
gemma_t05,49208337,51,1.747768521308899
gemma_t05,49212016,51,2.584662675857544
gemma_t05,49212861,51,2.163604974746704
gemma_t05,49215746,51,2.2482597827911377
gemma_t05,49411029,51,2.7386608123779297
gemma_t05,49413369,51,1.7792744636535645
gemma_t05,49417344,51,2.049072265625
gemma_t05,49420146,51,2.272568702697754
gemma_t05,49430466,51,2.4025723934173584
gemma_t05,49430686,51,2.6465272903442383
gemma_t05,49578052,51,1.511791467666626
gemma_t05,49587276,51,2.5518336296081543
gemma_t05,49656421,51,1.5036429166793823
gemma_t05,49656757,51,2.0604443550109863
gemma_t05,49664123,51,1.7413740158081055
gemma_t05,49742509,51,3.0220158100128174
gemma_t05,49742988,51,2.2070088386535645
gemma_t05,49865411,51,2.578455924987793
gemma_t05,51862727,51,2.3550899028778076
gemma_t05,51867514,51,1.7266614437103271
gemma_t05,51867574,51,2.2736496925354004
gemma_t05,51869205,51,1.8400273323059082
gemma_t05,51870078,51,2.6077799797058105
gemma_t05,51870827,51,1.9400231838226318
gemma_t05,51871042,51,2.1850335597991943
gemma_t05,51871198,51,1.989604115486145
gemma_t05,51873719,51,1.9098858833312988
gemma_t05,51873882,51,2.0439841747283936
gemma_t05,51875405,51,2.6838109493255615
gemma_t05,51875413,51,2.6333370208740234
gemma_t05,51875856,51,2.8927788734436035
gemma_t05,51877568,51,2.390911340713501
gemma_t05,51878172,51,2.2173547744750977
gemma_t05,51878335,51,1.968873143196106
gemma_t05,51878395,51,1.6491295099258423
gemma_t05,51878811,51,2.9025678634643555
gemma_t05,51879191,51,1.8972018957138062
gemma_t05,51880064,51,2.00466251373291
gemma_t05,51880268,51,2.8281972408294678
gemma_t05,51880850,51,2.1652143001556396
gemma_t05,51881821,51,1.5355371236801147
gemma_t05,51881992,51,1.8986704349517822
gemma_t05,51882074,51,2.4772894382476807
gemma_t05,51917388,51,2.8840396404266357
gemma_t05,51977305,51,2.1392040252685547
gemma_t05,51978342,51,2.6362287998199463
gemma_t05,51982253,51,1.9534400701522827
gemma_t05,51984717,51,1.7012029886245728
gemma_t05,51990373,51,2.0261733531951904
gemma_t05,52000761,51,1.5518354177474976
gemma_t05,52003282,51,2.398191213607788
gemma_t05,52006529,51,2.037055492401123
gemma_t05,52009840,51,2.281543254852295
gemma_t05,52011616,51,3.149566173553467
gemma_t05,52019251,51,3.2770252227783203
gemma_t05,52044834,51,2.1713666915893555
gemma_t05,52046908,51,1.748001217842102
gemma_t05,52047587,51,3.0521528720855713
gemma_t05,52054914,51,2.9894940853118896
gemma_t05,52056513,51,2.4432973861694336
gemma_t05,52069762,51,1.6802952289581299
gemma_t05,52070035,51,2.5076138973236084
gemma_t05,52070657,51,1.7470046281814575
gemma_t05,52073201,51,1.7804336547851562
gemma_t05,52074346,51,2.2523794174194336
gemma_t05,52078335,51,1.9861997365951538
gemma_t05,52098907,51,2.4409751892089844
gemma_t05,52100101,51,2.168269395828247
gemma_t05,52100117,51,2.243295431137085
gemma_t05,52100616,51,1.7263119220733643
gemma_t05,52100878,51,2.118525266647339
gemma_t05,52110037,51,1.8890907764434814
gemma_t05,52113185,51,2.07570743560791
gemma_t05,52115097,51,1.9159796237945557
gemma_t05,52115592,51,1.8786331415176392
gemma_t05,52116920,51,2.5479414463043213
gemma_t05,52119091,51,1.87228262424469
gemma_t05,52119483,51,2.267793655395508
gemma_t05,52119752,51,3.072801351547241
gemma_t05,52135124,51,2.592221975326538
gemma_t05,52136564,51,2.872626304626465
gemma_t05,52143204,51,2.623792886734009
gemma_t05,52143467,51,1.9304536581039429
gemma_t05,52144157,51,1.7221570014953613
gemma_t05,52145657,51,2.3554673194885254
gemma_t05,52153656,51,2.0006799697875977
gemma_t05,52154254,51,2.214979887008667
gemma_t05,52154304,51,2.6170284748077393
gemma_t05,52155427,51,2.0826995372772217
gemma_t05,52156147,51,1.7390756607055664
gemma_t05,52156206,51,1.7655029296875
gemma_t05,52156433,51,1.8327891826629639
gemma_t05,52158121,51,1.641140103340149
gemma_t05,52158178,51,2.787602186203003
gemma_t05,52160439,51,1.7858768701553345
gemma_t05,52160797,51,2.4046480655670166
gemma_t05,52161864,51,2.6191763877868652
gemma_t05,52162540,51,2.091939687728882
gemma_t05,52165754,51,1.9968172311782837
gemma_t05,52166626,51,2.9508800506591797
gemma_t05,52166727,51,1.820387363433838
gemma_t05,52167799,51,2.451071262359619
gemma_t05,52171279,51,3.0796735286712646
gemma_t05,52171904,51,2.933950185775757
gemma_t05,52176498,51,1.8350880146026611
gemma_t05,52178689,51,3.207149028778076
gemma_t05,52182989,51,2.973128318786621
gemma_t05,52183384,51,2.6942455768585205
gemma_t05,52183483,51,2.2337303161621094
gemma_t05,52188604,51,2.771656036376953
gemma_t05,52190376,51,2.381944179534912
gemma_t05,52194540,51,1.9054982662200928
gemma_t05,52215843,51,3.4954774379730225
gemma_t05,52221821,51,1.7582069635391235
gemma_t05,52255687,51,2.6929523944854736
gemma_t05,52298363,51,1.95169997215271
gemma_t05,52307098,51,2.583483934402466
gemma_t05,52310274,51,2.7387826442718506
gemma_t05,52333947,51,2.13969349861145
gemma_t05,52811641,51,2.989962577819824
gemma_t05,52815006,51,2.6511666774749756
gemma_t05,52816033,51,1.7298249006271362
gemma_t05,52843977,51,1.6874346733093262
gemma_t05,52895001,51,2.203517436981201
gemma_t05,52900003,51,1.782291054725647
gemma_t05,52916675,51,1.5763286352157593
gemma_t05,52917952,51,2.9373271465301514
gemma_t05,52920257,51,1.5207383632659912
gemma_t05,52926380,51,2.2423994541168213
gemma_t05,52938038,51,2.1254916191101074
gemma_t05,52943615,51,3.309577465057373
gemma_t05,52979524,51,1.4818247556686401
gemma_t05,52984852,51,2.4027626514434814
gemma_t05,53017700,51,2.450232982635498
gemma_t05,53019653,51,2.2217352390289307
gemma_t05,53034346,51,3.0070080757141113
gemma_t05,53035038,51,1.6362746953964233
gemma_t05,53037336,51,2.1871931552886963
gemma_t05,53064621,51,2.1821393966674805
gemma_t05,53079301,51,1.9911644458770752
gemma_t05,53079601,51,2.591265916824341
gemma_t05,53079743,51,1.9931883811950684
gemma_t05,53079799,51,2.151491403579712
gemma_t05,53079972,51,2.301201820373535
gemma_t05,53080156,51,1.529641032218933
gemma_t05,53080384,51,2.049691915512085
gemma_t05,53080764,51,2.649489164352417
gemma_t05,53080784,51,2.0983307361602783
gemma_t05,53080846,51,2.0291056632995605
gemma_t05,53081209,51,1.819259762763977
gemma_t05,53081291,51,2.060500383377075
gemma_t05,53081318,51,2.553252935409546
gemma_t05,53081403,51,1.8953239917755127
gemma_t05,53081407,51,2.6150784492492676
gemma_t05,53081627,51,1.997666597366333
gemma_t05,53081634,51,2.267284393310547
gemma_t05,53082197,51,1.9406849145889282
gemma_t05,53082257,51,2.144979476928711
gemma_t05,53082972,51,2.2928638458251953
gemma_t05,53083054,51,2.4115476608276367
gemma_t05,53083061,51,2.234973669052124
gemma_t05,53083122,51,2.2908072471618652
gemma_t05,53083232,51,2.8444416522979736
gemma_t05,53083305,51,1.896310567855835
gemma_t05,53083475,51,1.8375003337860107
gemma_t05,53083677,51,2.0374763011932373
gemma_t05,53095207,51,1.6529957056045532
gemma_t05,53099899,51,1.6226054430007935
gemma_t05,53109787,51,3.5628297328948975
gemma_t05,53110354,51,1.9243688583374023
gemma_t05,53178856,51,2.655958414077759
gemma_t05,53217060,51,2.1998729705810547
gemma_t05,53223679,51,3.1081151962280273
gemma_t05,53247198,51,2.7829480171203613
gemma_t05,53295957,51,1.9425773620605469
gemma_t05,53298765,51,2.3062853813171387
gemma_t05,53298878,51,2.125035047531128
gemma_t05,53578487,51,2.0233700275421143
gemma_t05,53640239,51,2.6300132274627686
gemma_t05,53645946,51,2.118889331817627
gemma_t05,54893641,51,2.420959234237671
gemma_t05,56657817,51,2.5467748641967773
gemma_t05,56657857,51,2.0615451335906982
gemma_t05,56895551,51,2.2952611446380615
gemma_t05,57189558,51,1.4813498258590698
gemma_t05,57564106,51,2.2406070232391357
gemma_t05,57570672,51,2.263784170150757
gemma_t05,59553499,51,1.8855570554733276
gemma_t05,59553563,51,3.1054272651672363
gemma_t05,59599633,51,1.8985239267349243
gemma_t05,59599706,51,2.4217681884765625
gemma_t05,59599940,51,1.6716262102127075
gemma_t05,59604492,51,3.109253406524658
gemma_t05,60441316,51,2.636556625366211
gemma_t05,61153666,51,2.95731258392334
gemma_t05,61874237,51,2.130309581756592
gemma_t05,62637241,51,2.1248834133148193
gemma_t05,65038030,51,2.7945716381073
gemma_t05,67788603,51,2.641615390777588
gemma_t05,67855815,51,1.8319162130355835
gemma_t05,67855860,51,2.415858030319214
gemma_t05,67855893,51,2.359896659851074
gemma_t05,67855999,51,2.335794448852539
gemma_t05,67856005,51,2.33616304397583
gemma_t05,67856013,51,1.9806585311889648
gemma_t05,67856167,51,2.057955503463745
gemma_t05,67856324,51,2.156022071838379
gemma_t05,67856607,51,2.463841199874878
gemma_t05,67856712,51,1.7167948484420776
gemma_t05,67877016,51,2.071580410003662
gemma_t05,68167178,51,2.3245067596435547
gemma_t05,70349933,51,2.3881027698516846
gemma_t05,71144630,51,2.1778783798217773
gemma_t05,71147690,51,2.2942235469818115
gemma_t05,73729169,51,2.0176808834075928
gemma_t05,76666127,51,2.409031629562378
gemma_t05,80628347,51,2.8434786796569824
gemma_t05,80628357,51,1.6255203485488892
gemma_t05,83458715,51,3.2105605602264404
gemma_t05,84842989,51,2.330052375793457
gemma_t05,84843987,51,1.884604573249817
gemma_t05,85459677,51,2.4861836433410645
gemma_t05,85464175,51,2.007194757461548
gemma_t05,85498775,51,2.4081480503082275
gemma_t05,85501317,51,3.686012029647827
gemma_t05,85518027,51,2.5002756118774414
gemma_t05,85528598,51,2.3934974670410156
gemma_t05,85531331,51,2.4295010566711426
gemma_t05,86716257,51,1.8475335836410522
gemma_t05,91183938,51,2.190059185028076
gemma_t05,91184042,51,3.449605703353882
gemma_t05,102350590,51,3.0252654552459717
gemma_t05,102350747,51,2.530904769897461
gemma_t05,102350767,51,2.1793787479400635
gemma_t05,102350941,51,2.859886884689331
gemma_t05,102350997,51,1.7902932167053223
gemma_t05,102351463,51,2.9415268898010254
gemma_t05,102351547,51,2.1189627647399902
gemma_t05,102351717,51,1.9256597757339478
gemma_t05,102352060,51,2.3863685131073
gemma_t05,102352698,51,3.395575523376465
gemma_t05,102352788,51,2.2269139289855957
gemma_t05,102352962,51,2.0880870819091797
gemma_t05,102353817,51,2.6487839221954346
gemma_t05,102353837,51,2.603870391845703
gemma_t05,102353852,51,3.6233317852020264
gemma_t05,102354384,51,4.306562423706055
gemma_t05,102354395,51,2.167379379272461
gemma_t05,102354583,51,1.9359012842178345
gemma_t05,102354588,51,3.052635669708252
gemma_t05,102354684,51,3.1411850452423096
gemma_t05,102483154,51,2.5719380378723145
gemma_t05,106402715,51,2.8954832553863525
gemma_t05,109933467,51,1.6104165315628052
gemma_t05,116880070,51,2.246039390563965
gemma_t05,118674834,51,2.3852717876434326
gemma_t05,118680003,51,1.7369080781936646
gemma_t05,119308902,51,1.7453367710113525
gemma_t05,119309472,51,1.8586266040802002
gemma_t05,120224153,51,2.281862735748291
gemma_t05,126167342,51,2.4422659873962402
gemma_t05,126181046,51,2.0248265266418457
gemma_t05,128000127,51,2.079371213912964
gemma_t05,128345225,51,2.8916306495666504
gemma_t05,128345548,51,2.7693734169006348
gemma_t05,129945216,51,1.9448810815811157
gemma_t05,133306280,51,2.4657444953918457
gemma_t05,133597585,51,2.069495916366577
gemma_t05,135466290,51,1.8285861015319824
gemma_t05,153312535,51,2.6900651454925537
gemma_t05,153312687,51,3.019763946533203
gemma_t05,153313061,51,1.940089464187622
gemma_t05,153313159,51,2.849090576171875
gemma_t05,153313581,51,2.8729515075683594
gemma_t05,155089817,51,2.0947844982147217
gemma_t05,155091369,51,2.8727567195892334
gemma_t05,155092736,51,1.9186152219772339
gemma_t05,155100086,51,2.3755040168762207
gemma_t05,155100120,51,2.9894585609436035
gemma_t05,159041042,51,1.9770513772964478
gemma_t05,159041048,51,3.3958051204681396
gemma_t05,159041867,51,1.7423901557922363
gemma_t05,160009452,51,1.9082725048065186
gemma_t05,160009896,51,1.9086874723434448
gemma_t05,162183964,51,2.445754289627075
gemma_t05,165163819,51,1.5527509450912476
gemma_t05,166228669,51,2.2003097534179688
gemma_t05,167217355,51,3.4091899394989014
gemma_t05,167217367,51,2.210256338119507
gemma_t05,167217453,51,1.5153287649154663
gemma_t05,168169888,51,1.735314965248108
gemma_t05,170078653,51,2.167724132537842
gemma_t05,170078772,51,2.206742286682129
gemma_t05,170079112,51,1.6450494527816772
gemma_t05,173188048,51,2.2601394653320312
gemma_t05,173188803,51,2.039128065109253
gemma_t05,173990423,51,2.436253786087036
gemma_t05,173990455,51,2.2283806800842285
gemma_t05,173990506,51,2.068639039993286
gemma_t05,173990585,51,2.1050333976745605
gemma_t05,173991101,51,1.7115317583084106
gemma_t05,174797737,51,2.280726909637451
gemma_t05,174797747,51,2.908735752105713
gemma_t05,174797886,51,3.1914565563201904
gemma_t05,174798153,51,2.151614189147949
gemma_t05,174798218,51,2.2845447063446045
gemma_t05,174798293,51,2.0299103260040283
gemma_t05,174798321,51,2.0605547428131104
gemma_t05,174798410,51,2.1813836097717285
gemma_t05,174799117,51,2.097907304763794
gemma_t05,174799262,51,1.8507626056671143
gemma_t05,174799301,51,1.5976953506469727
gemma_t05,174799304,51,2.648904800415039
gemma_t05,174799346,51,3.140432834625244
gemma_t05,174799399,51,2.797264337539673
gemma_t05,174799702,51,3.226621389389038
gemma_t05,174799768,51,2.4053990840911865
gemma_t05,174799793,51,2.1459617614746094
gemma_t05,174799844,51,3.0830459594726562
gemma_t05,174799895,51,2.0451297760009766
gemma_t05,174799974,51,2.104895830154419
gemma_t05,174800106,51,2.5176522731781006
gemma_t05,174800272,51,1.8443231582641602
gemma_t05,174800458,51,1.9805340766906738
gemma_t05,174800839,51,3.200995683670044
gemma_t05,174800890,51,2.1121668815612793
gemma_t05,174800963,51,2.1086361408233643
gemma_t05,174801080,51,2.4190547466278076
gemma_t05,174801222,51,2.3886375427246094
gemma_t05,174801388,51,3.731032609939575
gemma_t05,174801519,51,2.2789876461029053
gemma_t05,174801632,51,1.9472895860671997
gemma_t05,174801764,51,2.4133291244506836
gemma_t05,174802397,51,1.7150511741638184
gemma_t05,174802484,51,1.6244678497314453
gemma_t05,174802848,51,1.8725261688232422
gemma_t05,174802873,51,1.8041975498199463
gemma_t05,174803111,51,3.018712043762207
gemma_t05,174803587,51,2.219634771347046
gemma_t05,181704107,51,2.176974296569824
gemma_t05,182952458,51,3.2481272220611572
gemma_t05,182952800,51,1.681299090385437
gemma_t05,182952848,51,2.812201976776123
gemma_t05,182952892,51,2.407336950302124
gemma_t05,182953113,51,2.20318341255188
gemma_t05,182953211,51,1.639133334159851
gemma_t05,182953250,51,1.8126357793807983
gemma_t05,184482578,51,1.5285414457321167
gemma_t05,184483123,51,1.7532888650894165
gemma_t05,184483331,51,2.1085939407348633
gemma_t05,184486755,51,2.558955669403076
gemma_t05,184486914,51,1.880950689315796
gemma_t05,184487171,51,1.960874319076538
gemma_t05,184487889,51,2.9173388481140137
gemma_t05,186206211,51,2.033419132232666
gemma_t05,186206508,51,2.7076327800750732
gemma_t05,186206974,51,1.899747610092163
gemma_t05,189762009,51,2.7366721630096436
gemma_t05,189762068,51,2.1292741298675537
gemma_t05,189762081,51,3.5881669521331787
gemma_t05,189762189,51,2.356839179992676
gemma_t05,189762341,51,2.191431999206543
gemma_t05,189762487,51,1.7365461587905884
gemma_t05,189762556,51,3.368173837661743
gemma_t05,189927911,51,1.8366628885269165
gemma_t05,189928008,51,2.2202541828155518
gemma_t05,189928148,51,2.316106081008911
gemma_t05,189928186,51,1.8202370405197144
gemma_t05,189928248,51,1.9063732624053955
gemma_t05,189928358,51,2.2130701541900635
gemma_t05,189928395,51,2.2325305938720703
gemma_t05,189999088,51,2.089460849761963
gemma_t05,189999659,51,2.4922120571136475
gemma_t05,190000105,51,1.9697344303131104
gemma_t05,190001673,51,2.856893301010132
gemma_t05,192530110,51,3.159808397293091
gemma_t05,195064954,51,2.21284556388855
gemma_t05,195068920,51,2.2825043201446533
gemma_t05,195069071,51,2.212078094482422
gemma_t05,195069392,51,1.7002828121185303
gemma_t05,195218574,51,1.7180393934249878
gemma_t05,195218693,51,4.223522186279297
gemma_t05,195316733,51,1.8556673526763916
gemma_t05,195345077,51,3.4666106700897217
gemma_t05,195345094,51,2.7264389991760254
gemma_t05,195345201,51,2.066925525665283
gemma_t05,195345563,51,2.835942029953003
gemma_t05,195477534,51,2.568239212036133
gemma_t05,195504787,51,2.259065866470337
gemma_t05,195584320,51,2.177905321121216
gemma_t05,195766884,51,2.095160484313965
gemma_t05,195776147,51,1.6578233242034912
gemma_t05,195776229,51,2.0916121006011963
gemma_t05,195820682,51,1.7858645915985107
gemma_t05,195847811,51,2.297163486480713
gemma_t05,195848217,51,2.3245556354522705
gemma_t05,195886246,51,2.5260818004608154
gemma_t05,196167277,51,1.8729450702667236
gemma_t05,196171551,51,2.162006378173828
gemma_t05,196171668,51,1.4790831804275513
gemma_t05,196172197,51,2.582468032836914
gemma_t05,196175184,51,2.7722647190093994
gemma_t05,196176000,51,2.495687484741211
gemma_t05,196176396,51,1.9631295204162598
gemma_t05,196176628,51,1.9620275497436523
gemma_t05,196178484,51,3.143617868423462
gemma_t05,196178503,51,2.682159185409546
gemma_t05,196181315,51,1.8561142683029175
gemma_t05,196181536,51,2.626250743865967
gemma_t05,196181811,51,1.9502036571502686
gemma_t05,196181887,51,2.572359561920166
gemma_t05,196182395,51,3.005685329437256
gemma_t05,196183158,51,2.5528407096862793
gemma_t05,196183669,51,2.2996695041656494
gemma_t05,196184679,51,2.0532262325286865
gemma_t05,196185038,51,2.1994359493255615
gemma_t05,196186167,51,2.5675930976867676
gemma_t05,196186961,51,1.589301347732544
gemma_t05,196187162,51,2.084261417388916
gemma_t05,196187316,51,1.8256258964538574
gemma_t05,196187320,51,2.4153432846069336
gemma_t05,196188501,51,2.4162373542785645
gemma_t05,196188987,51,2.086820602416992
gemma_t05,196189567,51,2.450138568878174
gemma_t05,196189661,51,1.9067689180374146
gemma_t05,196192979,51,2.383265256881714
gemma_t05,196193055,51,2.5752999782562256
gemma_t05,196194557,51,2.0505006313323975
gemma_t05,196197006,51,2.5171058177948
gemma_t05,196198494,51,2.09686279296875
gemma_t05,196199713,51,2.4054369926452637
gemma_t05,196205749,51,1.9625734090805054
gemma_t05,196206886,51,2.3592052459716797
gemma_t05,196209746,51,2.1435437202453613
gemma_t05,196210081,51,2.148949146270752
gemma_t05,196210782,51,2.8996212482452393
gemma_t05,196211238,51,2.003249168395996
gemma_t05,196211486,51,3.5176217555999756
gemma_t05,196211550,51,2.3790640830993652
gemma_t05,196217527,51,2.2238738536834717
gemma_t05,196471188,51,2.915496349334717
gemma_t05,196471198,51,1.724968433380127
gemma_t05,196621534,51,1.9615634679794312
gemma_t05,196621535,51,1.983217477798462
gemma_t05,198179946,51,2.0989129543304443
gemma_t05,198184456,51,2.314730167388916
gemma_t05,198184729,51,1.9180638790130615
gemma_t05,198939259,51,2.0078659057617188
gemma_t05,198967754,51,1.702237606048584
gemma_t05,198973187,51,2.5682308673858643
gemma_t05,199001173,51,3.067462921142578
gemma_t05,199022396,51,2.4372527599334717
gemma_t05,199371491,51,2.1630399227142334
gemma_t05,199371687,51,1.9152534008026123
gemma_t05,199379359,51,2.318866729736328
gemma_t05,199452955,51,2.051077127456665
gemma_t05,199523733,51,1.5578742027282715
gemma_t05,199529989,51,1.8428432941436768
gemma_t05,199552244,51,2.453789472579956
gemma_t05,199577588,51,2.2528111934661865
gemma_t05,199577634,51,2.3974978923797607
gemma_t05,199668626,51,2.5704574584960938
gemma_t05,199668753,51,2.1642680168151855
gemma_t05,201058596,51,3.0127928256988525
gemma_t05,201058633,51,3.1021573543548584
gemma_t05,201058720,51,1.774580955505371
gemma_t05,201070022,51,2.25846266746521
gemma_t05,201070265,51,2.4187026023864746
gemma_t05,201103745,51,1.944071650505066
gemma_t05,201124425,51,2.560392379760742
gemma_t05,201307832,51,2.2876267433166504
gemma_t05,201645145,51,1.8879643678665161
gemma_t05,201646223,51,1.880548119544983
gemma_t05,201646551,51,2.3581855297088623
gemma_t05,201651596,51,1.8635746240615845
gemma_t05,201657818,51,2.150015354156494
gemma_t05,201666437,51,2.0464982986450195
gemma_t05,201666620,51,2.555964708328247
gemma_t05,201668205,51,2.0217134952545166
gemma_t05,201669180,51,1.5446748733520508
gemma_t05,201670412,51,2.3651986122131348
gemma_t05,201676778,51,1.7306677103042603
gemma_t05,201691562,51,1.6527488231658936
gemma_t05,201697450,51,2.0561578273773193
gemma_t05,201698093,51,2.1357614994049072
gemma_t05,201698197,51,1.8572735786437988
gemma_t05,201698258,51,1.914777398109436
gemma_t05,201698358,51,2.305415153503418
gemma_t05,201741133,51,2.5575110912323
gemma_t05,201742252,51,2.1290535926818848
gemma_t05,201742578,51,1.9977879524230957
gemma_t05,202120468,51,1.9654792547225952
gemma_t05,202120592,51,3.2124764919281006
gemma_t05,202121966,51,1.8758502006530762
gemma_t05,202235037,51,2.66646409034729
gemma_t05,202235596,51,2.76348614692688
gemma_t05,202537031,51,2.8964738845825195
gemma_t05,202537041,51,3.0641725063323975
gemma_t05,202537179,51,1.9841490983963013
gemma_t05,202537221,51,3.1058497428894043
gemma_t05,202537332,51,1.931390643119812
gemma_t05,202537477,51,1.733201503753662
gemma_t05,202537499,51,2.6114706993103027
gemma_t05,202537890,51,2.782331943511963
gemma_t05,202538141,51,2.743814468383789
gemma_t05,202538495,51,2.335691452026367
gemma_t05,202538609,51,1.9612007141113281
gemma_t05,202538897,51,1.509209394454956
gemma_t05,202539004,51,2.3805060386657715
gemma_t05,202539031,51,3.6323695182800293
gemma_t05,202539063,51,3.264484405517578
gemma_t05,202539354,51,2.0710511207580566
gemma_t05,202539496,51,1.8538551330566406
gemma_t05,202539540,51,1.8077285289764404
gemma_t05,202540033,51,2.9618468284606934
gemma_t05,202540088,51,1.8912001848220825
gemma_t05,202540096,51,2.9900381565093994
gemma_t05,202540203,51,1.7062894105911255
gemma_t05,202540590,51,2.3613429069519043
gemma_t05,202540591,51,2.5859148502349854
gemma_t05,202540640,51,1.9174020290374756
gemma_t05,202540793,51,1.9432121515274048
gemma_t05,202540839,51,2.4499475955963135
gemma_t05,202541009,51,2.5579473972320557
gemma_t05,202541012,51,2.686185598373413
gemma_t05,202541043,51,2.5009546279907227
gemma_t05,202541147,51,3.258574962615967
gemma_t05,202541184,51,2.1853787899017334
gemma_t05,202541185,51,2.1906540393829346
gemma_t05,202541352,51,1.7931314706802368
gemma_t05,202541363,51,1.936883568763733
gemma_t05,202541447,51,1.8195871114730835
gemma_t05,202541473,51,2.1266682147979736
gemma_t05,202541491,51,1.8889222145080566
gemma_t05,202541545,51,2.44179368019104
gemma_t05,202541569,51,2.0636417865753174
gemma_t05,202541578,51,4.926309585571289
gemma_t05,202541610,51,2.9938650131225586
gemma_t05,202541654,51,1.6997408866882324
gemma_t05,202542261,51,3.4858498573303223
gemma_t05,202542397,51,2.0466291904449463
gemma_t05,202542569,51,2.8323330879211426
gemma_t05,202542757,51,1.9682917594909668
gemma_t05,202558451,51,2.623699188232422
gemma_t05,202558815,51,3.192188262939453
gemma_t05,202565485,51,3.592383861541748
gemma_t05,202565569,51,2.8067615032196045
gemma_t05,202565697,51,1.7087403535842896
gemma_t05,202572810,51,2.6365549564361572
gemma_t05,202577372,51,3.1323373317718506
gemma_t05,202577934,51,1.852739930152893
gemma_t05,202583694,51,2.297544479370117
gemma_t05,202635721,51,2.812368869781494
gemma_t05,202660724,51,2.8124873638153076
gemma_t05,202660912,51,2.290919542312622
gemma_t05,202661048,51,2.258134365081787
gemma_t05,202712648,51,1.8233346939086914
gemma_t05,202718954,51,1.6451538801193237
gemma_t05,202734183,51,2.640467405319214
gemma_t05,202734592,51,2.2164652347564697
gemma_t05,202763602,51,1.8741837739944458
gemma_t05,202765126,51,2.1817448139190674
gemma_t05,202765253,51,2.341712713241577
gemma_t05,202765548,51,2.3368470668792725
gemma_t05,202769823,51,2.2422730922698975
gemma_t05,202770936,51,2.1724183559417725
gemma_t05,202771124,51,3.277904748916626
gemma_t05,202771535,51,1.8399735689163208
gemma_t05,202773239,51,2.0188043117523193
gemma_t05,202773689,51,1.8026129007339478
gemma_t05,202774375,51,2.4551355838775635
gemma_t05,202774468,51,1.7695786952972412
gemma_t05,202776122,51,2.8441946506500244
gemma_t05,202776447,51,1.7341012954711914
gemma_t05,202776649,51,1.814666748046875
gemma_t05,202781392,51,2.053273916244507
gemma_t05,202783478,51,2.8451907634735107
gemma_t05,202784449,51,1.5529065132141113
gemma_t05,202785255,51,1.962715744972229
gemma_t05,202785879,51,2.366506814956665
gemma_t05,202786066,51,1.6677241325378418
gemma_t05,202786882,51,2.550647020339966
gemma_t05,202788490,51,3.4070751667022705
gemma_t05,202788575,51,1.8611598014831543
gemma_t05,202789603,51,2.0038223266601562
gemma_t05,203146520,51,1.8151977062225342
gemma_t05,203150358,51,2.0247802734375
gemma_t05,203610181,51,1.800634503364563
gemma_t05,203626520,51,1.894955039024353
gemma_t05,203836056,51,2.090376615524292
gemma_t05,203836888,51,4.575360298156738
gemma_t05,203905404,51,2.01688289642334
gemma_t05,204009154,51,2.1128602027893066
gemma_t05,204512247,51,2.5482804775238037
gemma_t05,204744108,51,3.182386636734009
gemma_t05,204823992,51,1.96164870262146
gemma_t05,204902024,51,2.824928045272827
gemma_t05,204949631,51,1.970330834388733
gemma_t05,207794190,51,2.7278339862823486
gemma_t05,207847197,51,3.098412036895752
gemma_t05,207847250,51,2.4008140563964844
gemma_t05,207847598,51,2.5497374534606934
gemma_t05,207847960,51,2.3780300617218018
gemma_t05,207852358,51,3.6171369552612305
gemma_t05,207852450,51,2.4987566471099854
gemma_t05,207852597,51,2.184941053390503
gemma_t05,207852642,51,3.270148277282715
gemma_t05,207853017,51,1.8417807817459106
gemma_t05,207853111,51,2.823885202407837
gemma_t05,207853145,51,3.5121097564697266
gemma_t05,207853191,51,1.8617608547210693
gemma_t05,207853290,51,2.1285006999969482
gemma_t05,207853300,51,1.6532071828842163
gemma_t05,207853304,51,3.1184885501861572
gemma_t05,207863306,51,2.8563380241394043
gemma_t05,207870323,51,2.5636394023895264
gemma_t05,207870937,51,1.9212223291397095
gemma_t05,207901226,51,2.1653354167938232
gemma_t05,207925651,51,2.753587484359741
gemma_t05,207996257,51,2.1799888610839844
gemma_t05,208001011,51,2.064784288406372
gemma_t05,208006253,51,2.471339225769043
gemma_t05,208191596,51,2.943399667739868
gemma_t05,208527026,51,1.9353151321411133
gemma_t05,208547632,51,1.9942235946655273
gemma_t05,209009596,51,3.3994874954223633
gemma_t05,209054931,51,1.7952260971069336
gemma_t05,209202658,51,2.016150951385498
gemma_t05,210164439,51,2.896724224090576
gemma_t05,210164665,51,3.6730453968048096
gemma_t05,210701352,51,2.3697245121002197
gemma_t05,210714061,51,2.423788070678711
gemma_t05,211003735,51,3.451606035232544
gemma_t05,211029226,51,2.0843729972839355
gemma_t05,211031933,51,2.851487874984741
gemma_t05,211066200,51,2.9399046897888184
gemma_t05,211082681,51,2.245985269546509
gemma_t05,211126910,51,1.7097845077514648
gemma_t05,211258645,51,2.6428558826446533
gemma_t05,211532588,51,2.2339563369750977
gemma_t05,211677475,51,2.370307683944702
gemma_t05,211987786,51,3.2943673133850098
gemma_t05,212718077,51,2.5491018295288086
gemma_t05,212725806,51,1.8913933038711548
gemma_t05,212747810,51,2.8426504135131836
gemma_t05,212800438,51,2.768568992614746
gemma_t05,213982630,51,1.9758360385894775
gemma_t05,214623124,51,4.064697265625
gemma_t05,214693050,51,2.8304340839385986
gemma_t05,214794966,51,2.9299473762512207
gemma_t05,214802401,51,2.8799564838409424
gemma_t05,214802500,51,2.374481439590454
gemma_t05,214802514,51,3.090489625930786
gemma_t05,214802587,51,1.99756920337677
gemma_t05,214802624,51,1.3255391120910645
gemma_t05,214802812,51,2.6664867401123047
gemma_t05,214802856,51,2.5574724674224854
gemma_t05,214802887,51,3.7175798416137695
gemma_t05,214803082,51,2.008923053741455
gemma_t05,215191351,51,3.029974937438965
gemma_t05,215238391,51,2.0031843185424805
gemma_t05,215238965,51,1.918420433998108
gemma_t05,215415911,51,3.482098340988159
gemma_t05,215415968,51,1.7904081344604492
gemma_t05,215416110,51,1.528356671333313
gemma_t05,215416175,51,1.4744149446487427
gemma_t05,215416349,51,2.070863962173462
gemma_t05,215547988,51,2.6803083419799805
gemma_t05,215548041,51,2.568453550338745
gemma_t05,215548215,51,2.062591075897217
gemma_t05,215548225,51,2.226259469985962
gemma_t05,215548916,51,1.614983081817627
gemma_t05,215737001,51,2.104982376098633
gemma_t05,215744806,51,2.1307272911071777
gemma_t05,215744924,51,1.9668173789978027
gemma_t05,215744944,51,2.7577178478240967
gemma_t05,215745286,51,1.9683804512023926
gemma_t05,215745290,51,2.400958299636841
gemma_t05,215745354,51,1.8049548864364624
gemma_t05,215745536,51,2.5731985569000244
gemma_t05,215768766,51,1.7991220951080322
gemma_t05,215768768,51,3.2803242206573486
gemma_t05,215768769,51,1.9656248092651367
gemma_t05,215768835,51,1.915743350982666
gemma_t05,215785828,51,1.8830231428146362
gemma_t05,215785895,51,3.4995062351226807
gemma_t05,215786391,51,2.9113306999206543
gemma_t05,215806653,51,2.4262874126434326
gemma_t05,215811473,51,1.3885284662246704
gemma_t05,215814290,51,2.1960461139678955
gemma_t05,215814515,51,2.05779767036438
gemma_t05,215826646,51,1.683553695678711
gemma_t05,215827207,51,1.8288300037384033
gemma_t05,215827461,51,2.5876142978668213
gemma_t05,215827653,51,2.186574935913086
gemma_t05,215827766,51,2.7302982807159424
gemma_t05,215827807,51,2.161449432373047
gemma_t05,215827989,51,1.5260210037231445
gemma_t05,215828313,51,1.4552278518676758
gemma_t05,215828384,51,1.9790465831756592
gemma_t05,215828553,51,1.871040940284729
gemma_t05,216035773,51,1.7180402278900146
gemma_t05,216056240,51,3.1733973026275635
gemma_t05,216056269,51,2.139427661895752
gemma_t05,216056453,51,2.4962103366851807
gemma_t05,216056509,51,2.0322647094726562
gemma_t05,216080642,51,3.7326605319976807
gemma_t05,216080701,51,2.0118212699890137
gemma_t05,216080986,51,2.0227041244506836
gemma_t05,216144439,51,2.626377820968628
gemma_t05,216144503,51,1.8111565113067627
gemma_t05,216144770,51,1.763680100440979
gemma_t05,216552849,51,1.8590891361236572
gemma_t05,216552854,51,2.8068907260894775
gemma_t05,216552897,51,2.11872935295105
gemma_t05,216552978,51,1.7234967947006226
gemma_t05,216553067,51,2.7713537216186523
gemma_t05,216553182,51,2.729766368865967
gemma_t05,216553210,51,1.870991826057434
gemma_t05,216553264,51,1.7247947454452515
gemma_t05,216557637,51,2.1198806762695312
gemma_t05,216562233,51,2.876211643218994
gemma_t05,216562330,51,2.614114999771118
gemma_t05,216562386,51,2.305217981338501
gemma_t05,216562638,51,1.7553739547729492
gemma_t05,216562779,51,2.2458300590515137
gemma_t05,216562785,51,1.5954796075820923
gemma_t05,216636598,51,2.1032841205596924
gemma_t05,216641736,51,2.2261240482330322
gemma_t05,216641773,51,2.8774354457855225
gemma_t05,216641842,51,2.072213649749756
gemma_t05,216641848,51,3.760636329650879
gemma_t05,216641852,51,2.3574092388153076
gemma_t05,216641956,51,1.8749358654022217
gemma_t05,216642043,51,1.9992270469665527
gemma_t05,216642230,51,1.9086278676986694
gemma_t05,216867622,51,2.45468807220459
gemma_t05,216868180,51,2.141958475112915
gemma_t05,216868234,51,2.082538366317749
gemma_t05,216868259,51,1.5055009126663208
gemma_t05,216868472,51,1.9232009649276733
gemma_t05,216868486,51,1.799746036529541
gemma_t05,216868525,51,2.1229257583618164
gemma_t05,216868592,51,3.1797070503234863
gemma_t05,216868683,51,2.415278911590576
gemma_t05,216868725,51,1.9477447271347046
gemma_t05,216869183,51,1.760939121246338
gemma_t05,216869577,51,4.225900173187256
gemma_t05,216914409,51,1.8424023389816284
gemma_t05,216914626,51,2.7609729766845703
gemma_t05,216914911,51,2.8357789516448975
gemma_t05,218076648,51,2.1817209720611572
gemma_t05,218470058,51,2.7229883670806885
gemma_t05,218470122,51,1.6178795099258423
gemma_t05,218470125,51,1.6523984670639038
gemma_t05,218470144,51,2.910722017288208
gemma_t05,218470237,51,1.6260342597961426
gemma_t05,218470359,51,3.070438861846924
gemma_t05,218470427,51,2.973971366882324
gemma_t05,218470517,51,3.9699246883392334
gemma_t05,218486837,51,2.8195316791534424
gemma_t05,218487098,51,1.9279590845108032
gemma_t05,218487100,51,2.138075351715088
gemma_t05,218487136,51,2.160104751586914
gemma_t05,218487168,51,2.0020711421966553
gemma_t05,218487230,51,1.7757970094680786
gemma_t05,218487237,51,2.3984813690185547
gemma_t05,218487279,51,2.881788969039917
gemma_t05,218487288,51,3.042956590652466
gemma_t05,218487373,51,3.7752692699432373
gemma_t05,218487454,51,2.250539541244507
gemma_t05,218487506,51,2.843815326690674
gemma_t05,218487696,51,2.6924057006835938
gemma_t05,218487733,51,2.314790964126587
gemma_t05,218500588,51,2.1905405521392822
gemma_t05,218501728,51,2.6395347118377686
gemma_t05,218502350,51,3.397651195526123
gemma_t05,218517044,51,1.457735300064087
gemma_t05,218517088,51,2.8550057411193848
gemma_t05,218517128,51,2.51251482963562
gemma_t05,218538467,51,1.774810791015625
gemma_t05,218560609,51,2.814361572265625
gemma_t05,218571018,51,2.683089256286621
gemma_t05,218571035,51,2.3105971813201904
gemma_t05,218571152,51,2.077559232711792
gemma_t05,218571167,51,2.225891590118408
gemma_t05,218571335,51,2.235086679458618
gemma_t05,218580945,51,1.6026524305343628
gemma_t05,218581853,51,1.8998907804489136
gemma_t05,218595658,51,3.1216773986816406
gemma_t05,218595710,51,2.2852377891540527
gemma_t05,218595915,51,2.6926283836364746
gemma_t05,218595930,51,2.3808300495147705
gemma_t05,218610661,51,3.4269566535949707
gemma_t05,218613630,51,2.6839513778686523
gemma_t05,218613850,51,1.9322632551193237
gemma_t05,218614095,51,2.4421467781066895
gemma_t05,218628691,51,2.880417823791504
gemma_t05,218628872,51,3.4786596298217773
gemma_t05,218630027,51,2.666783332824707
gemma_t05,218665566,51,2.6832375526428223
gemma_t05,218674382,51,2.407902240753174
gemma_t05,218684346,51,1.9821717739105225
gemma_t05,218718559,51,1.7984825372695923
gemma_t05,218718982,51,1.627678394317627
gemma_t05,218763259,51,2.5272254943847656
gemma_t05,218763425,51,2.0347108840942383
gemma_t05,218763678,51,1.6846203804016113
gemma_t05,218869840,51,2.697425603866577
gemma_t05,218883429,51,1.6891365051269531
gemma_t05,218889746,51,1.913857340812683
gemma_t05,218901061,51,3.1091699600219727
gemma_t05,218971632,51,3.106034994125366
gemma_t05,218971877,51,2.5950450897216797
gemma_t05,218974137,51,1.3857622146606445
gemma_t05,219036690,51,2.417015314102173
gemma_t05,219124328,51,3.171104907989502
gemma_t05,219165306,51,1.6747462749481201
gemma_t05,219176513,51,2.072911024093628
gemma_t05,219176849,51,1.8577332496643066
gemma_t05,219177150,51,2.0603978633880615
gemma_t05,219260306,51,1.8818296194076538
gemma_t05,219302617,51,2.430384397506714
gemma_t05,219304854,51,1.4803705215454102
gemma_t05,219304992,51,2.123643398284912
gemma_t05,219306244,51,4.961125373840332
gemma_t05,219307246,51,1.4741147756576538
gemma_t05,219309091,51,1.6470534801483154
gemma_t05,219310312,51,2.1677863597869873
gemma_t05,219401758,51,2.700685977935791
gemma_t05,219530664,51,2.5129010677337646
gemma_t05,219530980,51,1.7875288724899292
gemma_t05,219558508,51,1.7937442064285278
gemma_t05,219573244,51,3.7873568534851074
gemma_t05,219573654,51,1.8305655717849731
gemma_t05,219635956,51,1.738426685333252
gemma_t05,219708219,51,3.0581119060516357
gemma_t05,219719687,51,1.744510531425476
gemma_t05,219721462,51,3.0637242794036865
gemma_t05,219966938,51,2.395535707473755
gemma_t05,219980605,51,3.0383756160736084
gemma_t05,220044829,51,2.034104347229004
gemma_t05,220044878,51,1.9274258613586426
gemma_t05,220044881,51,1.733298659324646
gemma_t05,220045417,51,2.269627094268799
gemma_t05,220045465,51,1.640570044517517
gemma_t05,220045816,51,3.369793653488159
gemma_t05,220045824,51,1.5399893522262573
gemma_t05,220045825,51,2.4695372581481934
gemma_t05,220045826,51,1.718300461769104
gemma_t05,220045828,51,2.493772268295288
gemma_t05,220045831,51,1.736411452293396
gemma_t05,220045835,51,2.2466282844543457
gemma_t05,220045906,51,2.0132694244384766
gemma_t05,220045915,51,1.5219049453735352
gemma_t05,220045953,51,1.9899977445602417
gemma_t05,220046222,51,1.537683129310608
gemma_t05,220046453,51,2.568674325942993
gemma_t05,220046465,51,2.0386548042297363
gemma_t05,220046499,51,2.5387744903564453
gemma_t05,220046510,51,1.9814523458480835
gemma_t05,220046814,51,2.2029600143432617
gemma_t05,220047070,51,1.8109982013702393
gemma_t05,220047186,51,2.002903938293457
gemma_t05,220047251,51,2.316514253616333
gemma_t05,220047266,51,1.8747225999832153
gemma_t05,220047363,51,2.070596933364868
gemma_t05,220047771,51,2.3415839672088623
gemma_t05,220047822,51,2.2553975582122803
gemma_t05,220047831,51,2.4988362789154053
gemma_t05,220047862,51,1.6265815496444702
gemma_t05,220047871,51,2.559065341949463
gemma_t05,220047976,51,2.5363571643829346
gemma_t05,220048083,51,1.586204171180725
gemma_t05,220048213,51,2.3215837478637695
gemma_t05,220048228,51,2.0550005435943604
gemma_t05,220049701,51,1.7388834953308105
gemma_t05,220059617,51,1.8696203231811523
gemma_t05,220060899,51,2.4577572345733643
gemma_t05,220250648,51,2.376518964767456
gemma_t05,220265679,51,2.653956174850464
gemma_t05,220280994,51,2.4147987365722656
gemma_t05,220330688,51,1.579632043838501
gemma_t05,220331638,51,2.5262749195098877
gemma_t05,220363596,51,2.305682420730591
gemma_t05,220364230,51,2.575697898864746
gemma_t05,220425360,51,2.472426414489746
gemma_t05,220525491,51,2.1720855236053467
gemma_t05,220546439,51,2.754859447479248
gemma_t05,220686630,51,1.8565946817398071
gemma_t05,220794027,51,2.6204140186309814
gemma_t05,220919861,51,2.27293062210083
gemma_t05,221005781,51,2.438333511352539
gemma_t05,221090091,51,1.6693594455718994
gemma_t05,221090332,51,1.968071460723877
gemma_t05,221150562,51,2.7896149158477783
gemma_t05,221246333,51,1.6219106912612915
gemma_t05,221376974,51,3.3441600799560547
gemma_t05,221517069,51,2.0511045455932617
gemma_t05,221640658,51,1.9481077194213867
gemma_t05,221702970,51,2.9509992599487305
gemma_t05,221703773,51,3.2453315258026123
gemma_t05,221738937,51,2.9159293174743652
gemma_t05,221738987,51,2.2625324726104736
gemma_t05,221739233,51,2.845170497894287
gemma_t05,221739295,51,1.9873822927474976
gemma_t05,221739314,51,2.7933075428009033
gemma_t05,221749138,51,1.8745075464248657
gemma_t05,221761251,51,2.328108310699463
gemma_t05,221761320,51,2.4477105140686035
gemma_t05,221761685,51,2.8943347930908203
gemma_t05,221802738,51,2.8218441009521484
gemma_t05,221802772,51,1.8072915077209473
gemma_t05,221818878,51,1.9110474586486816
gemma_t05,221835708,51,2.13643479347229
gemma_t05,221836078,51,2.385960578918457
gemma_t05,221836081,51,2.7523488998413086
gemma_t05,221845203,51,2.8684229850769043
gemma_t05,221857750,51,2.1819674968719482
gemma_t05,221878973,51,3.1168181896209717
gemma_t05,221879025,51,1.962471604347229
gemma_t05,221948991,51,2.7768821716308594
gemma_t05,221949175,51,2.4270472526550293
gemma_t05,221949448,51,2.4852514266967773
gemma_t05,221970112,51,3.223489284515381
gemma_t05,221970445,51,2.47302508354187
gemma_t05,221970493,51,1.7795190811157227
gemma_t05,221995543,51,2.1216344833374023
gemma_t05,221995630,51,2.6856212615966797
gemma_t05,221996144,51,2.274491786956787
gemma_t05,222008363,51,2.6871888637542725
gemma_t05,222066712,51,3.126019239425659
gemma_t05,222090330,51,2.4421019554138184
gemma_t05,222090412,51,3.1337592601776123
gemma_t05,222103842,51,2.564389944076538
gemma_t05,222124366,51,2.6895103454589844
gemma_t05,222124934,51,1.8788907527923584
gemma_t05,222125099,51,3.7297258377075195
gemma_t05,222132916,51,2.9931271076202393
gemma_t05,222133028,51,2.284108877182007
gemma_t05,222133166,51,2.3418772220611572
gemma_t05,222134074,51,2.2586565017700195
gemma_t05,222134115,51,1.9896348714828491
gemma_t05,222140803,51,2.4007763862609863
gemma_t05,222140969,51,2.9255142211914062
gemma_t05,222141043,51,2.575746774673462
gemma_t05,222141045,51,1.8245351314544678
gemma_t05,222141054,51,2.4112322330474854
gemma_t05,222141056,51,2.7716064453125
gemma_t05,222141483,51,2.0320804119110107
gemma_t05,222141790,51,2.211514949798584
gemma_t05,222142129,51,2.0103461742401123
gemma_t05,222156681,51,2.691757917404175
gemma_t05,222176890,51,3.630399703979492
gemma_t05,222177069,51,2.1018753051757812
gemma_t05,222177127,51,1.890480637550354
gemma_t05,222177239,51,1.699471354484558
gemma_t05,222177485,51,2.6994266510009766
gemma_t05,222177762,51,2.954218864440918
gemma_t05,222177767,51,1.673934817314148
gemma_t05,222177851,51,1.8389334678649902
gemma_t05,222205878,51,2.224668025970459
gemma_t05,222208701,51,3.5572638511657715
gemma_t05,222208714,51,2.9860219955444336
gemma_t05,222208845,51,1.6081314086914062
gemma_t05,222208958,51,2.750119924545288
gemma_t05,222208984,51,2.098647356033325
gemma_t05,222209112,51,2.486713171005249
gemma_t05,222225253,51,2.42608642578125
gemma_t05,222271911,51,2.390956163406372
gemma_t05,222272319,51,1.8476588726043701
gemma_t05,222272447,51,2.193225860595703
gemma_t05,222290596,51,2.551940441131592
gemma_t05,222290670,51,3.5416059494018555
gemma_t05,222290677,51,1.8657140731811523
gemma_t05,222290679,51,2.3225293159484863
gemma_t05,222290752,51,4.2924323081970215
gemma_t05,222290851,51,2.3114688396453857
gemma_t05,222291117,51,2.642662286758423
gemma_t05,222291132,51,1.8704731464385986
gemma_t05,222291386,51,1.7968003749847412
gemma_t05,222291532,51,2.45172381401062
gemma_t05,222291619,51,1.950682282447815
gemma_t05,222306079,51,2.4058899879455566
gemma_t05,222310116,51,2.8410162925720215
gemma_t05,222310469,51,1.898576259613037
gemma_t05,222310559,51,2.08209490776062
gemma_t05,222310618,51,3.999394655227661
gemma_t05,222310689,51,1.5790338516235352
gemma_t05,222310761,51,2.195382833480835
gemma_t05,222310837,51,2.159405469894409
gemma_t05,222341502,51,2.2621893882751465
gemma_t05,222341606,51,3.13666033744812
gemma_t05,222341713,51,2.8632004261016846
gemma_t05,222341867,51,2.7527778148651123
gemma_t05,222377768,51,3.6952836513519287
gemma_t05,222379195,51,2.457855701446533
gemma_t05,223953395,51,1.699524164199829
gemma_t05,223953416,51,2.3725194931030273
gemma_t05,223957053,51,2.8427226543426514
gemma_t05,224704949,51,2.209538698196411
gemma_t05,224705337,51,1.601983666419983
gemma_t05,224706384,51,2.165830135345459
gemma_t05,224724415,51,2.73896861076355
gemma_t05,224802782,51,2.5429320335388184
gemma_t05,224803298,51,1.8624722957611084
gemma_t05,224803491,51,2.916482448577881
gemma_t05,224803588,51,3.270357847213745
gemma_t05,224814107,51,2.8182880878448486
gemma_t05,224818197,51,2.6554815769195557
gemma_t05,225039884,51,2.4238994121551514
gemma_t05,225040672,51,2.1188766956329346
gemma_t05,225041226,51,2.0301640033721924
gemma_t05,225062282,51,1.9133461713790894
gemma_t05,225062337,51,2.5403013229370117
gemma_t05,225066679,51,1.9208629131317139
gemma_t05,225066984,51,2.7408394813537598
gemma_t05,225067055,51,1.8150460720062256
gemma_t05,225067077,51,2.0172464847564697
gemma_t05,225067549,51,2.1181130409240723
gemma_t05,225067563,51,2.8212153911590576
gemma_t05,225067713,51,1.8160194158554077
gemma_t05,225068329,51,2.4526400566101074
gemma_t05,225070214,51,2.162903308868408
gemma_t05,225074971,51,1.926173210144043
gemma_t05,225075639,51,2.3775079250335693
gemma_t05,225094152,51,1.768553376197815
gemma_t05,225103036,51,1.6715471744537354
gemma_t05,226222232,51,2.8353421688079834
gemma_t05,226226607,51,3.380525588989258
gemma_t05,226226666,51,3.41664981842041
gemma_t05,226226744,51,2.3113083839416504
gemma_t05,226227390,51,3.3161919116973877
gemma_t05,226236740,51,2.0761067867279053
gemma_t05,226237179,51,1.6432507038116455
gemma_t05,226237546,51,1.8531572818756104
gemma_t05,226245979,51,1.9188225269317627
gemma_t05,226254361,51,1.7447422742843628
gemma_t05,226262191,51,3.003230571746826
gemma_t05,226262204,51,2.4252450466156006
gemma_t05,226262205,51,2.682356357574463
gemma_t05,226262224,51,1.9392669200897217
gemma_t05,226262227,51,2.1199898719787598
gemma_t05,226262252,51,2.112525463104248
gemma_t05,226262263,51,2.0473527908325195
gemma_t05,226262266,51,1.622406005859375
gemma_t05,226262283,51,2.572232484817505
gemma_t05,226262284,51,1.7401949167251587
gemma_t05,226262316,51,2.1649062633514404
gemma_t05,226262325,51,1.4634861946105957
gemma_t05,226262344,51,1.792272925376892
gemma_t05,226262349,51,2.3370285034179688
gemma_t05,226262425,51,2.0964205265045166
gemma_t05,226278099,51,1.7928894758224487
gemma_t05,226281376,51,2.0396859645843506
gemma_t05,226281660,51,3.0116970539093018
gemma_t05,226283452,51,1.5264729261398315
gemma_t05,226283533,51,2.5454747676849365
gemma_t05,226283593,51,2.5028672218322754
gemma_t05,226283779,51,1.9011540412902832
gemma_t05,226283839,51,3.357495069503784
gemma_t05,226283910,51,2.897899866104126
gemma_t05,226283984,51,1.8558616638183594
gemma_t05,226284018,51,2.3477370738983154
gemma_t05,227230267,51,1.7388821840286255
gemma_t05,227230896,51,1.9486457109451294
gemma_t05,227231059,51,2.5253193378448486
gemma_t05,227231123,51,2.4273037910461426
gemma_t05,227231240,51,2.20096755027771
gemma_t05,227231454,51,2.4307117462158203
gemma_t05,227231541,51,1.8671674728393555
gemma_t05,227231632,51,2.290841579437256
gemma_t05,227231689,51,1.793752908706665
gemma_t05,227255526,51,2.3443849086761475
gemma_t05,227745074,51,2.8652963638305664
gemma_t05,227840539,51,1.6251471042633057
gemma_t05,229152766,51,2.795442819595337
gemma_t05,229363636,51,3.3672754764556885
gemma_t05,229365667,51,1.9516074657440186
gemma_t05,229365773,51,2.3636012077331543
gemma_t05,229365839,51,2.7019007205963135
gemma_t05,229371560,51,1.8558142185211182
gemma_t05,229376913,51,2.7339203357696533
gemma_t05,229376920,51,2.6495447158813477
gemma_t05,229679941,51,3.0525712966918945
gemma_t05,229923069,51,1.5514349937438965
gemma_t05,229923118,51,2.3213014602661133
gemma_t05,229923196,51,2.82192063331604
gemma_t05,229923207,51,2.448026657104492
gemma_t05,229923220,51,3.0659313201904297
gemma_t05,229923438,51,2.155985116958618
gemma_t05,229923538,51,2.0849175453186035
gemma_t05,229923551,51,2.8698551654815674
gemma_t05,229923747,51,2.2931020259857178
gemma_t05,229923749,51,2.4605977535247803
gemma_t05,229923903,51,2.1793885231018066
gemma_t05,229924005,51,2.1132941246032715
gemma_t05,229924184,51,2.2373318672180176
gemma_t05,229924220,51,2.375373363494873
gemma_t05,229924402,51,3.545471429824829
gemma_t05,230119728,51,1.760561227798462
gemma_t05,230433978,51,2.44836163520813
gemma_t05,230434014,51,2.6384739875793457
gemma_t05,230437591,51,2.1743619441986084
gemma_t05,230437613,51,2.1873297691345215
gemma_t05,230438816,51,2.3840622901916504
gemma_t05,231572779,51,1.591784954071045
gemma_t05,231592914,51,2.393022060394287
gemma_t05,231648372,51,3.297079086303711
gemma_t05,231698419,51,1.7476621866226196
gemma_t05,231698657,51,2.4468371868133545
gemma_t05,231704318,51,2.627455234527588
gemma_t05,231718729,51,1.9078444242477417
gemma_t05,231719525,51,2.566373348236084
gemma_t05,231740666,51,2.2962868213653564
gemma_t05,231749968,51,2.0130064487457275
gemma_t05,231750020,51,1.6824970245361328
gemma_t05,231879840,51,1.6918566226959229
gemma_t05,231951460,51,2.183938503265381
gemma_t05,232147874,51,2.7193820476531982
gemma_t05,232185112,51,2.3958396911621094
gemma_t05,232185275,51,2.4394619464874268
gemma_t05,232185425,51,1.5818108320236206
gemma_t05,232185439,51,2.2503132820129395
gemma_t05,232222189,51,2.183321952819824
gemma_t05,232233408,51,3.27970027923584
gemma_t05,232233599,51,1.8808388710021973
gemma_t05,232240181,51,2.8344616889953613
gemma_t05,232257699,51,2.2045083045959473
gemma_t05,232307006,51,2.1192994117736816
gemma_t05,232307434,51,2.2018496990203857
gemma_t05,232307483,51,2.225558042526245
gemma_t05,232335602,51,3.0613279342651367
gemma_t05,232335863,51,2.199040412902832
gemma_t05,232404131,51,1.9935966730117798
gemma_t05,232478685,51,2.3593428134918213
gemma_t05,233004708,51,1.9078125953674316
gemma_t05,233033916,51,3.115989923477173
gemma_t05,233189542,51,3.3027520179748535
gemma_t05,233189569,51,2.263235330581665
gemma_t05,233204406,51,1.9751572608947754
gemma_t05,233209848,51,1.8051810264587402
gemma_t05,233210110,51,2.9991507530212402
gemma_t05,233210195,51,2.4258370399475098
gemma_t05,233210199,51,2.358309507369995
gemma_t05,233210367,51,1.8297703266143799
gemma_t05,233210556,51,2.2417712211608887
gemma_t05,233219387,51,2.261195421218872
gemma_t05,233219395,51,1.8081300258636475
gemma_t05,233219660,51,2.4761948585510254
gemma_t05,233219933,51,1.8677111864089966
gemma_t05,233231453,51,2.972750663757324
gemma_t05,233231592,51,2.9199726581573486
gemma_t05,233240744,51,1.9905283451080322
gemma_t05,233240759,51,2.226606845855713
gemma_t05,233240823,51,2.307391881942749
gemma_t05,233241004,51,2.1087241172790527
gemma_t05,233241070,51,2.719374895095825
gemma_t05,233241169,51,2.6699063777923584
gemma_t05,233289620,51,2.2603414058685303
gemma_t05,233289621,51,1.9804725646972656
gemma_t05,233289750,51,2.677311420440674
gemma_t05,233296168,51,2.41717791557312
gemma_t05,233296182,51,2.462919235229492
gemma_t05,233296487,51,2.7894647121429443
gemma_t05,233296511,51,2.7638731002807617
gemma_t05,233296655,51,1.9882855415344238
gemma_t05,233296689,51,3.023542642593384
gemma_t05,233296709,51,2.3586511611938477
gemma_t05,233296775,51,2.184023141860962
gemma_t05,233297024,51,2.4717321395874023
gemma_t05,233304563,51,1.4724041223526
gemma_t05,233324564,51,2.9540252685546875
gemma_t05,233365172,51,1.9972699880599976
gemma_t05,233365339,51,2.61712908744812
gemma_t05,233423658,51,1.6655324697494507
gemma_t05,233444226,51,2.3261139392852783
gemma_t05,233481097,51,2.646069049835205
gemma_t05,233864627,51,2.8732006549835205
gemma_t05,234334712,51,1.9042474031448364
gemma_t05,234335834,51,2.701869487762451
gemma_t05,234337605,51,3.3567049503326416
gemma_t05,234341137,51,3.532841920852661
gemma_t05,234469638,51,1.8722659349441528
gemma_t05,234469858,51,3.2885241508483887
gemma_t05,234679287,51,1.6321980953216553
gemma_t05,234679391,51,2.4421122074127197
gemma_t05,234681504,51,2.947986125946045
gemma_t05,234741719,51,2.8926219940185547
gemma_t05,234762936,51,3.210639238357544
gemma_t05,234763248,51,2.195861339569092
gemma_t05,234778136,51,2.0750274658203125
gemma_t05,234790219,51,2.409562110900879
gemma_t05,235097275,51,1.8416006565093994
gemma_t05,235097294,51,2.7032277584075928
gemma_t05,235097313,51,2.3167831897735596
gemma_t05,235097561,51,2.1212501525878906
gemma_t05,235097625,51,2.472715139389038
gemma_t05,235097662,51,1.7603185176849365
gemma_t05,235125628,51,2.0159287452697754
gemma_t05,235166279,51,2.526284694671631
gemma_t05,235166395,51,2.2483959197998047
gemma_t05,235166497,51,2.2584218978881836
gemma_t05,235187032,51,1.85648775100708
gemma_t05,235196029,51,2.406900644302368
gemma_t05,235196067,51,2.2818763256073
gemma_t05,235212088,51,2.162630796432495
gemma_t05,235248187,51,1.85720956325531
gemma_t05,235253782,51,2.2191684246063232
gemma_t05,235253912,51,1.6856874227523804
gemma_t05,235254048,51,1.8027212619781494
gemma_t05,235254574,51,1.9055614471435547
gemma_t05,235254732,51,2.513155221939087
gemma_t05,235254796,51,2.0979435443878174
gemma_t05,235265858,51,2.117353916168213
gemma_t05,235266233,51,2.1935582160949707
gemma_t05,235266322,51,2.462222099304199
gemma_t05,235266324,51,2.811082124710083
gemma_t05,235293739,51,2.5133070945739746
gemma_t05,235293774,51,2.2473416328430176
gemma_t05,235293802,51,2.0212481021881104
gemma_t05,235293967,51,1.7388406991958618
gemma_t05,235294002,51,3.45668625831604
gemma_t05,235294081,51,2.4720003604888916
gemma_t05,235294296,51,2.404803514480591
gemma_t05,235313431,51,2.6314213275909424
gemma_t05,235313469,51,2.0702176094055176
gemma_t05,235313508,51,1.986301302909851
gemma_t05,235313546,51,1.6213709115982056
gemma_t05,235313658,51,2.315777063369751
gemma_t05,235313785,51,2.7711966037750244
gemma_t05,235313788,51,1.738181710243225
gemma_t05,235313818,51,1.849962592124939
gemma_t05,235313879,51,2.2326059341430664
gemma_t05,235313916,51,2.6341965198516846
gemma_t05,235313996,51,2.6622695922851562
gemma_t05,235352646,51,2.5215139389038086
gemma_t05,235358130,51,2.922884702682495
gemma_t05,235358897,51,2.057765483856201
gemma_t05,235358955,51,2.117640733718872
gemma_t05,235359141,51,3.014216423034668
gemma_t05,235364002,51,1.7045214176177979
gemma_t05,235364036,51,2.8694000244140625
gemma_t05,235367681,51,2.2205629348754883
gemma_t05,235368202,51,1.523239254951477
gemma_t05,235390503,51,2.1126596927642822
gemma_t05,235391043,51,2.0880849361419678
gemma_t05,235415270,51,3.5176920890808105
gemma_t05,235417102,51,2.161205530166626
gemma_t05,235417177,51,1.6134525537490845
gemma_t05,235417503,51,2.9834907054901123
gemma_t05,235422047,51,2.6734700202941895
gemma_t05,235433328,51,1.78766667842865
gemma_t05,235446895,51,1.6114200353622437
gemma_t05,235457983,51,1.5266841650009155
gemma_t05,235458570,51,2.3287408351898193
gemma_t05,235458620,51,2.4543511867523193
gemma_t05,235458643,51,3.368382453918457
gemma_t05,235485451,51,2.357325315475464
gemma_t05,235490087,51,3.148667812347412
gemma_t05,235652287,51,2.6873154640197754
gemma_t05,235669861,51,2.0043447017669678
gemma_t05,235683062,51,3.076672077178955
gemma_t05,235683485,51,2.4801533222198486
gemma_t05,235694265,51,3.4513072967529297
gemma_t05,235720578,51,2.562631607055664
gemma_t05,235794968,51,2.0870494842529297
gemma_t05,235795670,51,2.311274290084839
gemma_t05,235828923,51,2.1202588081359863
gemma_t05,235828943,51,1.4309778213500977
gemma_t05,235898896,51,2.4191861152648926
gemma_t05,236087808,51,2.527355432510376
gemma_t05,236171157,51,3.136352062225342
gemma_t05,236428724,51,1.6988009214401245
gemma_t05,236428961,51,2.2428770065307617
gemma_t05,236459819,51,2.0035183429718018
gemma_t05,236459826,51,2.427954912185669
gemma_t05,236459873,51,1.7766730785369873
gemma_t05,236459933,51,2.5649452209472656
gemma_t05,236459946,51,1.960564136505127
gemma_t05,236459953,51,2.7038989067077637
gemma_t05,236460001,51,2.579073905944824
gemma_t05,236460053,51,2.6908810138702393
gemma_t05,236460056,51,2.5537946224212646
gemma_t05,236460087,51,1.8347262144088745
gemma_t05,236460102,51,2.7038369178771973
gemma_t05,236460230,51,1.8219648599624634
gemma_t05,236460239,51,3.1332082748413086
gemma_t05,236460257,51,1.8914464712142944
gemma_t05,236460275,51,2.6780712604522705
gemma_t05,236460302,51,2.7003657817840576
gemma_t05,236460322,51,2.1236071586608887
gemma_t05,236477365,51,2.072735071182251
gemma_t05,236477682,51,2.2956607341766357
gemma_t05,236477844,51,2.678239583969116
gemma_t05,236477909,51,2.0018389225006104
gemma_t05,236478188,51,2.5339736938476562
gemma_t05,236478383,51,1.980153203010559
gemma_t05,236912915,51,3.72782039642334
gemma_t05,236924832,51,2.228513240814209
gemma_t05,236956577,51,2.5868079662323
gemma_t05,237091377,51,1.9098578691482544
gemma_t05,237213465,51,1.7398542165756226
gemma_t05,237251782,51,2.843601703643799
gemma_t05,237263305,51,2.889738082885742
gemma_t05,237304047,51,2.81561279296875
gemma_t05,237304067,51,2.5441746711730957
gemma_t05,237304520,51,2.0226335525512695
gemma_t05,237346893,51,2.4103879928588867
gemma_t05,237346897,51,3.437772750854492
gemma_t05,237347122,51,2.00956392288208
gemma_t05,237353665,51,2.000847578048706
gemma_t05,237365058,51,2.2468643188476562
gemma_t05,237386676,51,1.7189524173736572
gemma_t05,237416760,51,2.4673256874084473
gemma_t05,237420398,51,1.7178620100021362
gemma_t05,237420821,51,2.0293538570404053
gemma_t05,237421373,51,2.9924864768981934
gemma_t05,237431340,51,3.742241144180298
gemma_t05,237433655,51,2.205387830734253
gemma_t05,237439400,51,1.844889521598816
gemma_t05,237440319,51,1.8152477741241455
gemma_t05,237442211,51,3.089824914932251
gemma_t05,237442331,51,3.6584293842315674
gemma_t05,237452184,51,2.691328525543213
gemma_t05,237452236,51,1.8372297286987305
gemma_t05,237453242,51,1.9011410474777222
gemma_t05,237453543,51,2.382927417755127
gemma_t05,237453590,51,1.8068022727966309
gemma_t05,237454564,51,2.4277899265289307
gemma_t05,237485098,51,2.165712594985962
gemma_t05,237485454,51,2.1063408851623535
gemma_t05,237485472,51,2.496823310852051
gemma_t05,237485586,51,2.268468141555786
gemma_t05,237490811,51,2.991039276123047
gemma_t05,237491053,51,2.59975004196167
gemma_t05,237491444,51,2.0126588344573975
gemma_t05,237491751,51,2.965231418609619
gemma_t05,237492043,51,1.8807915449142456
gemma_t05,237492197,51,2.7208526134490967
gemma_t05,237500283,51,2.355458974838257
gemma_t05,237504105,51,1.737355351448059
gemma_t05,237507028,51,3.741840362548828
gemma_t05,237513360,51,2.1365954875946045
gemma_t05,237532321,51,1.649636149406433
gemma_t05,237532404,51,1.9971776008605957
gemma_t05,237561567,51,2.448577880859375
gemma_t05,237562875,51,2.110503673553467
gemma_t05,237562927,51,3.170682430267334
gemma_t05,237568724,51,3.499168634414673
gemma_t05,237571370,51,1.5614514350891113
gemma_t05,237571691,51,2.473972797393799
gemma_t05,237572304,51,1.9632525444030762
gemma_t05,237581068,51,1.7473703622817993
gemma_t05,237698810,51,2.15937876701355
gemma_t05,237940082,51,1.8462369441986084
gemma_t05,237940206,51,3.5871145725250244
gemma_t05,237940558,51,2.311047315597534
gemma_t05,238198104,51,2.179710626602173
gemma_t05,238198383,51,3.095310926437378
gemma_t05,238226978,51,2.249612808227539
gemma_t05,238259221,51,1.883164405822754
gemma_t05,238259403,51,2.355555772781372
gemma_t05,238634750,51,3.057349920272827
gemma_t05,238744497,51,2.0615577697753906
gemma_t05,238856828,51,2.372504949569702
gemma_t05,238856900,51,2.0963265895843506
gemma_t05,238857078,51,1.7438722848892212
gemma_t05,238857121,51,3.216867685317993
gemma_t05,238857301,51,3.0950815677642822
gemma_t05,238857304,51,3.052067518234253
gemma_t05,239009558,51,2.496824264526367
gemma_t05,239009606,51,2.3803513050079346
gemma_t05,239015827,51,2.2794437408447266
gemma_t05,239015946,51,2.998363971710205
gemma_t05,239016123,51,2.9298524856567383
gemma_t05,239016717,51,1.578250765800476
gemma_t05,239016893,51,2.377528667449951
gemma_t05,239049842,51,2.240673065185547
gemma_t05,240225648,51,2.309858560562134
gemma_t05,240288892,51,2.9800333976745605
gemma_t05,241032941,51,1.9804412126541138
gemma_t05,241033259,51,3.520388126373291
gemma_t05,241583340,51,2.742102861404419
gemma_t05,241583576,51,1.708831787109375
gemma_t05,243865127,51,2.0860328674316406
gemma_t05,243865204,51,2.202988386154175
gemma_t05,243865235,51,2.364824056625366
gemma_t05,243865296,51,1.883342981338501
gemma_t05,243865314,51,1.916757345199585
gemma_t05,243865355,51,2.5356245040893555
gemma_t05,243865391,51,2.827904224395752
gemma_t05,243865395,51,2.3296422958374023
gemma_t05,243865399,51,2.7180213928222656
gemma_t05,244117167,51,2.302096366882324
gemma_t05,244909056,51,2.4776670932769775
gemma_t05,245124270,51,1.7945343255996704
gemma_t05,245130931,51,3.9355835914611816
gemma_t05,245131402,51,2.6116902828216553
gemma_t05,245144752,51,2.4217257499694824
gemma_t05,245218563,51,2.01995849609375
gemma_t05,245218671,51,2.7855043411254883
gemma_t05,245218982,51,2.327284574508667
gemma_t05,245219268,51,2.8467652797698975
gemma_t05,245219282,51,3.1100051403045654
gemma_t05,245334784,51,2.0182957649230957
gemma_t05,245836939,51,3.1007933616638184
gemma_t05,245853756,51,2.0129525661468506
gemma_t05,245855870,51,2.4488441944122314
gemma_t05,246016271,51,2.3987653255462646
gemma_t05,246017095,51,2.677774429321289
gemma_t05,246063436,51,1.7229167222976685
gemma_t05,246867373,51,2.167569637298584
gemma_t05,247158838,51,2.9686977863311768
gemma_t05,247159046,51,2.0306103229522705
gemma_t05,247187588,51,2.575421094894409
gemma_t05,247222710,51,2.648881435394287
gemma_t05,247291740,51,1.860857605934143
gemma_t05,247315166,51,2.8060643672943115
gemma_t05,247315260,51,1.880487322807312
gemma_t05,247362971,51,1.866812825202942
gemma_t05,247411350,51,2.2663774490356445
gemma_t05,247446572,51,2.1084556579589844
gemma_t05,247446894,51,1.9533567428588867
gemma_t05,247447662,51,2.6339292526245117
gemma_t05,247450580,51,1.682106852531433
gemma_t05,247450969,51,3.331965923309326
gemma_t05,247451025,51,1.7207988500595093
gemma_t05,247451243,51,1.9230605363845825
gemma_t05,247475919,51,4.2751030921936035
gemma_t05,247518984,51,1.9917646646499634
gemma_t05,247519084,51,2.8327157497406006
gemma_t05,247593812,51,2.2255399227142334
gemma_t05,247594302,51,3.355487108230591
gemma_t05,247594716,51,1.875080943107605
gemma_t05,247594869,51,1.868713617324829
gemma_t05,247595094,51,2.6927742958068848
gemma_t05,247595225,51,2.1297059059143066
gemma_t05,247596835,51,2.5231142044067383
gemma_t05,247748640,51,2.3218038082122803
gemma_t05,247748753,51,2.477705955505371
gemma_t05,247748809,51,3.499124765396118
gemma_t05,247762948,51,1.8401813507080078
gemma_t05,247792843,51,2.5435099601745605
gemma_t05,247849293,51,2.1226067543029785
gemma_t05,247958465,51,2.932605743408203
gemma_t05,248069378,51,2.342700719833374
gemma_t05,248085045,51,2.322577476501465
gemma_t05,248118588,51,2.056910276412964
gemma_t05,248118703,51,1.7956957817077637
gemma_t05,248157348,51,2.8906962871551514
gemma_t05,248227577,51,2.08740496635437
gemma_t05,248227660,51,2.047793388366699
gemma_t05,248239933,51,1.6513781547546387
gemma_t05,248377325,51,2.4943723678588867
gemma_t05,248377585,51,1.681778907775879
gemma_t05,248406097,51,2.0167198181152344
gemma_t05,248427016,51,1.8763368129730225
gemma_t05,248476156,51,1.5210407972335815
gemma_t05,248512779,51,2.2269012928009033
gemma_t05,248524999,51,3.511448621749878
gemma_t05,248721950,51,1.9342154264450073
gemma_t05,248779865,51,3.117929220199585
gemma_t05,248780015,51,2.2569525241851807
gemma_t05,248780118,51,1.8839693069458008
gemma_t05,248780173,51,2.0887739658355713
gemma_t05,248780372,51,2.1180946826934814
gemma_t05,248780440,51,2.6273398399353027
gemma_t05,248780469,51,2.0949480533599854
gemma_t05,248780517,51,1.5417629480361938
gemma_t05,248811704,51,1.8713515996932983
gemma_t05,248888019,51,1.5423413515090942
gemma_t05,248962000,51,1.7637264728546143
gemma_t05,248987526,51,3.2161478996276855
gemma_t05,249062699,51,2.3645293712615967
gemma_t05,249062866,51,2.612643003463745
gemma_t05,249151979,51,1.8301622867584229
gemma_t05,249172784,51,1.829301118850708
gemma_t05,249209909,51,1.5079021453857422
gemma_t05,249240598,51,2.370265007019043
gemma_t05,249687727,51,2.7305362224578857
gemma_t05,250311114,51,2.331411600112915
gemma_t05,250390839,51,1.6384572982788086
gemma_t05,250390923,51,2.046139717102051
gemma_t05,251765463,51,2.470214366912842
gemma_t05,252089779,51,2.0141522884368896
gemma_t05,252439211,51,2.1221182346343994
gemma_t05,252693442,51,1.8955186605453491
gemma_t05,252735160,51,2.8636884689331055
gemma_t05,252735212,51,2.4066567420959473
gemma_t05,252762414,51,2.1298413276672363
gemma_t05,252780775,51,2.145663261413574
gemma_t05,252815378,51,2.12176775932312
gemma_t05,252846273,51,2.1062943935394287
gemma_t05,252873593,51,2.7686545848846436
gemma_t05,252907428,51,2.780242919921875
gemma_t05,252967945,51,2.7970151901245117
gemma_t05,252992571,51,2.160393238067627
gemma_t05,253018348,51,1.6793532371520996
gemma_t05,253097741,51,2.806330680847168
gemma_t05,253098632,51,1.9409704208374023
gemma_t05,253107167,51,1.8190975189208984
gemma_t05,253157899,51,2.0860934257507324
gemma_t05,253224433,51,2.6764609813690186
gemma_t05,253237701,51,2.3396270275115967
gemma_t05,253244049,51,3.104562997817993
gemma_t05,253420743,51,3.785491704940796
gemma_t05,253447251,51,1.6891536712646484
gemma_t05,253510953,51,1.971229910850525
gemma_t05,253735139,51,2.0232253074645996
gemma_t05,253762071,51,2.678443670272827
gemma_t05,254275120,51,1.9901551008224487
gemma_t05,254591242,51,2.1441330909729004
gemma_t05,254686088,51,2.010667085647583
gemma_t05,254823156,51,2.007115602493286
gemma_t05,254854009,51,1.7231537103652954
gemma_t05,254854257,51,2.0192501544952393
gemma_t05,254854495,51,3.6340034008026123
gemma_t05,254877229,51,2.162487745285034
gemma_t05,254877371,51,2.3578381538391113
gemma_t05,254877569,51,2.592233419418335
gemma_t05,254877590,51,3.463609218597412
gemma_t05,256461033,51,2.5951273441314697
gemma_t05,257365015,51,2.123914957046509
gemma_t05,257833897,51,2.5649046897888184
gemma_t05,258352678,51,3.0517616271972656
gemma_t05,258378275,51,1.8981026411056519
gemma_t05,258480165,51,2.650017023086548
gemma_t05,258547173,51,3.2297708988189697
gemma_t05,258762343,51,2.4396798610687256
gemma_t05,258822870,51,2.3582346439361572
gemma_t05,258832427,51,2.3721842765808105
gemma_t05,258865558,51,2.059993028640747
gemma_t05,258887946,51,2.0382235050201416
gemma_t05,258947457,51,1.7355825901031494
gemma_t05,258967265,51,2.397580146789551
gemma_t05,259251773,51,2.7036778926849365
gemma_t05,259370700,51,3.1963284015655518
gemma_t05,259370817,51,2.8039498329162598
gemma_t05,259370847,51,2.5959627628326416
gemma_t05,259847758,51,2.2068662643432617
gemma_t05,260316324,51,1.909528136253357
gemma_t05,260490640,51,2.308955192565918
gemma_t05,260537993,51,2.3559699058532715
gemma_t05,260557571,51,2.2177255153656006
gemma_t05,260704223,51,2.520301580429077
gemma_t05,261432085,51,2.373269557952881
gemma_t05,263266654,51,3.1527175903320312
gemma_t05,263334529,51,1.8281480073928833
gemma_t05,263610040,51,2.3968772888183594
gemma_t05,263797079,51,1.7686561346054077
gemma_t05,263797641,51,3.153571128845215
gemma_t05,263864711,51,3.379901647567749
gemma_t05,263876556,51,1.8094643354415894
gemma_t05,263877300,51,2.183229684829712
gemma_t05,263883914,51,1.5292956829071045
gemma_t05,263883936,51,2.38698673248291
gemma_t05,264147090,51,2.3936216831207275
gemma_t05,264591429,51,3.9861834049224854
gemma_t05,264719695,51,2.875405788421631
gemma_t05,265067269,51,2.2860450744628906
gemma_t05,265157516,51,2.261784791946411
gemma_t05,265157884,51,2.9485509395599365
gemma_t05,265212821,51,3.399697780609131
gemma_t05,265221210,51,2.801868200302124
gemma_t05,265607943,51,1.5888429880142212
gemma_t05,265608038,51,2.8929452896118164
gemma_t05,265608057,51,1.4378948211669922
gemma_t05,265962751,51,2.092543601989746
gemma_t05,268357635,51,2.6110033988952637
gemma_t15,543,51,2.8984768390655518
gemma_t15,1105,51,4.4617109298706055
gemma_t15,1587,51,3.062192440032959
gemma_t15,17355,51,3.1775870323181152
gemma_t15,20744,51,3.3715121746063232
gemma_t15,39011,51,3.472564220428467
gemma_t15,41263,51,2.983952045440674
gemma_t15,61274,51,3.2618870735168457
gemma_t15,89639,51,3.97918701171875
gemma_t15,92327,51,3.0624148845672607
gemma_t15,94285,51,3.9144413471221924
gemma_t15,96824,51,3.2482802867889404
gemma_t15,106054,51,3.6836438179016113
gemma_t15,115174,51,5.757413387298584
gemma_t15,122829,51,2.7698066234588623
gemma_t15,126584,51,3.1104447841644287
gemma_t15,133195,51,3.829092264175415
gemma_t15,138716,51,2.392641544342041
gemma_t15,139787,51,2.62095046043396
gemma_t15,141282,51,2.712146520614624
gemma_t15,142368,51,2.7707786560058594
gemma_t15,146843,51,4.118647575378418
gemma_t15,151184,51,3.2342703342437744
gemma_t15,162169,51,1.9941902160644531
gemma_t15,173611,51,4.122602939605713
gemma_t15,203279,51,3.3250632286071777
gemma_t15,207468,51,2.3971660137176514
gemma_t15,217895,51,3.0520737171173096
gemma_t15,220553,51,2.766576051712036
gemma_t15,223637,51,3.1292457580566406
gemma_t15,230735,51,2.749075412750244
gemma_t15,235645,51,2.6328024864196777
gemma_t15,247735,51,3.6053659915924072
gemma_t15,256149,51,2.600498676300049
gemma_t15,259144,51,3.5838284492492676
gemma_t15,306227,51,3.882997512817383
gemma_t15,326903,51,3.4572598934173584
gemma_t15,337390,51,3.8006529808044434
gemma_t15,338760,51,3.4170854091644287
gemma_t15,340852,51,3.016070604324341
gemma_t15,384520,51,3.1537070274353027
gemma_t15,406026,51,3.052198648452759
gemma_t15,414569,51,4.202252388000488
gemma_t15,437687,51,2.8357040882110596
gemma_t15,441563,51,4.330954551696777
gemma_t15,472478,51,3.5317461490631104
gemma_t15,497108,51,3.052095651626587
gemma_t15,524450,51,3.294855833053589
gemma_t15,557620,51,3.110154151916504
gemma_t15,560565,51,2.6906821727752686
gemma_t15,574574,51,3.6251516342163086
gemma_t15,577805,51,2.8790252208709717
gemma_t15,600412,51,4.5372633934021
gemma_t15,605706,51,2.7887775897979736
gemma_t15,617993,51,5.790868282318115
gemma_t15,630188,51,2.928304672241211
gemma_t15,631855,51,3.572413444519043
gemma_t15,652921,51,2.6374330520629883
gemma_t15,687037,51,3.0739550590515137
gemma_t15,696805,51,3.0580685138702393
gemma_t15,725590,51,3.92903995513916
gemma_t15,744471,51,2.5926449298858643
gemma_t15,747342,51,3.4094290733337402
gemma_t15,767485,51,2.618558883666992
gemma_t15,836219,51,3.5648694038391113
gemma_t15,842881,51,4.601380825042725
gemma_t15,845121,51,2.9337432384490967
gemma_t15,857321,51,3.1945278644561768
gemma_t15,862713,51,3.2554373741149902
gemma_t15,870211,51,3.392136573791504
gemma_t15,881437,51,3.501960039138794
gemma_t15,905565,51,4.490672588348389
gemma_t15,930231,51,3.154637098312378
gemma_t15,931054,51,4.191627502441406
gemma_t15,940795,51,2.8536882400512695
gemma_t15,950358,51,2.097536087036133
gemma_t15,955518,51,3.374523639678955
gemma_t15,969555,51,4.11829948425293
gemma_t15,989439,51,2.7164149284362793
gemma_t15,1040556,51,3.6948699951171875
gemma_t15,1044865,51,2.42055606842041
gemma_t15,1066490,51,2.7961201667785645
gemma_t15,1077383,51,4.854249000549316
gemma_t15,1104123,51,5.065079212188721
gemma_t15,1117579,51,3.6322667598724365
gemma_t15,1125916,51,3.756126880645752
gemma_t15,1137329,51,3.104170322418213
gemma_t15,1139225,51,2.521209478378296
gemma_t15,1139492,51,3.425171375274658
gemma_t15,1234375,51,3.3383877277374268
gemma_t15,1240016,51,3.060739278793335
gemma_t15,1254267,51,4.728104114532471
gemma_t15,1260035,51,4.265916347503662
gemma_t15,1267472,51,2.961266279220581
gemma_t15,1269020,51,2.944295644760132
gemma_t15,1311547,51,2.737229108810425
gemma_t15,1336493,51,3.4367668628692627
gemma_t15,1356505,51,3.6573729515075684
gemma_t15,1389483,51,3.659363031387329
gemma_t15,1434196,51,3.112579345703125
gemma_t15,1499080,51,2.438121795654297
gemma_t15,1508909,51,2.7345564365386963
gemma_t15,1511192,51,2.5974695682525635
gemma_t15,1541076,51,4.347925662994385
gemma_t15,1553193,51,3.4434070587158203
gemma_t15,1563223,51,4.2433881759643555
gemma_t15,1564278,51,3.281994581222534
gemma_t15,1567400,51,2.95478892326355
gemma_t15,1570443,51,2.7088277339935303
gemma_t15,1642392,51,2.764598846435547
gemma_t15,1662415,51,4.763699054718018
gemma_t15,1675452,51,3.2492403984069824
gemma_t15,1689426,51,3.2490715980529785
gemma_t15,1707814,51,4.519985675811768
gemma_t15,1762731,51,3.600090980529785
gemma_t15,1766244,51,3.16292142868042
gemma_t15,1770102,51,3.5460805892944336
gemma_t15,1774259,51,4.057101726531982
gemma_t15,1828592,51,2.6769957542419434
gemma_t15,1828713,51,4.316836833953857
gemma_t15,1848109,51,3.288645029067993
gemma_t15,1854889,51,3.96828293800354
gemma_t15,1862889,51,3.477978229522705
gemma_t15,1880070,51,3.568754196166992
gemma_t15,1919756,51,4.494135856628418
gemma_t15,1929239,51,5.237953186035156
gemma_t15,1966079,51,3.5971121788024902
gemma_t15,1969767,51,4.025752544403076
gemma_t15,1992250,51,2.9184410572052
gemma_t15,2012188,51,2.6780805587768555
gemma_t15,2021980,51,2.701706886291504
gemma_t15,2061169,51,2.905855417251587
gemma_t15,2061341,51,3.5526959896087646
gemma_t15,2131938,51,4.2090744972229
gemma_t15,2140766,51,2.991691827774048
gemma_t15,2146847,51,3.4207210540771484
gemma_t15,2159818,51,4.5218424797058105
gemma_t15,2162648,51,3.552407741546631
gemma_t15,2162860,51,3.7037510871887207
gemma_t15,2201909,51,2.8041186332702637
gemma_t15,2204603,51,3.004910469055176
gemma_t15,2204967,51,3.300793170928955
gemma_t15,2213896,51,3.4004476070404053
gemma_t15,2216180,51,3.0350396633148193
gemma_t15,2228719,51,3.578775405883789
gemma_t15,2233498,51,3.3487884998321533
gemma_t15,2250656,51,2.6263959407806396
gemma_t15,2267179,51,2.588108777999878
gemma_t15,2271146,51,3.0953989028930664
gemma_t15,2302492,51,3.36942982673645
gemma_t15,2303379,51,3.194577693939209
gemma_t15,2317858,51,3.3174562454223633
gemma_t15,2318481,51,3.017011880874634
gemma_t15,2325074,51,3.400761127471924
gemma_t15,2334067,51,2.922553539276123
gemma_t15,2367456,51,2.787348508834839
gemma_t15,2380086,51,3.2034189701080322
gemma_t15,2390655,51,3.6727817058563232
gemma_t15,2418468,51,3.154541015625
gemma_t15,2425494,51,3.766547679901123
gemma_t15,2426309,51,3.147667646408081
gemma_t15,2434362,51,3.5778937339782715
gemma_t15,2454882,51,2.6328542232513428
gemma_t15,2493033,51,3.2883636951446533
gemma_t15,2496355,51,3.3091530799865723
gemma_t15,2556949,51,4.277644634246826
gemma_t15,2574224,51,2.550344944000244
gemma_t15,2592133,51,5.019750118255615
gemma_t15,2593903,51,3.0791397094726562
gemma_t15,2597568,51,4.333240509033203
gemma_t15,2623009,51,3.226271390914917
gemma_t15,2625301,51,3.290262460708618
gemma_t15,2654931,51,4.028524398803711
gemma_t15,2717698,51,4.078505516052246
gemma_t15,2742513,51,3.51334285736084
gemma_t15,2760254,51,3.4382011890411377
gemma_t15,2782776,51,3.0783498287200928
gemma_t15,2783746,51,3.7829697132110596
gemma_t15,2790679,51,4.559677600860596
gemma_t15,2797612,51,2.8201117515563965
gemma_t15,2812117,51,3.12483549118042
gemma_t15,2816661,51,3.750779628753662
gemma_t15,2820782,51,4.544976234436035
gemma_t15,2839348,51,3.3455331325531006
gemma_t15,2844066,51,2.349149465560913
gemma_t15,2867243,51,2.6408941745758057
gemma_t15,2868247,51,2.1756091117858887
gemma_t15,2882092,51,3.6630051136016846
gemma_t15,2887257,51,3.419100761413574
gemma_t15,2897037,51,3.25862979888916
gemma_t15,2905151,51,2.5799214839935303
gemma_t15,2937095,51,4.231268405914307
gemma_t15,2944650,51,3.924567699432373
gemma_t15,2948298,51,3.4284558296203613
gemma_t15,2952144,51,3.11008358001709
gemma_t15,2973141,51,2.210982084274292
gemma_t15,2986205,51,3.1188180446624756
gemma_t15,2990483,51,2.9663846492767334
gemma_t15,3016990,51,4.7968034744262695
gemma_t15,3033303,51,3.18442440032959
gemma_t15,3051772,51,3.280961036682129
gemma_t15,3063394,51,1.8862193822860718
gemma_t15,3065236,51,3.0991947650909424
gemma_t15,3083231,51,3.762040615081787
gemma_t15,3089175,51,2.6919257640838623
gemma_t15,3101865,51,4.767372131347656
gemma_t15,3127682,51,3.464789867401123
gemma_t15,3130692,51,3.2196855545043945
gemma_t15,3132651,51,4.915144443511963
gemma_t15,3144258,51,3.5363106727600098
gemma_t15,3160937,51,3.1571781635284424
gemma_t15,3202289,51,3.4109690189361572
gemma_t15,3221856,51,2.9817302227020264
gemma_t15,3222040,51,3.044613838195801
gemma_t15,3257353,51,4.426981449127197
gemma_t15,3262717,51,3.568425416946411
gemma_t15,3265924,51,4.26285982131958
gemma_t15,3274110,51,4.120839595794678
gemma_t15,3278107,51,4.009947299957275
gemma_t15,3282953,51,3.035829544067383
gemma_t15,3291104,51,2.7268664836883545
gemma_t15,3295641,51,3.1612985134124756
gemma_t15,3351788,51,2.898890256881714
gemma_t15,3401524,51,2.659485101699829
gemma_t15,3413244,51,2.973146438598633
gemma_t15,3426453,51,3.021260976791382
gemma_t15,3438497,51,5.350104331970215
gemma_t15,3504755,51,3.131908416748047
gemma_t15,3510042,51,2.077207565307617
gemma_t15,3514435,51,3.032956838607788
gemma_t15,3526062,51,2.2003731727600098
gemma_t15,3526501,51,2.9848341941833496
gemma_t15,3527244,51,3.8370163440704346
gemma_t15,3527842,51,2.9676406383514404
gemma_t15,3536005,51,3.706528425216675
gemma_t15,3555187,51,2.9574286937713623
gemma_t15,3565485,51,2.9865899085998535
gemma_t15,3576631,51,3.1172735691070557
gemma_t15,3598758,51,3.108031749725342
gemma_t15,3623373,51,3.115718364715576
gemma_t15,3641676,51,3.4194862842559814
gemma_t15,3656086,51,2.4186196327209473
gemma_t15,3662564,51,3.1190717220306396
gemma_t15,3666937,51,2.6917970180511475
gemma_t15,3677429,51,3.5277483463287354
gemma_t15,3718988,51,3.0698907375335693
gemma_t15,3792324,51,2.4750258922576904
gemma_t15,3806582,51,3.6942992210388184
gemma_t15,3882054,51,3.066697597503662
gemma_t15,3896491,51,3.2638447284698486
gemma_t15,3913537,51,4.271413326263428
gemma_t15,3932228,51,2.4664881229400635
gemma_t15,3933075,51,3.734020709991455
gemma_t15,4248450,51,3.029702663421631
gemma_t15,4310945,51,2.9930710792541504
gemma_t15,4311707,51,2.9720513820648193
gemma_t15,4354069,51,2.157263994216919
gemma_t15,4406182,51,3.0493462085723877
gemma_t15,4411469,51,4.682557582855225
gemma_t15,4460159,51,3.6851203441619873
gemma_t15,4547415,51,3.9318058490753174
gemma_t15,4588148,51,3.6498875617980957
gemma_t15,4623739,51,3.145750045776367
gemma_t15,4654482,51,2.785980224609375
gemma_t15,4698173,51,3.5198111534118652
gemma_t15,4702087,51,2.9872891902923584
gemma_t15,4715568,51,3.1936745643615723
gemma_t15,4732544,51,3.9818532466888428
gemma_t15,4792796,51,4.312094211578369
gemma_t15,4829361,51,2.898873805999756
gemma_t15,4859003,51,3.605902910232544
gemma_t15,4891749,51,2.673572301864624
gemma_t15,4894130,51,3.201298236846924
gemma_t15,4895939,51,2.664254903793335
gemma_t15,4899062,51,3.0741004943847656
gemma_t15,4929974,51,2.5757415294647217
gemma_t15,4936344,51,3.2270634174346924
gemma_t15,4942335,51,3.797384023666382
gemma_t15,4948322,51,4.594959735870361
gemma_t15,4953145,51,2.9591188430786133
gemma_t15,4956100,51,2.8966665267944336
gemma_t15,4957155,51,2.842174768447876
gemma_t15,4975368,51,3.5866825580596924
gemma_t15,4981128,51,2.8034896850585938
gemma_t15,5001921,51,2.86055850982666
gemma_t15,5013006,51,4.286940574645996
gemma_t15,5016370,51,3.0392415523529053
gemma_t15,5019682,51,4.0010809898376465
gemma_t15,5020278,51,2.8670809268951416
gemma_t15,5033484,51,4.858654975891113
gemma_t15,5053850,51,3.3479087352752686
gemma_t15,5062433,51,3.423017978668213
gemma_t15,5066019,51,2.5975422859191895
gemma_t15,5068376,51,2.2208147048950195
gemma_t15,5068554,51,1.998707890510559
gemma_t15,5068596,51,3.5596137046813965
gemma_t15,5071138,51,2.904613971710205
gemma_t15,5073886,51,3.427459239959717
gemma_t15,5092868,51,2.4819893836975098
gemma_t15,5112038,51,2.8628573417663574
gemma_t15,5118729,51,4.061661720275879
gemma_t15,5125975,51,3.2908565998077393
gemma_t15,5163433,51,6.321916580200195
gemma_t15,5165773,51,3.89147686958313
gemma_t15,5165854,51,3.82938814163208
gemma_t15,5187426,51,3.840292453765869
gemma_t15,5191821,51,3.3744261264801025
gemma_t15,5204434,51,3.3425021171569824
gemma_t15,5213476,51,2.846278667449951
gemma_t15,5234044,51,2.6231844425201416
gemma_t15,5241137,51,4.671082019805908
gemma_t15,5247929,51,3.8508238792419434
gemma_t15,5252401,51,2.961465358734131
gemma_t15,5252952,51,4.169577121734619
gemma_t15,5267356,51,2.3839962482452393
gemma_t15,5403702,51,4.109175205230713
gemma_t15,5410083,51,3.8924636840820312
gemma_t15,5462493,51,3.04463529586792
gemma_t15,5509911,51,3.4998550415039062
gemma_t15,5519060,51,4.058558940887451
gemma_t15,5535381,51,3.3737831115722656
gemma_t15,5557854,51,2.619020700454712
gemma_t15,5591459,51,4.9530253410339355
gemma_t15,5617603,51,2.993709087371826
gemma_t15,5628616,51,5.070037841796875
gemma_t15,5632184,51,2.489708423614502
gemma_t15,5636935,51,3.450817108154297
gemma_t15,5649853,51,2.959965944290161
gemma_t15,5673925,51,3.608628273010254
gemma_t15,5729159,51,3.437333106994629
gemma_t15,5737359,51,3.5860252380371094
gemma_t15,5740960,51,2.992469072341919
gemma_t15,5761781,51,4.02574348449707
gemma_t15,5776384,51,2.427306652069092
gemma_t15,5779419,51,2.815450668334961
gemma_t15,5802667,51,3.3886215686798096
gemma_t15,5815755,51,3.9456627368927
gemma_t15,5816303,51,3.1883466243743896
gemma_t15,5818711,51,4.056933403015137
gemma_t15,5821457,51,3.535576343536377
gemma_t15,5825949,51,3.6888463497161865
gemma_t15,5859332,51,2.7515037059783936
gemma_t15,5968971,51,4.674379825592041
gemma_t15,5993783,51,2.0825417041778564
gemma_t15,6008960,51,4.5533318519592285
gemma_t15,6118285,51,2.5203821659088135
gemma_t15,6157828,51,2.1335222721099854
gemma_t15,6183556,51,2.9256765842437744
gemma_t15,6197592,51,4.476245403289795
gemma_t15,6206777,51,2.9214518070220947
gemma_t15,6222768,51,3.7468101978302
gemma_t15,6235360,51,3.47471284866333
gemma_t15,6237722,51,3.1381425857543945
gemma_t15,6246116,51,5.658216953277588
gemma_t15,6246996,51,3.1692373752593994
gemma_t15,6249194,51,3.1568984985351562
gemma_t15,6263378,51,3.6643497943878174
gemma_t15,6278207,51,3.2310476303100586
gemma_t15,6311642,51,2.7742905616760254
gemma_t15,6359641,51,2.920894145965576
gemma_t15,6360322,51,3.680060625076294
gemma_t15,6364632,51,2.415090799331665
gemma_t15,6380915,51,2.8825907707214355
gemma_t15,6397026,51,2.4505233764648438
gemma_t15,6428039,51,3.3159871101379395
gemma_t15,6430837,51,3.5996336936950684
gemma_t15,6441832,51,3.301292896270752
gemma_t15,6452487,51,2.558342933654785
gemma_t15,6453515,51,2.513533115386963
gemma_t15,6468765,51,3.59543776512146
gemma_t15,6506243,51,3.21903920173645
gemma_t15,6508854,51,2.833305835723877
gemma_t15,6529193,51,4.363225936889648
gemma_t15,6532096,51,2.4846601486206055
gemma_t15,6540287,51,3.4684274196624756
gemma_t15,6541910,51,3.7064177989959717
gemma_t15,6551751,51,3.150921583175659
gemma_t15,6561519,51,2.6506242752075195
gemma_t15,6618571,51,4.783458709716797
gemma_t15,6627923,51,3.7010035514831543
gemma_t15,6660863,51,2.954326868057251
gemma_t15,6666052,51,2.5614094734191895
gemma_t15,6683636,51,2.297382354736328
gemma_t15,6713076,51,4.675978660583496
gemma_t15,6728280,51,2.9566283226013184
gemma_t15,6737909,51,4.110721111297607
gemma_t15,6772589,51,2.4457175731658936
gemma_t15,6797800,51,2.9906768798828125
gemma_t15,6803340,51,3.511908531188965
gemma_t15,6879481,51,2.1530463695526123
gemma_t15,6881637,51,3.1975202560424805
gemma_t15,6922426,51,2.5521018505096436
gemma_t15,6981674,51,2.959747791290283
gemma_t15,7013414,51,2.5411643981933594
gemma_t15,7074119,51,2.5832111835479736
gemma_t15,7100502,51,3.005160093307495
gemma_t15,7139779,51,3.252631664276123
gemma_t15,7146903,51,3.783564329147339
gemma_t15,7172294,51,4.020430088043213
gemma_t15,7182393,51,3.1541197299957275
gemma_t15,7197241,51,4.016444683074951
gemma_t15,7197724,51,3.0376875400543213
gemma_t15,7212585,51,3.2783994674682617
gemma_t15,7218315,51,3.528007745742798
gemma_t15,7294125,51,2.212002754211426
gemma_t15,7294316,51,4.335631370544434
gemma_t15,7311195,51,3.90535044670105
gemma_t15,7397938,51,3.2686851024627686
gemma_t15,7403346,51,3.672511100769043
gemma_t15,7410732,51,2.6959519386291504
gemma_t15,7413367,51,3.057445526123047
gemma_t15,7417943,51,3.235872983932495
gemma_t15,7421176,51,2.7735650539398193
gemma_t15,7454072,51,3.707265853881836
gemma_t15,7473831,51,3.0226540565490723
gemma_t15,7475429,51,4.134664535522461
gemma_t15,7490434,51,3.0841379165649414
gemma_t15,7497218,51,3.0997722148895264
gemma_t15,7499734,51,3.8026535511016846
gemma_t15,7516595,51,2.4569928646087646
gemma_t15,7557552,51,3.8046510219573975
gemma_t15,7617879,51,5.472991466522217
gemma_t15,7658338,51,4.367237567901611
gemma_t15,7663461,51,6.845596790313721
gemma_t15,7665329,51,2.4404637813568115
gemma_t15,7680936,51,3.146127462387085
gemma_t15,7699280,51,3.0124459266662598
gemma_t15,7708374,51,3.001934766769409
gemma_t15,7752968,51,2.9236342906951904
gemma_t15,7785983,51,3.1892523765563965
gemma_t15,7819714,51,2.982022762298584
gemma_t15,7890036,51,6.372044086456299
gemma_t15,7988167,51,2.985243558883667
gemma_t15,8008954,51,3.0588138103485107
gemma_t15,8012781,51,1.8986018896102905
gemma_t15,8021351,51,2.860295534133911
gemma_t15,8031974,51,2.434387683868408
gemma_t15,8052901,51,2.2631285190582275
gemma_t15,8066499,51,2.4554269313812256
gemma_t15,8198608,51,3.044045925140381
gemma_t15,8202418,51,4.24825382232666
gemma_t15,8229552,51,2.970203399658203
gemma_t15,8280711,51,3.420738697052002
gemma_t15,8387007,51,2.5810673236846924
gemma_t15,8395799,51,2.4488234519958496
gemma_t15,8523995,51,3.289323568344116
gemma_t15,8528301,51,2.561192035675049
gemma_t15,8586038,51,3.3390114307403564
gemma_t15,8677917,51,3.592329978942871
gemma_t15,8723181,51,3.352989912033081
gemma_t15,8723311,51,3.3995397090911865
gemma_t15,8821211,51,3.4889461994171143
gemma_t15,8940645,51,3.8097853660583496
gemma_t15,9124334,51,3.1882057189941406
gemma_t15,9134916,51,3.0043139457702637
gemma_t15,9135033,51,2.7554194927215576
gemma_t15,9137624,51,3.853863477706909
gemma_t15,9163756,51,2.798844814300537
gemma_t15,9164793,51,2.8242435455322266
gemma_t15,9187880,51,2.8175621032714844
gemma_t15,9192723,51,2.9663450717926025
gemma_t15,9197196,51,3.1641557216644287
gemma_t15,9205021,51,4.215643405914307
gemma_t15,9251622,51,3.0463085174560547
gemma_t15,9268430,51,4.031822681427002
gemma_t15,9285053,51,3.614337205886841
gemma_t15,9340391,51,4.651401996612549
gemma_t15,9345583,51,4.007007122039795
gemma_t15,9385494,51,3.3169212341308594
gemma_t15,9387600,51,2.896061658859253
gemma_t15,9397697,51,4.9960737228393555
gemma_t15,9471817,51,4.525166988372803
gemma_t15,9471964,51,3.971426248550415
gemma_t15,9483510,51,3.191394805908203
gemma_t15,9524495,51,4.4101243019104
gemma_t15,9591035,51,3.5581579208374023
gemma_t15,9615470,51,4.130282878875732
gemma_t15,9626793,51,3.5213699340820312
gemma_t15,9662636,51,4.6739349365234375
gemma_t15,9700115,51,3.024860143661499
gemma_t15,9711750,51,4.168378829956055
gemma_t15,9737200,51,3.703040361404419
gemma_t15,9751546,51,3.191439151763916
gemma_t15,9752897,51,2.975005626678467
gemma_t15,9767487,51,3.126478672027588
gemma_t15,9768369,51,3.112149715423584
gemma_t15,9778036,51,3.776334762573242
gemma_t15,9818013,51,4.5033345222473145
gemma_t15,9884935,51,3.4585275650024414
gemma_t15,9917468,51,3.1630377769470215
gemma_t15,9963298,51,2.8853659629821777
gemma_t15,10076790,51,4.1446733474731445
gemma_t15,10103200,51,3.020562171936035
gemma_t15,10135300,51,2.6763007640838623
gemma_t15,10186140,51,3.5559146404266357
gemma_t15,10202504,51,3.348362684249878
gemma_t15,10281325,51,3.698336124420166
gemma_t15,10348155,51,3.5023553371429443
gemma_t15,10361075,51,3.8138372898101807
gemma_t15,10366378,51,3.325963258743286
gemma_t15,10367294,51,2.844006061553955
gemma_t15,10401980,51,2.3093016147613525
gemma_t15,10436313,51,2.621968984603882
gemma_t15,10480989,51,3.7426955699920654
gemma_t15,10494183,51,3.354228973388672
gemma_t15,10509498,51,2.563793897628784
gemma_t15,10523208,51,3.3349802494049072
gemma_t15,10573012,51,2.975712537765503
gemma_t15,10606201,51,3.9641904830932617
gemma_t15,10643243,51,2.2974631786346436
gemma_t15,10649571,51,4.16632080078125
gemma_t15,10691183,51,4.322209358215332
gemma_t15,10728540,51,3.4874980449676514
gemma_t15,10898149,51,4.825380325317383
gemma_t15,10913456,51,3.166227102279663
gemma_t15,11004224,51,4.020987510681152
gemma_t15,11022639,51,4.365330219268799
gemma_t15,11054023,51,3.6814124584198
gemma_t15,11074539,51,3.5158963203430176
gemma_t15,11091552,51,3.647608757019043
gemma_t15,11128248,51,3.2091879844665527
gemma_t15,11142668,51,2.6818034648895264
gemma_t15,11152489,51,2.058722734451294
gemma_t15,11157751,51,3.86934232711792
gemma_t15,11202365,51,3.311053514480591
gemma_t15,11262376,51,3.1579043865203857
gemma_t15,11270374,51,3.994398355484009
gemma_t15,11365698,51,2.796431541442871
gemma_t15,11387463,51,2.3830177783966064
gemma_t15,11391667,51,3.517674684524536
gemma_t15,11505828,51,2.6967015266418457
gemma_t15,11595344,51,3.6358370780944824
gemma_t15,11597846,51,3.031724214553833
gemma_t15,11626649,51,3.4525909423828125
gemma_t15,11644259,51,3.1717934608459473
gemma_t15,11650107,51,2.440580129623413
gemma_t15,11751039,51,3.719092607498169
gemma_t15,11754890,51,5.595841407775879
gemma_t15,11771220,51,2.807499647140503
gemma_t15,11777996,51,3.67860746383667
gemma_t15,11805625,51,3.102959632873535
gemma_t15,11866664,51,4.267148494720459
gemma_t15,11872486,51,3.063143491744995
gemma_t15,11879061,51,2.231281042098999
gemma_t15,12075649,51,4.9441046714782715
gemma_t15,12122749,51,2.6717422008514404
gemma_t15,12187767,51,3.327662467956543
gemma_t15,12203896,51,3.6201040744781494
gemma_t15,12220417,51,3.285600185394287
gemma_t15,12230893,51,3.5924792289733887
gemma_t15,12241221,51,3.8359034061431885
gemma_t15,12245213,51,3.8686940670013428
gemma_t15,12266201,51,3.2593822479248047
gemma_t15,12294387,51,3.1382150650024414
gemma_t15,12304778,51,3.0035202503204346
gemma_t15,12320170,51,3.7219955921173096
gemma_t15,12332957,51,3.905980110168457
gemma_t15,12345746,51,3.238405227661133
gemma_t15,12355828,51,3.607301950454712
gemma_t15,12440940,51,3.327887535095215
gemma_t15,12451537,51,2.6922011375427246
gemma_t15,12585424,51,3.9487266540527344
gemma_t15,12586316,51,2.1680827140808105
gemma_t15,12588798,51,2.8558402061462402
gemma_t15,12603385,51,3.040951728820801
gemma_t15,12607082,51,3.740582227706909
gemma_t15,12615602,51,3.1754965782165527
gemma_t15,12688069,51,2.42878794670105
gemma_t15,12744871,51,4.862090110778809
gemma_t15,12807398,51,3.7261767387390137
gemma_t15,12847491,51,3.4538698196411133
gemma_t15,12851711,51,2.3937294483184814
gemma_t15,12926055,51,2.9944255352020264
gemma_t15,12938495,51,3.313558578491211
gemma_t15,12964363,51,2.1392440795898438
gemma_t15,12998432,51,3.799873113632202
gemma_t15,13030311,51,3.7207822799682617
gemma_t15,13100783,51,3.3251795768737793
gemma_t15,13214003,51,3.838156223297119
gemma_t15,13239813,51,3.395982503890991
gemma_t15,13335042,51,3.9806129932403564
gemma_t15,13350236,51,3.019861936569214
gemma_t15,13495961,51,2.571000337600708
gemma_t15,13529592,51,4.673663139343262
gemma_t15,13603998,51,4.309445381164551
gemma_t15,13675482,51,2.5415420532226562
gemma_t15,13690180,51,3.2609076499938965
gemma_t15,13692090,51,2.7002968788146973
gemma_t15,13694466,51,5.211782455444336
gemma_t15,13696741,51,5.6717753410339355
gemma_t15,13701579,51,5.025187015533447
gemma_t15,13745156,51,4.1372246742248535
gemma_t15,13746570,51,2.858006715774536
gemma_t15,13746581,51,3.5824687480926514
gemma_t15,13746789,51,4.307257652282715
gemma_t15,13747425,51,3.627108097076416
gemma_t15,13747961,51,3.0144405364990234
gemma_t15,13748720,51,2.5743374824523926
gemma_t15,13751352,51,2.791006565093994
gemma_t15,13752894,51,2.662421464920044
gemma_t15,13753905,51,2.9057116508483887
gemma_t15,13756572,51,3.2535343170166016
gemma_t15,13858533,51,2.981618642807007
gemma_t15,13916015,51,2.9128830432891846
gemma_t15,13937253,51,3.1892082691192627
gemma_t15,13959787,51,4.618509769439697
gemma_t15,13972671,51,2.589308500289917
gemma_t15,14068705,51,3.6407313346862793
gemma_t15,14091946,51,3.39021635055542
gemma_t15,14099741,51,3.53691029548645
gemma_t15,14141143,51,3.1270594596862793
gemma_t15,14155276,51,3.3547134399414062
gemma_t15,14169402,51,3.5645229816436768
gemma_t15,14170854,51,3.121917963027954
gemma_t15,14176162,51,4.202274799346924
gemma_t15,14186198,51,3.267521381378174
gemma_t15,14259080,51,2.9128100872039795
gemma_t15,14291750,51,4.813351631164551
gemma_t15,14301751,51,4.312382221221924
gemma_t15,14328180,51,2.8880372047424316
gemma_t15,14341841,51,3.277801275253296
gemma_t15,14358598,51,3.142102003097534
gemma_t15,14404227,51,4.211751461029053
gemma_t15,14407737,51,2.921386480331421
gemma_t15,14421595,51,3.1618380546569824
gemma_t15,14429450,51,4.8894147872924805
gemma_t15,14434979,51,4.84591817855835
gemma_t15,14441283,51,2.940687417984009
gemma_t15,14454803,51,4.525722026824951
gemma_t15,14472576,51,3.5310146808624268
gemma_t15,14500933,51,2.430739402770996
gemma_t15,14502960,51,4.7266740798950195
gemma_t15,14554263,51,3.2162959575653076
gemma_t15,14579508,51,3.7525806427001953
gemma_t15,14584778,51,2.551508665084839
gemma_t15,14680675,51,4.313089370727539
gemma_t15,14743706,51,2.7068889141082764
gemma_t15,14745914,51,5.618748664855957
gemma_t15,14760908,51,3.190843343734741
gemma_t15,14776729,51,3.431196928024292
gemma_t15,14800090,51,3.253725051879883
gemma_t15,14807742,51,3.651638984680176
gemma_t15,14818452,51,2.2771096229553223
gemma_t15,14819490,51,3.6256191730499268
gemma_t15,14874026,51,3.1033992767333984
gemma_t15,14878319,51,3.190382719039917
gemma_t15,14878646,51,2.8503425121307373
gemma_t15,14879921,51,3.8308663368225098
gemma_t15,15026764,51,3.3981423377990723
gemma_t15,15040286,51,3.453037977218628
gemma_t15,15065468,51,2.974492073059082
gemma_t15,15139323,51,2.917019844055176
gemma_t15,15197674,51,3.467862844467163
gemma_t15,15201331,51,4.174422740936279
gemma_t15,15202196,51,2.4127156734466553
gemma_t15,15213991,51,2.944624662399292
gemma_t15,15220741,51,2.4941861629486084
gemma_t15,15279538,51,3.2971649169921875
gemma_t15,15281193,51,3.413599729537964
gemma_t15,15281983,51,5.37755823135376
gemma_t15,15324422,51,3.5942909717559814
gemma_t15,15344879,51,2.368746280670166
gemma_t15,15376317,51,3.580254554748535
gemma_t15,15382836,51,3.3152666091918945
gemma_t15,15407650,51,3.3343701362609863
gemma_t15,15412473,51,3.5175976753234863
gemma_t15,15484870,51,2.891371011734009
gemma_t15,15489071,51,3.2210402488708496
gemma_t15,15548746,51,3.9220962524414062
gemma_t15,15600287,51,2.6943986415863037
gemma_t15,15603670,51,4.546459197998047
gemma_t15,15607400,51,3.7817952632904053
gemma_t15,15620570,51,4.260723114013672
gemma_t15,15687295,51,3.304077386856079
gemma_t15,15720214,51,3.029736280441284
gemma_t15,15728911,51,4.0157952308654785
gemma_t15,15757897,51,3.2840871810913086
gemma_t15,15768663,51,2.9242849349975586
gemma_t15,15817938,51,2.9837684631347656
gemma_t15,15828278,51,3.1456186771392822
gemma_t15,15829781,51,4.159802436828613
gemma_t15,15842085,51,2.364245653152466
gemma_t15,15870937,51,3.4870288372039795
gemma_t15,15939234,51,2.7213497161865234
gemma_t15,15961108,51,2.608097791671753
gemma_t15,15976919,51,3.026937484741211
gemma_t15,15980568,51,2.821183919906616
gemma_t15,15986631,51,3.3234941959381104
gemma_t15,16039645,51,2.959907293319702
gemma_t15,16124522,51,3.3586559295654297
gemma_t15,16126936,51,2.823875665664673
gemma_t15,16141969,51,3.242136240005493
gemma_t15,16227864,51,2.8429229259490967
gemma_t15,16251657,51,3.032301187515259
gemma_t15,16290774,51,3.7248330116271973
gemma_t15,16386838,51,4.245476722717285
gemma_t15,16391334,51,4.040894508361816
gemma_t15,16399303,51,2.8828928470611572
gemma_t15,16404002,51,3.4481570720672607
gemma_t15,16504570,51,3.037792205810547
gemma_t15,16509032,51,2.952897310256958
gemma_t15,16537814,51,3.273411750793457
gemma_t15,16571013,51,3.079080104827881
gemma_t15,16631020,51,2.957331895828247
gemma_t15,16661147,51,3.19675612449646
gemma_t15,16766006,51,2.592913866043091
gemma_t15,16766506,51,3.4033150672912598
gemma_t15,16787742,51,3.4506802558898926
gemma_t15,16788431,51,2.814751386642456
gemma_t15,16839291,51,3.6410250663757324
gemma_t15,16839927,51,2.9257864952087402
gemma_t15,16863934,51,4.370421409606934
gemma_t15,16872779,51,2.039987087249756
gemma_t15,16915526,51,3.2941043376922607
gemma_t15,16998656,51,3.5633907318115234
gemma_t15,17039365,51,2.121384859085083
gemma_t15,17175925,51,3.3473546504974365
gemma_t15,17202384,51,2.844897508621216
gemma_t15,17360001,51,4.054962158203125
gemma_t15,17364624,51,2.970324754714966
gemma_t15,17370242,51,3.5741400718688965
gemma_t15,17375754,51,2.1948647499084473
gemma_t15,17458010,51,3.6114492416381836
gemma_t15,17464854,51,4.823888778686523
gemma_t15,17476563,51,4.162132740020752
gemma_t15,17507793,51,3.346946954727173
gemma_t15,17515275,51,3.0918545722961426
gemma_t15,17553490,51,3.6670119762420654
gemma_t15,17578970,51,3.1507837772369385
gemma_t15,17584674,51,2.344921350479126
gemma_t15,17589422,51,3.535388708114624
gemma_t15,17606580,51,3.895204782485962
gemma_t15,17625727,51,2.6921916007995605
gemma_t15,17667087,51,2.424251079559326
gemma_t15,17716605,51,2.902191400527954
gemma_t15,17784265,51,4.2647552490234375
gemma_t15,17865105,51,3.4157145023345947
gemma_t15,17884437,51,2.688765525817871
gemma_t15,17889549,51,3.2317886352539062
gemma_t15,17909922,51,2.0860984325408936
gemma_t15,17961054,51,3.6515743732452393
gemma_t15,18083801,51,4.0732197761535645
gemma_t15,18214317,51,4.546713829040527
gemma_t15,18296459,51,2.7279164791107178
gemma_t15,18312025,51,2.36179256439209
gemma_t15,18431463,51,4.048461437225342
gemma_t15,18449288,51,5.447307109832764
gemma_t15,18468577,51,3.664222240447998
gemma_t15,18483718,51,3.9469807147979736
gemma_t15,18505561,51,2.448326349258423
gemma_t15,18613906,51,2.226478099822998
gemma_t15,18634877,51,2.578658103942871
gemma_t15,18733074,51,3.590381383895874
gemma_t15,18750779,51,2.6991724967956543
gemma_t15,18907802,51,3.4174692630767822
gemma_t15,19170988,51,3.717540740966797
gemma_t15,19172224,51,4.032252311706543
gemma_t15,19175261,51,4.0228047370910645
gemma_t15,19186315,51,2.756234884262085
gemma_t15,19187663,51,4.434587001800537
gemma_t15,19204066,51,3.738253116607666
gemma_t15,19206893,51,2.89030122756958
gemma_t15,19263469,51,2.858680486679077
gemma_t15,19263554,51,3.2230610847473145
gemma_t15,19435386,51,3.0916635990142822
gemma_t15,19485843,51,2.7447128295898438
gemma_t15,19624082,51,5.4346723556518555
gemma_t15,20335790,51,3.816441774368286
gemma_t15,20503654,51,3.7276041507720947
gemma_t15,21015570,51,3.3357746601104736
gemma_t15,21275504,51,4.623213768005371
gemma_t15,21382535,51,2.989001750946045
gemma_t15,21428581,51,3.6867222785949707
gemma_t15,21616326,51,3.43141508102417
gemma_t15,21646317,51,3.5827927589416504
gemma_t15,21665298,51,3.328325033187866
gemma_t15,21668994,51,4.167568206787109
gemma_t15,21669304,51,5.034351825714111
gemma_t15,21670658,51,3.7146408557891846
gemma_t15,21689288,51,2.9885094165802
gemma_t15,21697629,51,2.6760764122009277
gemma_t15,21697648,51,3.561659336090088
gemma_t15,21700944,51,3.896857261657715
gemma_t15,21702856,51,3.7751219272613525
gemma_t15,21709048,51,2.8111183643341064
gemma_t15,21715690,51,2.6428141593933105
gemma_t15,21716001,51,2.562577247619629
gemma_t15,21721135,51,3.181145429611206
gemma_t15,21723747,51,3.494919776916504
gemma_t15,21725995,51,4.105070114135742
gemma_t15,21726583,51,3.2491958141326904
gemma_t15,21726677,51,3.1552114486694336
gemma_t15,21730065,51,3.47532320022583
gemma_t15,21730715,51,3.4480600357055664
gemma_t15,21731209,51,3.6058881282806396
gemma_t15,21732778,51,3.149282217025757
gemma_t15,21735129,51,3.6728355884552
gemma_t15,21740766,51,3.6927525997161865
gemma_t15,22272492,51,3.8339040279388428
gemma_t15,22716243,51,3.7332773208618164
gemma_t15,23204325,51,4.077023983001709
gemma_t15,23678406,51,3.440901756286621
gemma_t15,24202507,51,3.145451068878174
gemma_t15,24901977,51,3.110386371612549
gemma_t15,25111673,51,2.773085594177246
gemma_t15,25113027,51,3.1020050048828125
gemma_t15,26538892,51,4.116866588592529
gemma_t15,26698484,51,2.7694897651672363
gemma_t15,26873455,51,2.957188129425049
gemma_t15,26988506,51,3.0959768295288086
gemma_t15,27249900,51,3.8092727661132812
gemma_t15,27274148,51,3.6646461486816406
gemma_t15,27843613,51,2.8005964756011963
gemma_t15,28044836,51,2.8355841636657715
gemma_t15,28193461,51,3.528377056121826
gemma_t15,28232901,51,4.2917094230651855
gemma_t15,28323588,51,2.9951775074005127
gemma_t15,28616370,51,2.4421520233154297
gemma_t15,29149810,51,3.3831939697265625
gemma_t15,29161506,51,3.2950479984283447
gemma_t15,29162291,51,3.60465145111084
gemma_t15,29162884,51,4.825863361358643
gemma_t15,29191669,51,5.523149490356445
gemma_t15,29259081,51,3.5407791137695312
gemma_t15,29298828,51,3.3569953441619873
gemma_t15,29407280,51,3.6373887062072754
gemma_t15,29413033,51,3.7483503818511963
gemma_t15,29907166,51,3.237636089324951
gemma_t15,30042437,51,3.265413999557495
gemma_t15,30129590,51,3.4853363037109375
gemma_t15,30164212,51,3.421297311782837
gemma_t15,31150453,51,3.75213360786438
gemma_t15,31713824,51,3.206808090209961
gemma_t15,32821791,51,2.665478229522705
gemma_t15,32923127,51,3.3539531230926514
gemma_t15,33626727,51,2.4274654388427734
gemma_t15,33777646,51,2.0679869651794434
gemma_t15,33864324,51,3.6744039058685303
gemma_t15,34190303,51,3.9291303157806396
gemma_t15,35386653,51,3.191209077835083
gemma_t15,36364048,51,3.384603500366211
gemma_t15,37405481,51,2.8940579891204834
gemma_t15,38132419,51,2.4036314487457275
gemma_t15,38234032,51,2.8601748943328857
gemma_t15,38934160,51,3.932417392730713
gemma_t15,39871772,51,4.491623401641846
gemma_t15,40166767,51,3.079653024673462
gemma_t15,40501690,51,2.4464495182037354
gemma_t15,41332060,51,3.2687835693359375
gemma_t15,43059601,51,3.5910658836364746
gemma_t15,43282987,51,2.5182011127471924
gemma_t15,43289219,51,3.2054905891418457
gemma_t15,43959086,51,2.354574203491211
gemma_t15,44009215,51,3.5622401237487793
gemma_t15,44062236,51,3.324586868286133
gemma_t15,44063972,51,2.3585221767425537
gemma_t15,44069187,51,1.9814077615737915
gemma_t15,44077201,51,2.9621145725250244
gemma_t15,44080449,51,4.3480448722839355
gemma_t15,44087711,51,3.2163116931915283
gemma_t15,44090948,51,4.217398166656494
gemma_t15,44105851,51,4.790362358093262
gemma_t15,44115640,51,4.1702799797058105
gemma_t15,44129061,51,3.5563440322875977
gemma_t15,44130060,51,3.986062526702881
gemma_t15,44131019,51,2.736680269241333
gemma_t15,44134207,51,2.29911470413208
gemma_t15,44144625,51,3.1564955711364746
gemma_t15,44145304,51,4.144054412841797
gemma_t15,44145664,51,3.067174196243286
gemma_t15,44145776,51,2.631366729736328
gemma_t15,44145836,51,2.010091781616211
gemma_t15,44151916,51,2.9172251224517822
gemma_t15,44152851,51,3.0475823879241943
gemma_t15,44161048,51,2.940272331237793
gemma_t15,44163645,51,2.9900965690612793
gemma_t15,44164810,51,2.519810914993286
gemma_t15,44167998,51,4.784442901611328
gemma_t15,44169697,51,3.56142258644104
gemma_t15,44170949,51,2.6649422645568848
gemma_t15,44174597,51,4.08640193939209
gemma_t15,44178763,51,4.645822525024414
gemma_t15,44220219,51,3.03262996673584
gemma_t15,44243501,51,2.8254456520080566
gemma_t15,46889991,51,3.9764020442962646
gemma_t15,46927617,51,3.807764768600464
gemma_t15,46932607,51,3.2130379676818848
gemma_t15,46937952,51,2.5148489475250244
gemma_t15,46939026,51,2.3583357334136963
gemma_t15,46953263,51,2.726508855819702
gemma_t15,46959165,51,2.502103090286255
gemma_t15,47016219,51,2.97625994682312
gemma_t15,47018172,51,2.853731155395508
gemma_t15,47020074,51,4.4088921546936035
gemma_t15,48352299,51,5.054206848144531
gemma_t15,48353672,51,3.3497438430786133
gemma_t15,48353884,51,3.2535364627838135
gemma_t15,48357955,51,2.225569009780884
gemma_t15,49191384,51,3.828179121017456
gemma_t15,49208337,51,3.1837456226348877
gemma_t15,49212016,51,3.7282824516296387
gemma_t15,49212861,51,2.680087089538574
gemma_t15,49215746,51,4.915430545806885
gemma_t15,49411029,51,3.9624786376953125
gemma_t15,49413369,51,2.1350290775299072
gemma_t15,49417344,51,2.7347629070281982
gemma_t15,49420146,51,3.055536985397339
gemma_t15,49430466,51,3.569915771484375
gemma_t15,49430686,51,3.5545520782470703
gemma_t15,49578052,51,2.666808843612671
gemma_t15,49587276,51,4.863725662231445
gemma_t15,49656421,51,1.9400274753570557
gemma_t15,49656757,51,3.269625425338745
gemma_t15,49664123,51,2.5253472328186035
gemma_t15,49742509,51,4.627813816070557
gemma_t15,49742988,51,3.137728691101074
gemma_t15,49865411,51,2.6722500324249268
gemma_t15,51862727,51,3.1554625034332275
gemma_t15,51867514,51,2.7480294704437256
gemma_t15,51867574,51,3.6899049282073975
gemma_t15,51869205,51,3.733010768890381
gemma_t15,51870078,51,3.757354259490967
gemma_t15,51870827,51,4.049973964691162
gemma_t15,51871042,51,3.29388689994812
gemma_t15,51871198,51,3.1823537349700928
gemma_t15,51873719,51,2.901052713394165
gemma_t15,51873882,51,3.1371874809265137
gemma_t15,51875405,51,3.42924165725708
gemma_t15,51875413,51,4.57499361038208
gemma_t15,51875856,51,3.531479597091675
gemma_t15,51877568,51,3.0137932300567627
gemma_t15,51878172,51,2.8145625591278076
gemma_t15,51878335,51,3.1896893978118896
gemma_t15,51878395,51,2.014833450317383
gemma_t15,51878811,51,4.069068431854248
gemma_t15,51879191,51,2.83791184425354
gemma_t15,51880064,51,3.231902599334717
gemma_t15,51880268,51,3.6776883602142334
gemma_t15,51880850,51,3.096082925796509
gemma_t15,51881821,51,2.0287222862243652
gemma_t15,51881992,51,2.298135995864868
gemma_t15,51882074,51,3.185511589050293
gemma_t15,51917388,51,3.9603681564331055
gemma_t15,51977305,51,2.671139717102051
gemma_t15,51978342,51,3.99889874458313
gemma_t15,51982253,51,3.704218864440918
gemma_t15,51984717,51,2.1979994773864746
gemma_t15,51990373,51,2.6943488121032715
gemma_t15,52000761,51,2.1807663440704346
gemma_t15,52003282,51,4.46883487701416
gemma_t15,52006529,51,3.454414129257202
gemma_t15,52009840,51,2.8750722408294678
gemma_t15,52011616,51,4.414048671722412
gemma_t15,52019251,51,4.419118881225586
gemma_t15,52044834,51,3.364851474761963
gemma_t15,52046908,51,2.743406295776367
gemma_t15,52047587,51,3.8840484619140625
gemma_t15,52054914,51,3.7574596405029297
gemma_t15,52056513,51,3.357147216796875
gemma_t15,52069762,51,3.281055212020874
gemma_t15,52070035,51,2.941795587539673
gemma_t15,52070657,51,3.5434467792510986
gemma_t15,52073201,51,2.3537533283233643
gemma_t15,52074346,51,2.5731382369995117
gemma_t15,52078335,51,3.3052196502685547
gemma_t15,52098907,51,3.1123263835906982
gemma_t15,52100101,51,3.0835888385772705
gemma_t15,52100117,51,3.293670892715454
gemma_t15,52100616,51,2.694895029067993
gemma_t15,52100878,51,3.020383358001709
gemma_t15,52110037,51,3.032533645629883
gemma_t15,52113185,51,2.901360511779785
gemma_t15,52115097,51,3.117849826812744
gemma_t15,52115592,51,3.35418438911438
gemma_t15,52116920,51,2.846958875656128
gemma_t15,52119091,51,2.965533494949341
gemma_t15,52119483,51,3.307190418243408
gemma_t15,52119752,51,5.147926330566406
gemma_t15,52135124,51,3.525883436203003
gemma_t15,52136564,51,4.05775260925293
gemma_t15,52143204,51,3.7370967864990234
gemma_t15,52143467,51,3.0008761882781982
gemma_t15,52144157,51,3.0489373207092285
gemma_t15,52145657,51,4.207601547241211
gemma_t15,52153656,51,3.1030282974243164
gemma_t15,52154254,51,2.9671895503997803
gemma_t15,52154304,51,3.9118897914886475
gemma_t15,52155427,51,2.790916919708252
gemma_t15,52156147,51,2.324025869369507
gemma_t15,52156206,51,3.957897424697876
gemma_t15,52156433,51,2.976193428039551
gemma_t15,52158121,51,2.9464876651763916
gemma_t15,52158178,51,3.829638719558716
gemma_t15,52160439,51,2.523646354675293
gemma_t15,52160797,51,3.458594560623169
gemma_t15,52161864,51,3.289625883102417
gemma_t15,52162540,51,3.0435006618499756
gemma_t15,52165754,51,2.948770523071289
gemma_t15,52166626,51,4.908201217651367
gemma_t15,52166727,51,2.749185562133789
gemma_t15,52167799,51,2.4478628635406494
gemma_t15,52171279,51,4.061367511749268
gemma_t15,52171904,51,3.8986542224884033
gemma_t15,52176498,51,2.799025535583496
gemma_t15,52178689,51,4.440307140350342
gemma_t15,52182989,51,3.94526743888855
gemma_t15,52183384,51,3.09517765045166
gemma_t15,52183483,51,2.9086036682128906
gemma_t15,52188604,51,3.3736095428466797
gemma_t15,52190376,51,3.4889745712280273
gemma_t15,52194540,51,3.010643482208252
gemma_t15,52215843,51,3.937938928604126
gemma_t15,52221821,51,3.713820695877075
gemma_t15,52255687,51,3.498462200164795
gemma_t15,52298363,51,2.4252684116363525
gemma_t15,52307098,51,3.7557640075683594
gemma_t15,52310274,51,3.231027126312256
gemma_t15,52333947,51,3.9976556301116943
gemma_t15,52811641,51,6.238121032714844
gemma_t15,52815006,51,3.746506929397583
gemma_t15,52816033,51,2.727667808532715
gemma_t15,52843977,51,2.0026440620422363
gemma_t15,52895001,51,2.578442335128784
gemma_t15,52900003,51,2.8231265544891357
gemma_t15,52916675,51,2.7029941082000732
gemma_t15,52917952,51,4.559818267822266
gemma_t15,52920257,51,3.581799268722534
gemma_t15,52926380,51,4.333862781524658
gemma_t15,52938038,51,3.5307717323303223
gemma_t15,52943615,51,3.7575581073760986
gemma_t15,52979524,51,1.9819711446762085
gemma_t15,52984852,51,2.9808037281036377
gemma_t15,53017700,51,3.5952086448669434
gemma_t15,53019653,51,3.0160486698150635
gemma_t15,53034346,51,4.944735050201416
gemma_t15,53035038,51,2.074388027191162
gemma_t15,53037336,51,3.5019748210906982
gemma_t15,53064621,51,3.518510580062866
gemma_t15,53079301,51,3.697826385498047
gemma_t15,53079601,51,3.792391777038574
gemma_t15,53079743,51,2.3089699745178223
gemma_t15,53079799,51,2.761836528778076
gemma_t15,53079972,51,3.094569683074951
gemma_t15,53080156,51,3.287782669067383
gemma_t15,53080384,51,2.5389580726623535
gemma_t15,53080764,51,3.7984230518341064
gemma_t15,53080784,51,2.9335720539093018
gemma_t15,53080846,51,3.4273884296417236
gemma_t15,53081209,51,2.8226799964904785
gemma_t15,53081291,51,2.6797337532043457
gemma_t15,53081318,51,3.2477502822875977
gemma_t15,53081403,51,4.62937068939209
gemma_t15,53081407,51,3.8334786891937256
gemma_t15,53081627,51,2.6179299354553223
gemma_t15,53081634,51,3.9549968242645264
gemma_t15,53082197,51,2.670250177383423
gemma_t15,53082257,51,3.1827878952026367
gemma_t15,53082972,51,2.8151473999023438
gemma_t15,53083054,51,3.1144402027130127
gemma_t15,53083061,51,2.9320740699768066
gemma_t15,53083122,51,3.0459630489349365
gemma_t15,53083232,51,3.700106143951416
gemma_t15,53083305,51,2.6156370639801025
gemma_t15,53083475,51,2.2680604457855225
gemma_t15,53083677,51,4.320690631866455
gemma_t15,53095207,51,2.6821205615997314
gemma_t15,53099899,51,2.1285619735717773
gemma_t15,53109787,51,5.086459636688232
gemma_t15,53110354,51,2.421356201171875
gemma_t15,53178856,51,4.169624328613281
gemma_t15,53217060,51,3.1831135749816895
gemma_t15,53223679,51,5.144765377044678
gemma_t15,53247198,51,3.8333659172058105
gemma_t15,53295957,51,2.714099407196045
gemma_t15,53298765,51,2.617474317550659
gemma_t15,53298878,51,3.0125722885131836
gemma_t15,53578487,51,3.203254222869873
gemma_t15,53640239,51,3.5827224254608154
gemma_t15,53645946,51,3.0832526683807373
gemma_t15,54893641,51,3.443747043609619
gemma_t15,56657817,51,3.565225839614868
gemma_t15,56657857,51,3.0742406845092773
gemma_t15,56895551,51,3.562774181365967
gemma_t15,57189558,51,2.2164173126220703
gemma_t15,57564106,51,3.8920493125915527
gemma_t15,57570672,51,4.469756126403809
gemma_t15,59553499,51,2.6736397743225098
gemma_t15,59553563,51,4.4534783363342285
gemma_t15,59599633,51,2.9152750968933105
gemma_t15,59599706,51,3.9044320583343506
gemma_t15,59599940,51,2.6029717922210693
gemma_t15,59604492,51,4.037754535675049
gemma_t15,60441316,51,3.6040520668029785
gemma_t15,61153666,51,4.043118953704834
gemma_t15,61874237,51,2.6439578533172607
gemma_t15,62637241,51,3.64583158493042
gemma_t15,65038030,51,4.098705768585205
gemma_t15,67788603,51,4.172846794128418
gemma_t15,67855815,51,2.7659459114074707
gemma_t15,67855860,51,3.4206316471099854
gemma_t15,67855893,51,4.357522964477539
gemma_t15,67855999,51,3.206921100616455
gemma_t15,67856005,51,3.2798373699188232
gemma_t15,67856013,51,3.0973355770111084
gemma_t15,67856167,51,3.6229135990142822
gemma_t15,67856324,51,2.8185794353485107
gemma_t15,67856607,51,3.8904366493225098
gemma_t15,67856712,51,2.153017282485962
gemma_t15,67877016,51,2.6269469261169434
gemma_t15,68167178,51,3.771092653274536
gemma_t15,70349933,51,3.2330918312072754
gemma_t15,71144630,51,3.231792688369751
gemma_t15,71147690,51,3.2232794761657715
gemma_t15,73729169,51,2.763620138168335
gemma_t15,76666127,51,3.17753267288208
gemma_t15,80628347,51,3.4723079204559326
gemma_t15,80628357,51,2.5417592525482178
gemma_t15,83458715,51,5.326528072357178
gemma_t15,84842989,51,2.7075257301330566
gemma_t15,84843987,51,2.3186252117156982
gemma_t15,85459677,51,3.470028877258301
gemma_t15,85464175,51,3.015225648880005
gemma_t15,85498775,51,3.1593053340911865
gemma_t15,85501317,51,5.526474952697754
gemma_t15,85518027,51,3.1074397563934326
gemma_t15,85528598,51,3.4601833820343018
gemma_t15,85531331,51,3.4148478507995605
gemma_t15,86716257,51,3.157529830932617
gemma_t15,91183938,51,3.1454806327819824
gemma_t15,91184042,51,4.04536247253418
gemma_t15,102350590,51,4.154853820800781
gemma_t15,102350747,51,3.769960880279541
gemma_t15,102350767,51,3.026798725128174
gemma_t15,102350941,51,3.331944465637207
gemma_t15,102350997,51,3.0422892570495605
gemma_t15,102351463,51,4.257103443145752
gemma_t15,102351547,51,2.843299388885498
gemma_t15,102351717,51,2.530076026916504
gemma_t15,102352060,51,3.1724259853363037
gemma_t15,102352698,51,4.1740593910217285
gemma_t15,102352788,51,2.9183199405670166
gemma_t15,102352962,51,3.7487475872039795
gemma_t15,102353817,51,3.613919496536255
gemma_t15,102353837,51,3.8167834281921387
gemma_t15,102353852,51,4.724857330322266
gemma_t15,102354384,51,5.145503044128418
gemma_t15,102354395,51,4.331786155700684
gemma_t15,102354583,51,2.5120787620544434
gemma_t15,102354588,51,5.1418070793151855
gemma_t15,102354684,51,4.13411808013916
gemma_t15,102483154,51,2.9679293632507324
gemma_t15,106402715,51,3.882899761199951
gemma_t15,109933467,51,2.074162721633911
gemma_t15,116880070,51,3.120332717895508
gemma_t15,118674834,51,3.973288059234619
gemma_t15,118680003,51,2.616406202316284
gemma_t15,119308902,51,3.349769353866577
gemma_t15,119309472,51,2.4412708282470703
gemma_t15,120224153,51,3.368238925933838
gemma_t15,126167342,51,2.9740123748779297
gemma_t15,126181046,51,3.1811819076538086
gemma_t15,128000127,51,3.7935876846313477
gemma_t15,128345225,51,3.529989004135132
gemma_t15,128345548,51,3.4827322959899902
gemma_t15,129945216,51,3.2861483097076416
gemma_t15,133306280,51,3.174138069152832
gemma_t15,133597585,51,4.1249589920043945
gemma_t15,135466290,51,2.595754623413086
gemma_t15,153312535,51,3.687059164047241
gemma_t15,153312687,51,4.26063346862793
gemma_t15,153313061,51,3.4220361709594727
gemma_t15,153313159,51,3.944762945175171
gemma_t15,153313581,51,4.429325580596924
gemma_t15,155089817,51,3.090710163116455
gemma_t15,155091369,51,3.67169189453125
gemma_t15,155092736,51,2.245800018310547
gemma_t15,155100086,51,3.097810745239258
gemma_t15,155100120,51,3.6778132915496826
gemma_t15,159041042,51,3.2089734077453613
gemma_t15,159041048,51,6.456973075866699
gemma_t15,159041867,51,3.499412775039673
gemma_t15,160009452,51,2.5517754554748535
gemma_t15,160009896,51,2.651658773422241
gemma_t15,162183964,51,3.234239101409912
gemma_t15,165163819,51,2.406980037689209
gemma_t15,166228669,51,3.168994903564453
gemma_t15,167217355,51,4.086366653442383
gemma_t15,167217367,51,2.819993734359741
gemma_t15,167217453,51,2.260991334915161
gemma_t15,168169888,51,2.444791793823242
gemma_t15,170078653,51,3.6550724506378174
gemma_t15,170078772,51,2.8821210861206055
gemma_t15,170079112,51,3.2522618770599365
gemma_t15,173188048,51,2.9431140422821045
gemma_t15,173188803,51,2.9396536350250244
gemma_t15,173990423,51,3.961475372314453
gemma_t15,173990455,51,3.463865041732788
gemma_t15,173990506,51,2.6115562915802
gemma_t15,173990585,51,3.3369696140289307
gemma_t15,173991101,51,2.560837984085083
gemma_t15,174797737,51,3.175022602081299
gemma_t15,174797747,51,4.4858174324035645
gemma_t15,174797886,51,4.107325553894043
gemma_t15,174798153,51,2.972964286804199
gemma_t15,174798218,51,2.8359479904174805
gemma_t15,174798293,51,3.28289532661438
gemma_t15,174798321,51,2.828603982925415
gemma_t15,174798410,51,2.92087984085083
gemma_t15,174799117,51,2.7748279571533203
gemma_t15,174799262,51,2.6979124546051025
gemma_t15,174799301,51,2.1876187324523926
gemma_t15,174799304,51,3.4055538177490234
gemma_t15,174799346,51,4.029133319854736
gemma_t15,174799399,51,2.9636776447296143
gemma_t15,174799702,51,4.967796325683594
gemma_t15,174799768,51,3.2574820518493652
gemma_t15,174799793,51,2.838963270187378
gemma_t15,174799844,51,5.311406135559082
gemma_t15,174799895,51,3.0433244705200195
gemma_t15,174799974,51,3.4021658897399902
gemma_t15,174800106,51,3.3140861988067627
gemma_t15,174800272,51,2.9396536350250244
gemma_t15,174800458,51,2.8231148719787598
gemma_t15,174800839,51,3.7053630352020264
gemma_t15,174800890,51,3.53381609916687
gemma_t15,174800963,51,2.8565995693206787
gemma_t15,174801080,51,3.50561785697937
gemma_t15,174801222,51,2.6625821590423584
gemma_t15,174801388,51,4.539597988128662
gemma_t15,174801519,51,3.6955952644348145
gemma_t15,174801632,51,2.9063973426818848
gemma_t15,174801764,51,3.3199970722198486
gemma_t15,174802397,51,2.4768733978271484
gemma_t15,174802484,51,2.2741856575012207
gemma_t15,174802848,51,3.1469533443450928
gemma_t15,174802873,51,2.3041470050811768
gemma_t15,174803111,51,4.567948341369629
gemma_t15,174803587,51,4.398735046386719
gemma_t15,181704107,51,3.413954734802246
gemma_t15,182952458,51,4.3187479972839355
gemma_t15,182952800,51,2.4761478900909424
gemma_t15,182952848,51,3.8308098316192627
gemma_t15,182952892,51,3.853194236755371
gemma_t15,182953113,51,2.949767589569092
gemma_t15,182953211,51,2.151155948638916
gemma_t15,182953250,51,3.637341260910034
gemma_t15,184482578,51,2.716840982437134
gemma_t15,184483123,51,2.22452974319458
gemma_t15,184483331,51,2.852956771850586
gemma_t15,184486755,51,3.5650901794433594
gemma_t15,184486914,51,2.677788257598877
gemma_t15,184487171,51,2.383212089538574
gemma_t15,184487889,51,3.420621871948242
gemma_t15,186206211,51,4.36067533493042
gemma_t15,186206508,51,3.1862664222717285
gemma_t15,186206974,51,2.4318974018096924
gemma_t15,189762009,51,3.6455154418945312
gemma_t15,189762068,51,2.8451480865478516
gemma_t15,189762081,51,4.488070011138916
gemma_t15,189762189,51,2.639727830886841
gemma_t15,189762341,51,3.1222236156463623
gemma_t15,189762487,51,2.830702781677246
gemma_t15,189762556,51,4.321691989898682
gemma_t15,189927911,51,3.0600578784942627
gemma_t15,189928008,51,3.6371490955352783
gemma_t15,189928148,51,3.8224613666534424
gemma_t15,189928186,51,2.8953356742858887
gemma_t15,189928248,51,2.969412088394165
gemma_t15,189928358,51,2.827334403991699
gemma_t15,189928395,51,3.343686580657959
gemma_t15,189999088,51,2.6389853954315186
gemma_t15,189999659,51,3.360816240310669
gemma_t15,190000105,51,2.7381796836853027
gemma_t15,190001673,51,3.9319818019866943
gemma_t15,192530110,51,4.909830570220947
gemma_t15,195064954,51,4.969521999359131
gemma_t15,195068920,51,3.9318480491638184
gemma_t15,195069071,51,3.0443897247314453
gemma_t15,195069392,51,2.458621025085449
gemma_t15,195218574,51,2.855558395385742
gemma_t15,195218693,51,6.231363296508789
gemma_t15,195316733,51,3.562537431716919
gemma_t15,195345077,51,4.260488986968994
gemma_t15,195345094,51,3.93811297416687
gemma_t15,195345201,51,2.8152120113372803
gemma_t15,195345563,51,4.019305229187012
gemma_t15,195477534,51,2.9095489978790283
gemma_t15,195504787,51,2.4983267784118652
gemma_t15,195584320,51,3.361980676651001
gemma_t15,195766884,51,2.941514492034912
gemma_t15,195776147,51,2.2270288467407227
gemma_t15,195776229,51,3.4179911613464355
gemma_t15,195820682,51,2.6317765712738037
gemma_t15,195847811,51,3.0011656284332275
gemma_t15,195848217,51,3.457496166229248
gemma_t15,195886246,51,3.2646191120147705
gemma_t15,196167277,51,3.9839000701904297
gemma_t15,196171551,51,4.5381622314453125
gemma_t15,196171668,51,2.5019772052764893
gemma_t15,196172197,51,3.2704615592956543
gemma_t15,196175184,51,3.5166640281677246
gemma_t15,196176000,51,3.62550687789917
gemma_t15,196176396,51,3.762857437133789
gemma_t15,196176628,51,2.6896309852600098
gemma_t15,196178484,51,4.754881858825684
gemma_t15,196178503,51,3.2318944931030273
gemma_t15,196181315,51,2.605078935623169
gemma_t15,196181536,51,2.9375555515289307
gemma_t15,196181811,51,2.66701602935791
gemma_t15,196181887,51,3.4023821353912354
gemma_t15,196182395,51,3.86846923828125
gemma_t15,196183158,51,3.117316722869873
gemma_t15,196183669,51,3.7538630962371826
gemma_t15,196184679,51,3.0613675117492676
gemma_t15,196185038,51,2.9214696884155273
gemma_t15,196186167,51,3.125673294067383
gemma_t15,196186961,51,2.650564432144165
gemma_t15,196187162,51,2.991604804992676
gemma_t15,196187316,51,2.417450428009033
gemma_t15,196187320,51,4.065348148345947
gemma_t15,196188501,51,3.0731678009033203
gemma_t15,196188987,51,2.6136155128479004
gemma_t15,196189567,51,3.153651237487793
gemma_t15,196189661,51,2.8217718601226807
gemma_t15,196192979,51,3.0158700942993164
gemma_t15,196193055,51,3.5104196071624756
gemma_t15,196194557,51,2.910667896270752
gemma_t15,196197006,51,4.028914928436279
gemma_t15,196198494,51,2.7286906242370605
gemma_t15,196199713,51,2.728123903274536
gemma_t15,196205749,51,2.897653818130493
gemma_t15,196206886,51,2.6835319995880127
gemma_t15,196209746,51,3.029575824737549
gemma_t15,196210081,51,3.518517255783081
gemma_t15,196210782,51,3.6422855854034424
gemma_t15,196211238,51,2.6291511058807373
gemma_t15,196211486,51,4.623715400695801
gemma_t15,196211550,51,3.047644853591919
gemma_t15,196217527,51,2.8575963973999023
gemma_t15,196471188,51,3.6529910564422607
gemma_t15,196471198,51,2.638598918914795
gemma_t15,196621534,51,2.630127429962158
gemma_t15,196621535,51,2.843939781188965
gemma_t15,198179946,51,3.080094337463379
gemma_t15,198184456,51,3.2622756958007812
gemma_t15,198184729,51,2.66306734085083
gemma_t15,198939259,51,2.286752462387085
gemma_t15,198967754,51,3.046438217163086
gemma_t15,198973187,51,4.022286415100098
gemma_t15,199001173,51,4.285187244415283
gemma_t15,199022396,51,3.3345813751220703
gemma_t15,199371491,51,3.068422555923462
gemma_t15,199371687,51,2.5048952102661133
gemma_t15,199379359,51,3.6734960079193115
gemma_t15,199452955,51,3.035029172897339
gemma_t15,199523733,51,2.376377820968628
gemma_t15,199529989,51,2.282822847366333
gemma_t15,199552244,51,3.020397186279297
gemma_t15,199577588,51,3.027332067489624
gemma_t15,199577634,51,3.2716591358184814
gemma_t15,199668626,51,3.1962356567382812
gemma_t15,199668753,51,3.5917601585388184
gemma_t15,201058596,51,3.9629886150360107
gemma_t15,201058633,51,3.8879971504211426
gemma_t15,201058720,51,3.0394017696380615
gemma_t15,201070022,51,3.0578620433807373
gemma_t15,201070265,51,3.3388731479644775
gemma_t15,201103745,51,2.8937814235687256
gemma_t15,201124425,51,3.377431869506836
gemma_t15,201307832,51,3.174917221069336
gemma_t15,201645145,51,2.675154447555542
gemma_t15,201646223,51,2.243560552597046
gemma_t15,201646551,51,2.932847738265991
gemma_t15,201651596,51,2.5280354022979736
gemma_t15,201657818,51,3.613774299621582
gemma_t15,201666437,51,2.6962878704071045
gemma_t15,201666620,51,4.496048450469971
gemma_t15,201668205,51,2.7055752277374268
gemma_t15,201669180,51,2.2044010162353516
gemma_t15,201670412,51,3.4049646854400635
gemma_t15,201676778,51,2.5843803882598877
gemma_t15,201691562,51,2.1629605293273926
gemma_t15,201697450,51,3.6897761821746826
gemma_t15,201698093,51,2.4627676010131836
gemma_t15,201698197,51,2.6221256256103516
gemma_t15,201698258,51,4.022735595703125
gemma_t15,201698358,51,3.730747938156128
gemma_t15,201741133,51,3.4084768295288086
gemma_t15,201742252,51,2.7947511672973633
gemma_t15,201742578,51,2.5933380126953125
gemma_t15,202120468,51,3.4811840057373047
gemma_t15,202120592,51,4.008450508117676
gemma_t15,202121966,51,2.4300405979156494
gemma_t15,202235037,51,5.135240077972412
gemma_t15,202235596,51,4.092287063598633
gemma_t15,202537031,51,4.002964019775391
gemma_t15,202537041,51,3.981951951980591
gemma_t15,202537179,51,2.9314301013946533
gemma_t15,202537221,51,4.155177593231201
gemma_t15,202537332,51,4.276568412780762
gemma_t15,202537477,51,3.024108409881592
gemma_t15,202537499,51,3.458329916000366
gemma_t15,202537890,51,4.223056793212891
gemma_t15,202538141,51,3.3312692642211914
gemma_t15,202538495,51,3.121890068054199
gemma_t15,202538609,51,3.9093432426452637
gemma_t15,202538897,51,3.2378175258636475
gemma_t15,202539004,51,3.701169729232788
gemma_t15,202539031,51,5.302192211151123
gemma_t15,202539063,51,4.400173187255859
gemma_t15,202539354,51,3.0085906982421875
gemma_t15,202539496,51,2.801487445831299
gemma_t15,202539540,51,3.396250009536743
gemma_t15,202540033,51,5.389073848724365
gemma_t15,202540088,51,2.8451411724090576
gemma_t15,202540096,51,3.9894943237304688
gemma_t15,202540203,51,2.450227737426758
gemma_t15,202540590,51,3.8145556449890137
gemma_t15,202540591,51,3.808699369430542
gemma_t15,202540640,51,2.638375997543335
gemma_t15,202540793,51,2.3222756385803223
gemma_t15,202540839,51,3.498122215270996
gemma_t15,202541009,51,3.920785903930664
gemma_t15,202541012,51,4.051034450531006
gemma_t15,202541043,51,4.5578413009643555
gemma_t15,202541147,51,3.7535693645477295
gemma_t15,202541184,51,2.996384859085083
gemma_t15,202541185,51,2.9604246616363525
gemma_t15,202541352,51,2.5970966815948486
gemma_t15,202541363,51,2.8321943283081055
gemma_t15,202541447,51,2.832726001739502
gemma_t15,202541473,51,2.6503071784973145
gemma_t15,202541491,51,2.5409462451934814
gemma_t15,202541545,51,4.185579299926758
gemma_t15,202541569,51,3.0111892223358154
gemma_t15,202541578,51,6.371176719665527
gemma_t15,202541610,51,3.736971855163574
gemma_t15,202541654,51,2.355914354324341
gemma_t15,202542261,51,5.780012607574463
gemma_t15,202542397,51,2.692129135131836
gemma_t15,202542569,51,3.5006303787231445
gemma_t15,202542757,51,4.867817401885986
gemma_t15,202558451,51,5.014824867248535
gemma_t15,202558815,51,4.2224440574646
gemma_t15,202565485,51,4.370731830596924
gemma_t15,202565569,51,3.8358795642852783
gemma_t15,202565697,51,2.1401453018188477
gemma_t15,202572810,51,3.506314277648926
gemma_t15,202577372,51,3.9918458461761475
gemma_t15,202577934,51,2.8825299739837646
gemma_t15,202583694,51,2.794783592224121
gemma_t15,202635721,51,3.617562770843506
gemma_t15,202660724,51,3.468496561050415
gemma_t15,202660912,51,3.0130133628845215
gemma_t15,202661048,51,3.035879611968994
gemma_t15,202712648,51,2.202573537826538
gemma_t15,202718954,51,2.563931941986084
gemma_t15,202734183,51,3.5405068397521973
gemma_t15,202734592,51,2.742457151412964
gemma_t15,202763602,51,2.2979671955108643
gemma_t15,202765126,51,3.764151096343994
gemma_t15,202765253,51,4.475964069366455
gemma_t15,202765548,51,3.992448091506958
gemma_t15,202769823,51,3.8074188232421875
gemma_t15,202770936,51,2.6442148685455322
gemma_t15,202771124,51,4.087802410125732
gemma_t15,202771535,51,3.0754196643829346
gemma_t15,202773239,51,2.910721778869629
gemma_t15,202773689,51,3.2149806022644043
gemma_t15,202774375,51,3.504207134246826
gemma_t15,202774468,51,2.625854015350342
gemma_t15,202776122,51,3.5653579235076904
gemma_t15,202776447,51,3.227820634841919
gemma_t15,202776649,51,2.7222280502319336
gemma_t15,202781392,51,3.2570526599884033
gemma_t15,202783478,51,4.035592079162598
gemma_t15,202784449,51,2.219820976257324
gemma_t15,202785255,51,2.996732473373413
gemma_t15,202785879,51,3.285985231399536
gemma_t15,202786066,51,2.9072580337524414
gemma_t15,202786882,51,3.3860108852386475
gemma_t15,202788490,51,4.124722957611084
gemma_t15,202788575,51,3.458038568496704
gemma_t15,202789603,51,2.3651821613311768
gemma_t15,203146520,51,2.4700539112091064
gemma_t15,203150358,51,3.178558826446533
gemma_t15,203610181,51,2.24167799949646
gemma_t15,203626520,51,3.003727436065674
gemma_t15,203836056,51,4.225820064544678
gemma_t15,203836888,51,5.666443347930908
gemma_t15,203905404,51,2.999445676803589
gemma_t15,204009154,51,2.80073881149292
gemma_t15,204512247,51,3.388798713684082
gemma_t15,204744108,51,4.217054843902588
gemma_t15,204823992,51,3.0678999423980713
gemma_t15,204902024,51,4.3205366134643555
gemma_t15,204949631,51,3.180290937423706
gemma_t15,207794190,51,4.080542087554932
gemma_t15,207847197,51,3.832585334777832
gemma_t15,207847250,51,3.8513126373291016
gemma_t15,207847598,51,3.817491054534912
gemma_t15,207847960,51,2.8698337078094482
gemma_t15,207852358,51,3.8463385105133057
gemma_t15,207852450,51,3.60233211517334
gemma_t15,207852597,51,2.925280809402466
gemma_t15,207852642,51,4.326502799987793
gemma_t15,207853017,51,3.4719951152801514
gemma_t15,207853111,51,4.035351276397705
gemma_t15,207853145,51,3.8501136302948
gemma_t15,207853191,51,3.149944543838501
gemma_t15,207853290,51,3.60323166847229
gemma_t15,207853300,51,3.1477773189544678
gemma_t15,207853304,51,4.245006561279297
gemma_t15,207863306,51,3.2911980152130127
gemma_t15,207870323,51,3.36568284034729
gemma_t15,207870937,51,2.8450286388397217
gemma_t15,207901226,51,2.80727219581604
gemma_t15,207925651,51,3.2107431888580322
gemma_t15,207996257,51,3.302318572998047
gemma_t15,208001011,51,3.872286796569824
gemma_t15,208006253,51,2.9149417877197266
gemma_t15,208191596,51,4.817023277282715
gemma_t15,208527026,51,2.640010356903076
gemma_t15,208547632,51,2.5265231132507324
gemma_t15,209009596,51,4.679368019104004
gemma_t15,209054931,51,2.342552423477173
gemma_t15,209202658,51,3.6614267826080322
gemma_t15,210164439,51,3.7279016971588135
gemma_t15,210164665,51,4.615114688873291
gemma_t15,210701352,51,3.400141477584839
gemma_t15,210714061,51,4.3662543296813965
gemma_t15,211003735,51,3.865787982940674
gemma_t15,211029226,51,3.6243245601654053
gemma_t15,211031933,51,4.165167331695557
gemma_t15,211066200,51,4.2567548751831055
gemma_t15,211082681,51,3.953842878341675
gemma_t15,211126910,51,2.043471097946167
gemma_t15,211258645,51,3.417494058609009
gemma_t15,211532588,51,2.6826770305633545
gemma_t15,211677475,51,3.5317671298980713
gemma_t15,211987786,51,4.706348419189453
gemma_t15,212718077,51,4.123941421508789
gemma_t15,212725806,51,2.9521267414093018
gemma_t15,212747810,51,4.208892345428467
gemma_t15,212800438,51,3.4306349754333496
gemma_t15,213982630,51,3.129422426223755
gemma_t15,214623124,51,5.881039619445801
gemma_t15,214693050,51,3.4238569736480713
gemma_t15,214794966,51,3.5805070400238037
gemma_t15,214802401,51,4.0009541511535645
gemma_t15,214802500,51,4.5788092613220215
gemma_t15,214802514,51,5.101108551025391
gemma_t15,214802587,51,2.732112407684326
gemma_t15,214802624,51,1.8183579444885254
gemma_t15,214802812,51,3.531575918197632
gemma_t15,214802856,51,4.341472625732422
gemma_t15,214802887,51,4.423050880432129
gemma_t15,214803082,51,2.614785671234131
gemma_t15,215191351,51,4.930174827575684
gemma_t15,215238391,51,2.79064679145813
gemma_t15,215238965,51,3.029505491256714
gemma_t15,215415911,51,4.925533771514893
gemma_t15,215415968,51,2.1761319637298584
gemma_t15,215416110,51,2.324673652648926
gemma_t15,215416175,51,2.4448790550231934
gemma_t15,215416349,51,3.071467161178589
gemma_t15,215547988,51,3.610417604446411
gemma_t15,215548041,51,3.1674492359161377
gemma_t15,215548215,51,3.0498769283294678
gemma_t15,215548225,51,3.177577018737793
gemma_t15,215548916,51,2.375358819961548
gemma_t15,215737001,51,2.6555240154266357
gemma_t15,215744806,51,2.7896475791931152
gemma_t15,215744924,51,2.6841046810150146
gemma_t15,215744944,51,3.5969419479370117
gemma_t15,215745286,51,3.9789178371429443
gemma_t15,215745290,51,4.1135735511779785
gemma_t15,215745354,51,3.2161309719085693
gemma_t15,215745536,51,3.0902175903320312
gemma_t15,215768766,51,2.5973732471466064
gemma_t15,215768768,51,4.3338518142700195
gemma_t15,215768769,51,3.068743944168091
gemma_t15,215768835,51,3.5335443019866943
gemma_t15,215785828,51,3.5995428562164307
gemma_t15,215785895,51,5.281834125518799
gemma_t15,215786391,51,3.208281993865967
gemma_t15,215806653,51,3.592709541320801
gemma_t15,215811473,51,3.0355608463287354
gemma_t15,215814290,51,2.4864614009857178
gemma_t15,215814515,51,2.70147967338562
gemma_t15,215826646,51,2.466283082962036
gemma_t15,215827207,51,3.287315607070923
gemma_t15,215827461,51,3.566425085067749
gemma_t15,215827653,51,3.076296329498291
gemma_t15,215827766,51,3.3730177879333496
gemma_t15,215827807,51,3.3977465629577637
gemma_t15,215827989,51,1.9912759065628052
gemma_t15,215828313,51,2.9754860401153564
gemma_t15,215828384,51,3.557025909423828
gemma_t15,215828553,51,3.3488786220550537
gemma_t15,216035773,51,2.6839823722839355
gemma_t15,216056240,51,4.479010105133057
gemma_t15,216056269,51,3.649301052093506
gemma_t15,216056453,51,3.338955879211426
gemma_t15,216056509,51,2.7793025970458984
gemma_t15,216080642,51,4.2937445640563965
gemma_t15,216080701,51,2.601447105407715
gemma_t15,216080986,51,2.8474855422973633
gemma_t15,216144439,51,3.440864086151123
gemma_t15,216144503,51,3.254321336746216
gemma_t15,216144770,51,2.859785318374634
gemma_t15,216552849,51,2.4293007850646973
gemma_t15,216552854,51,3.8781166076660156
gemma_t15,216552897,51,3.858900547027588
gemma_t15,216552978,51,2.4638845920562744
gemma_t15,216553067,51,3.38848876953125
gemma_t15,216553182,51,4.239354610443115
gemma_t15,216553210,51,3.4248297214508057
gemma_t15,216553264,51,2.5671346187591553
gemma_t15,216557637,51,2.985866069793701
gemma_t15,216562233,51,4.052982330322266
gemma_t15,216562330,51,3.4832255840301514
gemma_t15,216562386,51,3.5390241146087646
gemma_t15,216562638,51,2.482759952545166
gemma_t15,216562779,51,4.363746643066406
gemma_t15,216562785,51,2.6962697505950928
gemma_t15,216636598,51,3.206861734390259
gemma_t15,216641736,51,3.5528433322906494
gemma_t15,216641773,51,4.440946578979492
gemma_t15,216641842,51,2.725037097930908
gemma_t15,216641848,51,4.113072872161865
gemma_t15,216641852,51,3.328284978866577
gemma_t15,216641956,51,2.764380931854248
gemma_t15,216642043,51,2.353064775466919
gemma_t15,216642230,51,3.0092012882232666
gemma_t15,216867622,51,3.528977870941162
gemma_t15,216868180,51,3.4566428661346436
gemma_t15,216868234,51,2.6743786334991455
gemma_t15,216868259,51,1.9360108375549316
gemma_t15,216868472,51,3.4121406078338623
gemma_t15,216868486,51,2.617257595062256
gemma_t15,216868525,51,2.80033802986145
gemma_t15,216868592,51,4.515148162841797
gemma_t15,216868683,51,3.150334358215332
gemma_t15,216868725,51,2.8057773113250732
gemma_t15,216869183,51,2.8135108947753906
gemma_t15,216869577,51,5.9204559326171875
gemma_t15,216914409,51,2.4007363319396973
gemma_t15,216914626,51,4.392703533172607
gemma_t15,216914911,51,4.181066513061523
gemma_t15,218076648,51,2.897566795349121
gemma_t15,218470058,51,4.3096489906311035
gemma_t15,218470122,51,2.2678802013397217
gemma_t15,218470125,51,2.0657711029052734
gemma_t15,218470144,51,4.136509418487549
gemma_t15,218470237,51,2.2860350608825684
gemma_t15,218470359,51,5.506863594055176
gemma_t15,218470427,51,4.158506393432617
gemma_t15,218470517,51,5.197813987731934
gemma_t15,218486837,51,3.5858376026153564
gemma_t15,218487098,51,3.387551784515381
gemma_t15,218487100,51,3.0857949256896973
gemma_t15,218487136,51,3.617096185684204
gemma_t15,218487168,51,3.486339569091797
gemma_t15,218487230,51,2.657968759536743
gemma_t15,218487237,51,3.499511241912842
gemma_t15,218487279,51,4.158443927764893
gemma_t15,218487288,51,3.876796245574951
gemma_t15,218487373,51,4.997791290283203
gemma_t15,218487454,51,2.9296019077301025
gemma_t15,218487506,51,4.0227532386779785
gemma_t15,218487696,51,4.151611804962158
gemma_t15,218487733,51,3.031301498413086
gemma_t15,218500588,51,3.3164312839508057
gemma_t15,218501728,51,2.90360951423645
gemma_t15,218502350,51,5.700234413146973
gemma_t15,218517044,51,2.0470919609069824
gemma_t15,218517088,51,3.9216222763061523
gemma_t15,218517128,51,3.2267773151397705
gemma_t15,218538467,51,2.3767874240875244
gemma_t15,218560609,51,3.2862095832824707
gemma_t15,218571018,51,3.394474983215332
gemma_t15,218571035,51,2.8982362747192383
gemma_t15,218571152,51,3.47086501121521
gemma_t15,218571167,51,2.8470704555511475
gemma_t15,218571335,51,3.590644598007202
gemma_t15,218580945,51,2.8724446296691895
gemma_t15,218581853,51,2.471730947494507
gemma_t15,218595658,51,4.4160847663879395
gemma_t15,218595710,51,3.052952527999878
gemma_t15,218595915,51,3.8854997158050537
gemma_t15,218595930,51,3.34417986869812
gemma_t15,218610661,51,4.125424861907959
gemma_t15,218613630,51,3.4891180992126465
gemma_t15,218613850,51,2.347928047180176
gemma_t15,218614095,51,2.7829723358154297
gemma_t15,218628691,51,3.549189329147339
gemma_t15,218628872,51,6.132129669189453
gemma_t15,218630027,51,3.465358257293701
gemma_t15,218665566,51,3.2635905742645264
gemma_t15,218674382,51,3.963510513305664
gemma_t15,218684346,51,2.6076221466064453
gemma_t15,218718559,51,2.5151517391204834
gemma_t15,218718982,51,3.162531614303589
gemma_t15,218763259,51,3.956714391708374
gemma_t15,218763425,51,2.6406044960021973
gemma_t15,218763678,51,2.245873212814331
gemma_t15,218869840,51,3.8990654945373535
gemma_t15,218883429,51,2.8970158100128174
gemma_t15,218889746,51,2.9777491092681885
gemma_t15,218901061,51,4.0481743812561035
gemma_t15,218971632,51,3.7831714153289795
gemma_t15,218971877,51,3.549724817276001
gemma_t15,218974137,51,2.1513259410858154
gemma_t15,219036690,51,3.0816850662231445
gemma_t15,219124328,51,3.6921823024749756
gemma_t15,219165306,51,2.805556535720825
gemma_t15,219176513,51,3.3596222400665283
gemma_t15,219176849,51,2.6104063987731934
gemma_t15,219177150,51,2.7514562606811523
gemma_t15,219260306,51,3.0647683143615723
gemma_t15,219302617,51,2.8041040897369385
gemma_t15,219304854,51,1.9166738986968994
gemma_t15,219304992,51,3.2501351833343506
gemma_t15,219306244,51,6.981311798095703
gemma_t15,219307246,51,1.8425612449645996
gemma_t15,219309091,51,2.928797483444214
gemma_t15,219310312,51,2.759634494781494
gemma_t15,219401758,51,3.2939560413360596
gemma_t15,219530664,51,3.542614221572876
gemma_t15,219530980,51,2.2095675468444824
gemma_t15,219558508,51,2.349888563156128
gemma_t15,219573244,51,4.345771789550781
gemma_t15,219573654,51,2.6771767139434814
gemma_t15,219635956,51,2.2508718967437744
gemma_t15,219708219,51,4.165792942047119
gemma_t15,219719687,51,2.9295167922973633
gemma_t15,219721462,51,3.62139892578125
gemma_t15,219966938,51,4.018447399139404
gemma_t15,219980605,51,4.287816524505615
gemma_t15,220044829,51,3.333805561065674
gemma_t15,220044878,51,2.1783699989318848
gemma_t15,220044881,51,3.6688694953918457
gemma_t15,220045417,51,3.3945727348327637
gemma_t15,220045465,51,2.3965976238250732
gemma_t15,220045816,51,4.046535968780518
gemma_t15,220045824,51,1.8992071151733398
gemma_t15,220045825,51,3.1796298027038574
gemma_t15,220045826,51,3.477943181991577
gemma_t15,220045828,51,3.276939868927002
gemma_t15,220045831,51,2.682342767715454
gemma_t15,220045835,51,3.3428356647491455
gemma_t15,220045906,51,2.875446081161499
gemma_t15,220045915,51,3.152984380722046
gemma_t15,220045953,51,3.4584460258483887
gemma_t15,220046222,51,2.3244619369506836
gemma_t15,220046453,51,3.2204699516296387
gemma_t15,220046465,51,3.230586051940918
gemma_t15,220046499,51,3.892324447631836
gemma_t15,220046510,51,2.5449514389038086
gemma_t15,220046814,51,3.2250723838806152
gemma_t15,220047070,51,3.2744970321655273
gemma_t15,220047186,51,2.7828116416931152
gemma_t15,220047251,51,4.574061870574951
gemma_t15,220047266,51,3.2025532722473145
gemma_t15,220047363,51,2.644911766052246
gemma_t15,220047771,51,3.1119680404663086
gemma_t15,220047822,51,2.8363945484161377
gemma_t15,220047831,51,3.2160348892211914
gemma_t15,220047862,51,2.975018262863159
gemma_t15,220047871,51,3.97068190574646
gemma_t15,220047976,51,3.781196117401123
gemma_t15,220048083,51,2.701760768890381
gemma_t15,220048213,51,3.1106815338134766
gemma_t15,220048228,51,2.645094394683838
gemma_t15,220049701,51,2.454498529434204
gemma_t15,220059617,51,2.4687142372131348
gemma_t15,220060899,51,3.32261061668396
gemma_t15,220250648,51,3.113433837890625
gemma_t15,220265679,51,3.766326665878296
gemma_t15,220280994,51,2.6200387477874756
gemma_t15,220330688,51,2.1117072105407715
gemma_t15,220331638,51,3.244020462036133
gemma_t15,220363596,51,3.077925205230713
gemma_t15,220364230,51,3.1554951667785645
gemma_t15,220425360,51,4.765772819519043
gemma_t15,220525491,51,3.6627066135406494
gemma_t15,220546439,51,3.419579029083252
gemma_t15,220686630,51,2.5125248432159424
gemma_t15,220794027,51,3.165118455886841
gemma_t15,220919861,51,3.006615400314331
gemma_t15,221005781,51,3.2307326793670654
gemma_t15,221090091,51,2.265986204147339
gemma_t15,221090332,51,2.3975961208343506
gemma_t15,221150562,51,3.745133399963379
gemma_t15,221246333,51,2.3760149478912354
gemma_t15,221376974,51,3.9212119579315186
gemma_t15,221517069,51,3.328629970550537
gemma_t15,221640658,51,3.480626344680786
gemma_t15,221702970,51,3.712644338607788
gemma_t15,221703773,51,3.9948184490203857
gemma_t15,221738937,51,3.763062000274658
gemma_t15,221738987,51,3.169114828109741
gemma_t15,221739233,51,3.2930614948272705
gemma_t15,221739295,51,3.888033390045166
gemma_t15,221739314,51,3.5949058532714844
gemma_t15,221749138,51,2.7125191688537598
gemma_t15,221761251,51,3.813514232635498
gemma_t15,221761320,51,3.727688789367676
gemma_t15,221761685,51,3.749185562133789
gemma_t15,221802738,51,3.7157135009765625
gemma_t15,221802772,51,3.4574155807495117
gemma_t15,221818878,51,2.9349441528320312
gemma_t15,221835708,51,2.828066349029541
gemma_t15,221836078,51,4.364557266235352
gemma_t15,221836081,51,3.2267537117004395
gemma_t15,221845203,51,4.496274471282959
gemma_t15,221857750,51,2.7449393272399902
gemma_t15,221878973,51,3.9578611850738525
gemma_t15,221879025,51,4.260214328765869
gemma_t15,221948991,51,3.214719533920288
gemma_t15,221949175,51,3.116105556488037
gemma_t15,221949448,51,2.8627994060516357
gemma_t15,221970112,51,4.666836261749268
gemma_t15,221970445,51,3.390706777572632
gemma_t15,221970493,51,3.705791473388672
gemma_t15,221995543,51,3.426271677017212
gemma_t15,221995630,51,3.132758140563965
gemma_t15,221996144,51,2.9390056133270264
gemma_t15,222008363,51,3.9548022747039795
gemma_t15,222066712,51,3.614530563354492
gemma_t15,222090330,51,3.1736338138580322
gemma_t15,222090412,51,4.319431304931641
gemma_t15,222103842,51,3.535648822784424
gemma_t15,222124366,51,4.2772393226623535
gemma_t15,222124934,51,2.773073673248291
gemma_t15,222125099,51,4.633478164672852
gemma_t15,222132916,51,4.257607460021973
gemma_t15,222133028,51,2.9972195625305176
gemma_t15,222133166,51,3.173525094985962
gemma_t15,222134074,51,2.997483730316162
gemma_t15,222134115,51,2.8587310314178467
gemma_t15,222140803,51,3.1496429443359375
gemma_t15,222140969,51,3.5399303436279297
gemma_t15,222141043,51,3.7297580242156982
gemma_t15,222141045,51,2.6274304389953613
gemma_t15,222141054,51,4.010920524597168
gemma_t15,222141056,51,3.9265098571777344
gemma_t15,222141483,51,2.5088424682617188
gemma_t15,222141790,51,4.026037216186523
gemma_t15,222142129,51,3.261073112487793
gemma_t15,222156681,51,3.4592998027801514
gemma_t15,222176890,51,4.971833229064941
gemma_t15,222177069,51,2.9923202991485596
gemma_t15,222177127,51,2.3720619678497314
gemma_t15,222177239,51,2.296050786972046
gemma_t15,222177485,51,3.5452229976654053
gemma_t15,222177762,51,3.3339333534240723
gemma_t15,222177767,51,2.3839075565338135
gemma_t15,222177851,51,2.2448949813842773
gemma_t15,222205878,51,3.0553832054138184
gemma_t15,222208701,51,4.438736438751221
gemma_t15,222208714,51,3.8793551921844482
gemma_t15,222208845,51,2.500307321548462
gemma_t15,222208958,51,4.084115505218506
gemma_t15,222208984,51,2.4548628330230713
gemma_t15,222209112,51,3.5602385997772217
gemma_t15,222225253,51,2.9926533699035645
gemma_t15,222271911,51,3.078479290008545
gemma_t15,222272319,51,3.0481224060058594
gemma_t15,222272447,51,3.4607133865356445
gemma_t15,222290596,51,4.150461196899414
gemma_t15,222290670,51,4.395840167999268
gemma_t15,222290677,51,3.7384471893310547
gemma_t15,222290679,51,2.684804916381836
gemma_t15,222290752,51,6.094234943389893
gemma_t15,222290851,51,2.8505799770355225
gemma_t15,222291117,51,4.113863468170166
gemma_t15,222291132,51,2.3400702476501465
gemma_t15,222291386,51,2.400660991668701
gemma_t15,222291532,51,3.661562204360962
gemma_t15,222291619,51,2.8595731258392334
gemma_t15,222306079,51,3.61356258392334
gemma_t15,222310116,51,3.227200508117676
gemma_t15,222310469,51,2.591827154159546
gemma_t15,222310559,51,2.795203924179077
gemma_t15,222310618,51,4.366405963897705
gemma_t15,222310689,51,2.0698416233062744
gemma_t15,222310761,51,2.606261730194092
gemma_t15,222310837,51,4.411064624786377
gemma_t15,222341502,51,3.005091428756714
gemma_t15,222341606,51,3.6285781860351562
gemma_t15,222341713,51,4.004023551940918
gemma_t15,222341867,51,3.4943811893463135
gemma_t15,222377768,51,6.264294624328613
gemma_t15,222379195,51,3.38314151763916
gemma_t15,223953395,51,2.0973925590515137
gemma_t15,223953416,51,3.8551981449127197
gemma_t15,223957053,51,3.6147420406341553
gemma_t15,224704949,51,3.550684690475464
gemma_t15,224705337,51,3.5013883113861084
gemma_t15,224706384,51,2.9921460151672363
gemma_t15,224724415,51,4.909862518310547
gemma_t15,224802782,51,3.5893383026123047
gemma_t15,224803298,51,2.532909631729126
gemma_t15,224803491,51,3.753138780593872
gemma_t15,224803588,51,4.56177282333374
gemma_t15,224814107,51,3.7251343727111816
gemma_t15,224818197,51,4.754045009613037
gemma_t15,225039884,51,3.172539710998535
gemma_t15,225040672,51,2.403597354888916
gemma_t15,225041226,51,2.913278102874756
gemma_t15,225062282,51,2.992858648300171
gemma_t15,225062337,51,3.0079054832458496
gemma_t15,225066679,51,2.576404094696045
gemma_t15,225066984,51,3.854213237762451
gemma_t15,225067055,51,3.374387502670288
gemma_t15,225067077,51,2.5171191692352295
gemma_t15,225067549,51,3.761340618133545
gemma_t15,225067563,51,4.021834373474121
gemma_t15,225067713,51,3.8323447704315186
gemma_t15,225068329,51,3.0579185485839844
gemma_t15,225070214,51,3.3720898628234863
gemma_t15,225074971,51,2.852262020111084
gemma_t15,225075639,51,2.9316458702087402
gemma_t15,225094152,51,2.2305350303649902
gemma_t15,225103036,51,2.137571334838867
gemma_t15,226222232,51,4.079070568084717
gemma_t15,226226607,51,5.151240825653076
gemma_t15,226226666,51,4.533798694610596
gemma_t15,226226744,51,3.5910706520080566
gemma_t15,226227390,51,4.5339579582214355
gemma_t15,226236740,51,3.025846004486084
gemma_t15,226237179,51,1.88796067237854
gemma_t15,226237546,51,2.9320223331451416
gemma_t15,226245979,51,2.656191825866699
gemma_t15,226254361,51,3.281965494155884
gemma_t15,226262191,51,4.354355812072754
gemma_t15,226262204,51,3.805123805999756
gemma_t15,226262205,51,4.990932941436768
gemma_t15,226262224,51,2.834279775619507
gemma_t15,226262227,51,3.1917624473571777
gemma_t15,226262252,51,2.8577840328216553
gemma_t15,226262263,51,2.6879794597625732
gemma_t15,226262266,51,3.1526224613189697
gemma_t15,226262283,51,3.7762415409088135
gemma_t15,226262284,51,2.4590225219726562
gemma_t15,226262316,51,3.5503807067871094
gemma_t15,226262325,51,2.2667877674102783
gemma_t15,226262344,51,2.548147201538086
gemma_t15,226262349,51,2.850889205932617
gemma_t15,226262425,51,3.1418464183807373
gemma_t15,226278099,51,2.5048768520355225
gemma_t15,226281376,51,2.726576566696167
gemma_t15,226281660,51,3.8990395069122314
gemma_t15,226283452,51,1.9587453603744507
gemma_t15,226283533,51,3.381948471069336
gemma_t15,226283593,51,4.344086647033691
gemma_t15,226283779,51,2.8965437412261963
gemma_t15,226283839,51,4.761219024658203
gemma_t15,226283910,51,4.457329273223877
gemma_t15,226283984,51,2.624290943145752
gemma_t15,226284018,51,3.2154414653778076
gemma_t15,227230267,51,2.5690314769744873
gemma_t15,227230896,51,3.069784641265869
gemma_t15,227231059,51,3.854816198348999
gemma_t15,227231123,51,3.78169584274292
gemma_t15,227231240,51,3.3977315425872803
gemma_t15,227231454,51,3.6681694984436035
gemma_t15,227231541,51,2.476492166519165
gemma_t15,227231632,51,3.640881061553955
gemma_t15,227231689,51,3.0563669204711914
gemma_t15,227255526,51,3.4026389122009277
gemma_t15,227745074,51,3.616565227508545
gemma_t15,227840539,51,2.3707752227783203
gemma_t15,229152766,51,4.05300760269165
gemma_t15,229363636,51,5.2927422523498535
gemma_t15,229365667,51,3.06420636177063
gemma_t15,229365773,51,3.3797237873077393
gemma_t15,229365839,51,3.190253257751465
gemma_t15,229371560,51,2.873401641845703
gemma_t15,229376913,51,3.9563727378845215
gemma_t15,229376920,51,4.499666213989258
gemma_t15,229679941,51,4.102948188781738
gemma_t15,229923069,51,2.7743542194366455
gemma_t15,229923118,51,3.47633695602417
gemma_t15,229923196,51,4.587520122528076
gemma_t15,229923207,51,3.552229166030884
gemma_t15,229923220,51,3.884922742843628
gemma_t15,229923438,51,3.3153417110443115
gemma_t15,229923538,51,3.0645594596862793
gemma_t15,229923551,51,3.5527124404907227
gemma_t15,229923747,51,2.9371907711029053
gemma_t15,229923749,51,3.544642448425293
gemma_t15,229923903,51,3.5215556621551514
gemma_t15,229924005,51,2.9528377056121826
gemma_t15,229924184,51,2.609469413757324
gemma_t15,229924220,51,3.1932756900787354
gemma_t15,229924402,51,4.481764316558838
gemma_t15,230119728,51,2.5600130558013916
gemma_t15,230433978,51,3.828950881958008
gemma_t15,230434014,51,4.163261413574219
gemma_t15,230437591,51,3.3508946895599365
gemma_t15,230437613,51,3.5098981857299805
gemma_t15,230438816,51,3.266310691833496
gemma_t15,231572779,51,2.9830384254455566
gemma_t15,231592914,51,3.6971073150634766
gemma_t15,231648372,51,4.455445766448975
gemma_t15,231698419,51,2.5718271732330322
gemma_t15,231698657,51,3.2398898601531982
gemma_t15,231704318,51,3.0211219787597656
gemma_t15,231718729,51,4.26229190826416
gemma_t15,231719525,51,3.0275087356567383
gemma_t15,231740666,51,3.0435633659362793
gemma_t15,231749968,51,3.0469486713409424
gemma_t15,231750020,51,2.8032095432281494
gemma_t15,231879840,51,2.002181053161621
gemma_t15,231951460,51,3.456688642501831
gemma_t15,232147874,51,3.970895528793335
gemma_t15,232185112,51,3.6678996086120605
gemma_t15,232185275,51,2.9283382892608643
gemma_t15,232185425,51,2.118093967437744
gemma_t15,232185439,51,3.087819814682007
gemma_t15,232222189,51,3.3989789485931396
gemma_t15,232233408,51,4.2597432136535645
gemma_t15,232233599,51,3.1634674072265625
gemma_t15,232240181,51,3.877697229385376
gemma_t15,232257699,51,3.0070748329162598
gemma_t15,232307006,51,2.783604145050049
gemma_t15,232307434,51,2.6337592601776123
gemma_t15,232307483,51,3.390068292617798
gemma_t15,232335602,51,4.602208137512207
gemma_t15,232335863,51,2.735396146774292
gemma_t15,232404131,51,2.9010095596313477
gemma_t15,232478685,51,2.8145906925201416
gemma_t15,233004708,51,2.715259075164795
gemma_t15,233033916,51,4.052544593811035
gemma_t15,233189542,51,5.2030720710754395
gemma_t15,233189569,51,3.0447041988372803
gemma_t15,233204406,51,3.360342264175415
gemma_t15,233209848,51,2.583557367324829
gemma_t15,233210110,51,4.473561763763428
gemma_t15,233210195,51,2.9847989082336426
gemma_t15,233210199,51,3.2710180282592773
gemma_t15,233210367,51,2.7623915672302246
gemma_t15,233210556,51,3.0137155055999756
gemma_t15,233219387,51,2.893439769744873
gemma_t15,233219395,51,2.4277217388153076
gemma_t15,233219660,51,3.486835241317749
gemma_t15,233219933,51,2.913775682449341
gemma_t15,233231453,51,3.559792995452881
gemma_t15,233231592,51,3.794236660003662
gemma_t15,233240744,51,2.5402796268463135
gemma_t15,233240759,51,2.990875005722046
gemma_t15,233240823,51,3.2452261447906494
gemma_t15,233241004,51,3.1392922401428223
gemma_t15,233241070,51,3.431932210922241
gemma_t15,233241169,51,4.006156921386719
gemma_t15,233289620,51,3.604349374771118
gemma_t15,233289621,51,2.6051268577575684
gemma_t15,233289750,51,3.473362445831299
gemma_t15,233296168,51,3.123664379119873
gemma_t15,233296182,51,3.955350160598755
gemma_t15,233296487,51,4.20670747756958
gemma_t15,233296511,51,3.478923797607422
gemma_t15,233296655,51,3.8120524883270264
gemma_t15,233296689,51,4.149056434631348
gemma_t15,233296709,51,2.639774799346924
gemma_t15,233296775,51,2.597378730773926
gemma_t15,233297024,51,4.083120822906494
gemma_t15,233304563,51,2.170961618423462
gemma_t15,233324564,51,4.241363048553467
gemma_t15,233365172,51,3.740368127822876
gemma_t15,233365339,51,3.0085949897766113
gemma_t15,233423658,51,2.4616787433624268
gemma_t15,233444226,51,3.778294324874878
gemma_t15,233481097,51,3.6718263626098633
gemma_t15,233864627,51,4.688865661621094
gemma_t15,234334712,51,2.6667847633361816
gemma_t15,234335834,51,3.9757916927337646
gemma_t15,234337605,51,4.409188747406006
gemma_t15,234341137,51,4.082120895385742
gemma_t15,234469638,51,2.4670231342315674
gemma_t15,234469858,51,4.815062999725342
gemma_t15,234679287,51,2.9256479740142822
gemma_t15,234679391,51,3.0856435298919678
gemma_t15,234681504,51,3.4076786041259766
gemma_t15,234741719,51,4.32078742980957
gemma_t15,234762936,51,4.424930095672607
gemma_t15,234763248,51,2.6776013374328613
gemma_t15,234778136,51,2.7021853923797607
gemma_t15,234790219,51,2.9963173866271973
gemma_t15,235097275,51,2.486220598220825
gemma_t15,235097294,51,3.690978527069092
gemma_t15,235097313,51,3.437145948410034
gemma_t15,235097561,51,3.022120952606201
gemma_t15,235097625,51,3.325073719024658
gemma_t15,235097662,51,2.6608848571777344
gemma_t15,235125628,51,2.8864586353302
gemma_t15,235166279,51,3.892671823501587
gemma_t15,235166395,51,3.1544830799102783
gemma_t15,235166497,51,3.9250552654266357
gemma_t15,235187032,51,3.10579514503479
gemma_t15,235196029,51,2.9108123779296875
gemma_t15,235196067,51,3.0461089611053467
gemma_t15,235212088,51,3.460615634918213
gemma_t15,235248187,51,2.4072535037994385
gemma_t15,235253782,51,2.6365609169006348
gemma_t15,235253912,51,2.6054279804229736
gemma_t15,235254048,51,2.513767957687378
gemma_t15,235254574,51,2.6444971561431885
gemma_t15,235254732,51,3.1864094734191895
gemma_t15,235254796,51,2.5135505199432373
gemma_t15,235265858,51,2.777963161468506
gemma_t15,235266233,51,3.198808431625366
gemma_t15,235266322,51,5.012475967407227
gemma_t15,235266324,51,3.3030807971954346
gemma_t15,235293739,51,2.7771692276000977
gemma_t15,235293774,51,2.9271254539489746
gemma_t15,235293802,51,2.8264715671539307
gemma_t15,235293967,51,4.071169376373291
gemma_t15,235294002,51,4.287078380584717
gemma_t15,235294081,51,2.8359153270721436
gemma_t15,235294296,51,3.9837441444396973
gemma_t15,235313431,51,3.0654149055480957
gemma_t15,235313469,51,2.755549669265747
gemma_t15,235313508,51,2.2959492206573486
gemma_t15,235313546,51,2.2552671432495117
gemma_t15,235313658,51,2.9791431427001953
gemma_t15,235313785,51,3.563558340072632
gemma_t15,235313788,51,3.087167501449585
gemma_t15,235313818,51,2.4085376262664795
gemma_t15,235313879,51,3.7102210521698
gemma_t15,235313916,51,4.005380630493164
gemma_t15,235313996,51,3.4392049312591553
gemma_t15,235352646,51,3.262747049331665
gemma_t15,235358130,51,3.84682297706604
gemma_t15,235358897,51,3.5190837383270264
gemma_t15,235358955,51,3.0893521308898926
gemma_t15,235359141,51,3.6256368160247803
gemma_t15,235364002,51,2.248741626739502
gemma_t15,235364036,51,3.217374086380005
gemma_t15,235367681,51,3.495539903640747
gemma_t15,235368202,51,1.9018460512161255
gemma_t15,235390503,51,2.5461525917053223
gemma_t15,235391043,51,3.652998685836792
gemma_t15,235415270,51,4.168009281158447
gemma_t15,235417102,51,3.447275161743164
gemma_t15,235417177,51,3.047487735748291
gemma_t15,235417503,51,3.782209873199463
gemma_t15,235422047,51,3.2862191200256348
gemma_t15,235433328,51,2.4862403869628906
gemma_t15,235446895,51,2.9521706104278564
gemma_t15,235457983,51,1.8827013969421387
gemma_t15,235458570,51,2.9100594520568848
gemma_t15,235458620,51,3.3244800567626953
gemma_t15,235458643,51,4.191046237945557
gemma_t15,235485451,51,3.866234540939331
gemma_t15,235490087,51,4.076859474182129
gemma_t15,235652287,51,3.591330051422119
gemma_t15,235669861,51,3.0677897930145264
gemma_t15,235683062,51,4.07585334777832
gemma_t15,235683485,51,3.7096409797668457
gemma_t15,235694265,51,4.270481586456299
gemma_t15,235720578,51,3.8119940757751465
gemma_t15,235794968,51,2.7969861030578613
gemma_t15,235795670,51,3.144918203353882
gemma_t15,235828923,51,3.080562114715576
gemma_t15,235828943,51,1.9205690622329712
gemma_t15,235898896,51,3.5743558406829834
gemma_t15,236087808,51,3.3758323192596436
gemma_t15,236171157,51,4.042524337768555
gemma_t15,236428724,51,2.2201151847839355
gemma_t15,236428961,51,2.6067049503326416
gemma_t15,236459819,51,2.9919233322143555
gemma_t15,236459826,51,3.4573216438293457
gemma_t15,236459873,51,2.9549968242645264
gemma_t15,236459933,51,3.218576431274414
gemma_t15,236459946,51,2.5146217346191406
gemma_t15,236459953,51,4.234849452972412
gemma_t15,236460001,51,3.693397283554077
gemma_t15,236460053,51,3.7938520908355713
gemma_t15,236460056,51,3.6285789012908936
gemma_t15,236460087,51,2.218731164932251
gemma_t15,236460102,51,3.990137815475464
gemma_t15,236460230,51,2.800240993499756
gemma_t15,236460239,51,3.851030111312866
gemma_t15,236460257,51,3.284498691558838
gemma_t15,236460275,51,4.3701581954956055
gemma_t15,236460302,51,4.368395805358887
gemma_t15,236460322,51,2.8292269706726074
gemma_t15,236477365,51,2.6961915493011475
gemma_t15,236477682,51,3.311992645263672
gemma_t15,236477844,51,4.129241466522217
gemma_t15,236477909,51,2.405081033706665
gemma_t15,236478188,51,3.2253215312957764
gemma_t15,236478383,51,3.3409934043884277
gemma_t15,236912915,51,4.452298641204834
gemma_t15,236924832,51,3.383530378341675
gemma_t15,236956577,51,4.205202102661133
gemma_t15,237091377,51,2.5650787353515625
gemma_t15,237213465,51,2.3309271335601807
gemma_t15,237251782,51,3.7572381496429443
gemma_t15,237263305,51,4.119794845581055
gemma_t15,237304047,51,3.5103211402893066
gemma_t15,237304067,51,3.412846565246582
gemma_t15,237304520,51,2.612734317779541
gemma_t15,237346893,51,4.557525157928467
gemma_t15,237346897,51,4.401740074157715
gemma_t15,237347122,51,2.6561954021453857
gemma_t15,237353665,51,2.841724395751953
gemma_t15,237365058,51,2.8931355476379395
gemma_t15,237386676,51,2.2608118057250977
gemma_t15,237416760,51,3.020543098449707
gemma_t15,237420398,51,2.469905376434326
gemma_t15,237420821,51,2.548471212387085
gemma_t15,237421373,51,3.7625632286071777
gemma_t15,237431340,51,5.056188583374023
gemma_t15,237433655,51,3.349607467651367
gemma_t15,237439400,51,3.0136451721191406
gemma_t15,237440319,51,2.4931626319885254
gemma_t15,237442211,51,3.992095470428467
gemma_t15,237442331,51,5.881717681884766
gemma_t15,237452184,51,3.7753195762634277
gemma_t15,237452236,51,3.48211407661438
gemma_t15,237453242,51,2.424642562866211
gemma_t15,237453543,51,2.840343952178955
gemma_t15,237453590,51,2.8237199783325195
gemma_t15,237454564,51,3.105836868286133
gemma_t15,237485098,51,3.069667100906372
gemma_t15,237485454,51,2.8275370597839355
gemma_t15,237485472,51,3.9696996212005615
gemma_t15,237485586,51,3.374236583709717
gemma_t15,237490811,51,3.8188180923461914
gemma_t15,237491053,51,4.252956867218018
gemma_t15,237491444,51,2.7350380420684814
gemma_t15,237491751,51,3.7891602516174316
gemma_t15,237492043,51,2.579608678817749
gemma_t15,237492197,51,3.162024736404419
gemma_t15,237500283,51,2.8864951133728027
gemma_t15,237504105,51,2.4334073066711426
gemma_t15,237507028,51,6.6832733154296875
gemma_t15,237513360,51,2.6444427967071533
gemma_t15,237532321,51,2.970283269882202
gemma_t15,237532404,51,2.608940601348877
gemma_t15,237561567,51,3.4157040119171143
gemma_t15,237562875,51,3.1031320095062256
gemma_t15,237562927,51,4.29666805267334
gemma_t15,237568724,51,3.9022445678710938
gemma_t15,237571370,51,1.8137598037719727
gemma_t15,237571691,51,3.618025064468384
gemma_t15,237572304,51,3.70524525642395
gemma_t15,237581068,51,2.9202561378479004
gemma_t15,237698810,51,4.3139472007751465
gemma_t15,237940082,51,3.512007236480713
gemma_t15,237940206,51,4.2048821449279785
gemma_t15,237940558,51,2.785954475402832
gemma_t15,238198104,51,2.440581798553467
gemma_t15,238198383,51,3.814507246017456
gemma_t15,238226978,51,3.3840723037719727
gemma_t15,238259221,51,2.398448944091797
gemma_t15,238259403,51,3.513296604156494
gemma_t15,238634750,51,4.020083904266357
gemma_t15,238744497,51,2.5685360431671143
gemma_t15,238856828,51,3.4282498359680176
gemma_t15,238856900,51,3.3082985877990723
gemma_t15,238857078,51,2.690131664276123
gemma_t15,238857121,51,4.970729827880859
gemma_t15,238857301,51,4.209257125854492
gemma_t15,238857304,51,3.9153943061828613
gemma_t15,239009558,51,3.493229866027832
gemma_t15,239009606,51,3.362255334854126
gemma_t15,239015827,51,2.9872305393218994
gemma_t15,239015946,51,3.3365936279296875
gemma_t15,239016123,51,4.288829803466797
gemma_t15,239016717,51,2.7554807662963867
gemma_t15,239016893,51,3.0141053199768066
gemma_t15,239049842,51,2.8133962154388428
gemma_t15,240225648,51,3.192497730255127
gemma_t15,240288892,51,4.0626935958862305
gemma_t15,241032941,51,3.4084298610687256
gemma_t15,241033259,51,5.097438812255859
gemma_t15,241583340,51,3.5436172485351562
gemma_t15,241583576,51,2.1490206718444824
gemma_t15,243865127,51,2.636955738067627
gemma_t15,243865204,51,3.161041736602783
gemma_t15,243865235,51,3.400731325149536
gemma_t15,243865296,51,2.600708484649658
gemma_t15,243865314,51,2.3379180431365967
gemma_t15,243865355,51,3.2710912227630615
gemma_t15,243865391,51,4.194096088409424
gemma_t15,243865395,51,3.025946855545044
gemma_t15,243865399,51,5.234073162078857
gemma_t15,244117167,51,2.7430367469787598
gemma_t15,244909056,51,3.9343461990356445
gemma_t15,245124270,51,2.843287467956543
gemma_t15,245130931,51,5.592707633972168
gemma_t15,245131402,51,3.415409803390503
gemma_t15,245144752,51,2.9099409580230713
gemma_t15,245218563,51,3.0492634773254395
gemma_t15,245218671,51,4.942814826965332
gemma_t15,245218982,51,3.152989149093628
gemma_t15,245219268,51,3.143674850463867
gemma_t15,245219282,51,3.9765939712524414
gemma_t15,245334784,51,2.4545555114746094
gemma_t15,245836939,51,3.603693723678589
gemma_t15,245853756,51,2.498232841491699
gemma_t15,245855870,51,2.945434093475342
gemma_t15,246016271,51,3.5542781352996826
gemma_t15,246017095,51,3.044867753982544
gemma_t15,246063436,51,2.2058210372924805
gemma_t15,246867373,51,2.781106472015381
gemma_t15,247158838,51,4.094316482543945
gemma_t15,247159046,51,3.034604787826538
gemma_t15,247187588,51,3.278271198272705
gemma_t15,247222710,51,3.0390548706054688
gemma_t15,247291740,51,2.402376174926758
gemma_t15,247315166,51,3.0805554389953613
gemma_t15,247315260,51,2.957951068878174
gemma_t15,247362971,51,2.6530563831329346
gemma_t15,247411350,51,2.69732928276062
gemma_t15,247446572,51,3.1144497394561768
gemma_t15,247446894,51,2.6541190147399902
gemma_t15,247447662,51,3.7714970111846924
gemma_t15,247450580,51,2.127448558807373
gemma_t15,247450969,51,3.498138904571533
gemma_t15,247451025,51,2.181861162185669
gemma_t15,247451243,51,2.942431688308716
gemma_t15,247475919,51,5.812621116638184
gemma_t15,247518984,51,2.876798152923584
gemma_t15,247519084,51,4.033531665802002
gemma_t15,247593812,51,2.8876471519470215
gemma_t15,247594302,51,4.713294506072998
gemma_t15,247594716,51,2.7715554237365723
gemma_t15,247594869,51,2.246830463409424
gemma_t15,247595094,51,3.2280421257019043
gemma_t15,247595225,51,3.233199119567871
gemma_t15,247596835,51,3.3309485912323
gemma_t15,247748640,51,2.7169384956359863
gemma_t15,247748753,51,3.485395669937134
gemma_t15,247748809,51,5.322102069854736
gemma_t15,247762948,51,3.7018320560455322
gemma_t15,247792843,51,3.7589609622955322
gemma_t15,247849293,51,3.5049428939819336
gemma_t15,247958465,51,4.05277156829834
gemma_t15,248069378,51,3.211834669113159
gemma_t15,248085045,51,3.7591426372528076
gemma_t15,248118588,51,2.842477321624756
gemma_t15,248118703,51,2.964725971221924
gemma_t15,248157348,51,3.4858391284942627
gemma_t15,248227577,51,2.809987783432007
gemma_t15,248227660,51,3.2363088130950928
gemma_t15,248239933,51,2.503530979156494
gemma_t15,248377325,51,4.332996845245361
gemma_t15,248377585,51,2.424755096435547
gemma_t15,248406097,51,3.267272710800171
gemma_t15,248427016,51,2.515070676803589
gemma_t15,248476156,51,2.93066668510437
gemma_t15,248512779,51,3.0527806282043457
gemma_t15,248524999,51,4.288868427276611
gemma_t15,248721950,51,2.6770832538604736
gemma_t15,248779865,51,5.01274299621582
gemma_t15,248780015,51,3.3248393535614014
gemma_t15,248780118,51,2.8768317699432373
gemma_t15,248780173,51,3.3346054553985596
gemma_t15,248780372,51,2.548978805541992
gemma_t15,248780440,51,3.491539716720581
gemma_t15,248780469,51,2.846111297607422
gemma_t15,248780517,51,1.9989012479782104
gemma_t15,248811704,51,2.729949951171875
gemma_t15,248888019,51,2.3102540969848633
gemma_t15,248962000,51,2.0750505924224854
gemma_t15,248987526,51,5.337359428405762
gemma_t15,249062699,51,3.5350708961486816
gemma_t15,249062866,51,3.650665283203125
gemma_t15,249151979,51,2.778785228729248
gemma_t15,249172784,51,2.2292656898498535
gemma_t15,249209909,51,2.0338873863220215
gemma_t15,249240598,51,3.3916542530059814
gemma_t15,249687727,51,4.08228063583374
gemma_t15,250311114,51,4.429486274719238
gemma_t15,250390839,51,2.0162956714630127
gemma_t15,250390923,51,2.726968288421631
gemma_t15,251765463,51,3.3203635215759277
gemma_t15,252089779,51,2.8306567668914795
gemma_t15,252439211,51,2.6472866535186768
gemma_t15,252693442,51,2.2817330360412598
gemma_t15,252735160,51,3.7379038333892822
gemma_t15,252735212,51,3.5273971557617188
gemma_t15,252762414,51,2.7551381587982178
gemma_t15,252780775,51,3.214478015899658
gemma_t15,252815378,51,2.7669925689697266
gemma_t15,252846273,51,3.5987648963928223
gemma_t15,252873593,51,3.492482900619507
gemma_t15,252907428,51,3.596909761428833
gemma_t15,252967945,51,3.2484123706817627
gemma_t15,252992571,51,2.7816154956817627
gemma_t15,253018348,51,2.727069854736328
gemma_t15,253097741,51,3.458942413330078
gemma_t15,253098632,51,2.6059000492095947
gemma_t15,253107167,51,2.4701411724090576
gemma_t15,253157899,51,2.7337350845336914
gemma_t15,253224433,51,3.347306489944458
gemma_t15,253237701,51,3.1241514682769775
gemma_t15,253244049,51,4.558763027191162
gemma_t15,253420743,51,4.122364044189453
gemma_t15,253447251,51,2.1014206409454346
gemma_t15,253510953,51,2.8535563945770264
gemma_t15,253735139,51,2.59029221534729
gemma_t15,253762071,51,2.875518560409546
gemma_t15,254275120,51,2.686715841293335
gemma_t15,254591242,51,5.189671993255615
gemma_t15,254686088,51,2.742159366607666
gemma_t15,254823156,51,2.573798656463623
gemma_t15,254854009,51,2.324263334274292
gemma_t15,254854257,51,2.504939079284668
gemma_t15,254854495,51,4.370581150054932
gemma_t15,254877229,51,3.5906386375427246
gemma_t15,254877371,51,3.1504881381988525
gemma_t15,254877569,51,3.469135046005249
gemma_t15,254877590,51,4.249941349029541
gemma_t15,256461033,51,3.7256240844726562
gemma_t15,257365015,51,3.669168710708618
gemma_t15,257833897,51,3.237942695617676
gemma_t15,258352678,51,3.8029417991638184
gemma_t15,258378275,51,3.386831521987915
gemma_t15,258480165,51,3.702036142349243
gemma_t15,258547173,51,4.657827854156494
gemma_t15,258762343,51,3.1512012481689453
gemma_t15,258822870,51,4.015564441680908
gemma_t15,258832427,51,3.529686450958252
gemma_t15,258865558,51,2.4791014194488525
gemma_t15,258887946,51,2.8965442180633545
gemma_t15,258947457,51,3.050424575805664
gemma_t15,258967265,51,3.6033196449279785
gemma_t15,259251773,51,3.570603370666504
gemma_t15,259370700,51,3.9457035064697266
gemma_t15,259370817,51,4.44254732131958
gemma_t15,259370847,51,2.976381301879883
gemma_t15,259847758,51,3.4272329807281494
gemma_t15,260316324,51,2.6992604732513428
gemma_t15,260490640,51,4.4806694984436035
gemma_t15,260537993,51,3.390126943588257
gemma_t15,260557571,51,3.7103171348571777
gemma_t15,260704223,51,3.4265952110290527
gemma_t15,261432085,51,3.0169456005096436
gemma_t15,263266654,51,4.21926212310791
gemma_t15,263334529,51,3.5009236335754395
gemma_t15,263610040,51,3.2570979595184326
gemma_t15,263797079,51,2.1147751808166504
gemma_t15,263797641,51,3.784820795059204
gemma_t15,263864711,51,4.6464643478393555
gemma_t15,263876556,51,2.5521206855773926
gemma_t15,263877300,51,2.7692415714263916
gemma_t15,263883914,51,1.8103760480880737
gemma_t15,263883936,51,2.7438063621520996
gemma_t15,264147090,51,3.7011313438415527
gemma_t15,264591429,51,6.296425819396973
gemma_t15,264719695,51,4.272558212280273
gemma_t15,265067269,51,2.7730295658111572
gemma_t15,265157516,51,3.4075076580047607
gemma_t15,265157884,51,3.8910322189331055
gemma_t15,265212821,51,4.47860050201416
gemma_t15,265221210,51,4.315533638000488
gemma_t15,265607943,51,2.2465052604675293
gemma_t15,265608038,51,3.213801622390747
gemma_t15,265608057,51,1.9893524646759033
gemma_t15,265962751,51,3.6342289447784424
gemma_t15,268357635,51,3.9256086349487305
gemma_t10_vs,543,51,3.9338178634643555
gemma_t10_vs,1105,51,6.491310119628906
gemma_t10_vs,1587,51,3.3579351902008057
gemma_t10_vs,17355,51,3.580566883087158
gemma_t10_vs,20744,51,3.4817159175872803
gemma_t10_vs,39011,51,4.035754680633545
gemma_t10_vs,41263,51,3.495922088623047
gemma_t10_vs,61274,51,3.8807716369628906
gemma_t10_vs,89639,51,4.436661243438721
gemma_t10_vs,92327,51,3.741541862487793
gemma_t10_vs,94285,51,4.4882121086120605
gemma_t10_vs,96824,51,4.195982933044434
gemma_t10_vs,106054,51,4.4497785568237305
gemma_t10_vs,115174,51,6.853818893432617
gemma_t10_vs,122829,51,3.699476718902588
gemma_t10_vs,126584,51,4.180912971496582
gemma_t10_vs,133195,51,4.328916072845459
gemma_t10_vs,138716,51,3.6656014919281006
gemma_t10_vs,139787,51,4.142574310302734
gemma_t10_vs,141282,51,4.587259769439697
gemma_t10_vs,142368,51,3.64839506149292
gemma_t10_vs,146843,51,4.872574806213379
gemma_t10_vs,151184,51,3.3338351249694824
gemma_t10_vs,162169,51,4.565981864929199
gemma_t10_vs,173611,51,4.633359432220459
gemma_t10_vs,203279,51,3.7866289615631104
gemma_t10_vs,207468,51,4.837154865264893
gemma_t10_vs,217895,51,3.4154300689697266
gemma_t10_vs,220553,51,3.550328254699707
gemma_t10_vs,223637,51,3.8340065479278564
gemma_t10_vs,230735,51,3.433417320251465
gemma_t10_vs,235645,51,3.999904155731201
gemma_t10_vs,247735,51,4.359717845916748
gemma_t10_vs,256149,51,3.142641544342041
gemma_t10_vs,259144,51,4.619156837463379
gemma_t10_vs,306227,51,4.362936019897461
gemma_t10_vs,326903,51,4.368475914001465
gemma_t10_vs,337390,51,4.978048801422119
gemma_t10_vs,338760,51,3.5246071815490723
gemma_t10_vs,340852,51,3.5004003047943115
gemma_t10_vs,384520,51,4.625755786895752
gemma_t10_vs,406026,51,4.034865856170654
gemma_t10_vs,414569,51,4.555547714233398
gemma_t10_vs,437687,51,3.9173779487609863
gemma_t10_vs,441563,51,4.207425117492676
gemma_t10_vs,472478,51,4.934911251068115
gemma_t10_vs,497108,51,3.646832227706909
gemma_t10_vs,524450,51,3.753392457962036
gemma_t10_vs,557620,51,4.106765270233154
gemma_t10_vs,560565,51,3.4830667972564697
gemma_t10_vs,574574,51,4.40323543548584
gemma_t10_vs,577805,51,3.388702630996704
gemma_t10_vs,600412,51,6.123356342315674
gemma_t10_vs,605706,51,3.860930919647217
gemma_t10_vs,617993,51,6.277144432067871
gemma_t10_vs,630188,51,5.017504692077637
gemma_t10_vs,631855,51,5.0641889572143555
gemma_t10_vs,652921,51,3.40710186958313
gemma_t10_vs,687037,51,4.010265350341797
gemma_t10_vs,696805,51,4.083145618438721
gemma_t10_vs,725590,51,5.424151420593262
gemma_t10_vs,744471,51,4.265451431274414
gemma_t10_vs,747342,51,4.221809387207031
gemma_t10_vs,767485,51,3.324985980987549
gemma_t10_vs,836219,51,5.191667079925537
gemma_t10_vs,842881,51,6.646859169006348
gemma_t10_vs,845121,51,3.784234046936035
gemma_t10_vs,857321,51,3.8423924446105957
gemma_t10_vs,862713,51,4.55555534362793
gemma_t10_vs,870211,51,4.179123401641846
gemma_t10_vs,881437,51,4.165792942047119
gemma_t10_vs,905565,51,5.259925842285156
gemma_t10_vs,930231,51,4.285736083984375
gemma_t10_vs,931054,51,4.5078959465026855
gemma_t10_vs,940795,51,3.690232992172241
gemma_t10_vs,950358,51,3.1942944526672363
gemma_t10_vs,955518,51,4.3361430168151855
gemma_t10_vs,969555,51,5.321534633636475
gemma_t10_vs,989439,51,3.9326937198638916
gemma_t10_vs,1040556,51,4.065221786499023
gemma_t10_vs,1044865,51,3.6029422283172607
gemma_t10_vs,1066490,51,3.5837483406066895
gemma_t10_vs,1077383,51,4.900686264038086
gemma_t10_vs,1104123,51,6.067142009735107
gemma_t10_vs,1117579,51,5.550088405609131
gemma_t10_vs,1125916,51,4.153445243835449
gemma_t10_vs,1137329,51,3.429992437362671
gemma_t10_vs,1139225,51,3.5791990756988525
gemma_t10_vs,1139492,51,3.993468761444092
gemma_t10_vs,1234375,51,4.24649715423584
gemma_t10_vs,1240016,51,4.011538505554199
gemma_t10_vs,1254267,51,5.411279201507568
gemma_t10_vs,1260035,51,4.897097587585449
gemma_t10_vs,1267472,51,3.446592330932617
gemma_t10_vs,1269020,51,3.213301658630371
gemma_t10_vs,1311547,51,3.5436203479766846
gemma_t10_vs,1336493,51,3.9418106079101562
gemma_t10_vs,1356505,51,4.3931660652160645
gemma_t10_vs,1389483,51,4.470715522766113
gemma_t10_vs,1434196,51,4.016263484954834
gemma_t10_vs,1499080,51,4.135465145111084
gemma_t10_vs,1508909,51,4.006860256195068
gemma_t10_vs,1511192,51,4.085773944854736
gemma_t10_vs,1541076,51,4.540473937988281
gemma_t10_vs,1553193,51,4.0884599685668945
gemma_t10_vs,1563223,51,5.195720195770264
gemma_t10_vs,1564278,51,3.3140318393707275
gemma_t10_vs,1567400,51,4.3754658699035645
gemma_t10_vs,1570443,51,3.7981913089752197
gemma_t10_vs,1642392,51,4.144794940948486
gemma_t10_vs,1662415,51,5.448983669281006
gemma_t10_vs,1675452,51,4.1003289222717285
gemma_t10_vs,1689426,51,4.437082290649414
gemma_t10_vs,1707814,51,4.921937942504883
gemma_t10_vs,1762731,51,6.007691383361816
gemma_t10_vs,1766244,51,4.8960113525390625
gemma_t10_vs,1770102,51,4.953914165496826
gemma_t10_vs,1774259,51,5.068050861358643
gemma_t10_vs,1828592,51,4.200450420379639
gemma_t10_vs,1828713,51,4.719934463500977
gemma_t10_vs,1848109,51,5.125008583068848
gemma_t10_vs,1854889,51,4.928153991699219
gemma_t10_vs,1862889,51,3.8152756690979004
gemma_t10_vs,1880070,51,4.539895057678223
gemma_t10_vs,1919756,51,5.253842830657959
gemma_t10_vs,1929239,51,5.8769001960754395
gemma_t10_vs,1966079,51,4.315127849578857
gemma_t10_vs,1969767,51,6.200508117675781
gemma_t10_vs,1992250,51,4.743808269500732
gemma_t10_vs,2012188,51,3.4739530086517334
gemma_t10_vs,2021980,51,7.5868635177612305
gemma_t10_vs,2061169,51,3.7578225135803223
gemma_t10_vs,2061341,51,4.519240856170654
gemma_t10_vs,2131938,51,4.382972717285156
gemma_t10_vs,2140766,51,4.3908305168151855
gemma_t10_vs,2146847,51,5.28786039352417
gemma_t10_vs,2159818,51,4.664920806884766
gemma_t10_vs,2162648,51,4.414794921875
gemma_t10_vs,2162860,51,4.333591938018799
gemma_t10_vs,2201909,51,4.367802619934082
gemma_t10_vs,2204603,51,3.869579553604126
gemma_t10_vs,2204967,51,3.9218966960906982
gemma_t10_vs,2213896,51,3.8433032035827637
gemma_t10_vs,2216180,51,3.188283681869507
gemma_t10_vs,2228719,51,4.318395614624023
gemma_t10_vs,2233498,51,3.9132254123687744
gemma_t10_vs,2250656,51,3.4608280658721924
gemma_t10_vs,2267179,51,4.183658123016357
gemma_t10_vs,2271146,51,3.7611351013183594
gemma_t10_vs,2302492,51,3.8555421829223633
gemma_t10_vs,2303379,51,4.581812858581543
gemma_t10_vs,2317858,51,4.001053333282471
gemma_t10_vs,2318481,51,5.823200702667236
gemma_t10_vs,2325074,51,4.273712635040283
gemma_t10_vs,2334067,51,3.636998414993286
gemma_t10_vs,2367456,51,3.402799367904663
gemma_t10_vs,2380086,51,3.534180164337158
gemma_t10_vs,2390655,51,3.9825692176818848
gemma_t10_vs,2418468,51,3.8202672004699707
gemma_t10_vs,2425494,51,4.983664512634277
gemma_t10_vs,2426309,51,4.493075847625732
gemma_t10_vs,2434362,51,4.651392936706543
gemma_t10_vs,2454882,51,3.0963544845581055
gemma_t10_vs,2493033,51,4.685112953186035
gemma_t10_vs,2496355,51,4.531280517578125
gemma_t10_vs,2556949,51,4.910667896270752
gemma_t10_vs,2574224,51,3.3908770084381104
gemma_t10_vs,2592133,51,5.403590679168701
gemma_t10_vs,2593903,51,4.2753682136535645
gemma_t10_vs,2597568,51,4.860774040222168
gemma_t10_vs,2623009,51,3.7913565635681152
gemma_t10_vs,2625301,51,4.157344818115234
gemma_t10_vs,2654931,51,5.323226451873779
gemma_t10_vs,2717698,51,6.7942280769348145
gemma_t10_vs,2742513,51,4.042547702789307
gemma_t10_vs,2760254,51,4.600948333740234
gemma_t10_vs,2782776,51,3.550957202911377
gemma_t10_vs,2783746,51,5.004663467407227
gemma_t10_vs,2790679,51,5.3268327713012695
gemma_t10_vs,2797612,51,3.4295096397399902
gemma_t10_vs,2812117,51,3.7064270973205566
gemma_t10_vs,2816661,51,5.607283592224121
gemma_t10_vs,2820782,51,5.786103248596191
gemma_t10_vs,2839348,51,3.85764479637146
gemma_t10_vs,2844066,51,4.6208367347717285
gemma_t10_vs,2867243,51,4.184021949768066
gemma_t10_vs,2868247,51,3.066333770751953
gemma_t10_vs,2882092,51,4.021240711212158
gemma_t10_vs,2887257,51,3.919562339782715
gemma_t10_vs,2897037,51,4.1388678550720215
gemma_t10_vs,2905151,51,3.8315539360046387
gemma_t10_vs,2937095,51,5.0517144203186035
gemma_t10_vs,2944650,51,4.712645053863525
gemma_t10_vs,2948298,51,4.81810188293457
gemma_t10_vs,2952144,51,4.008626937866211
gemma_t10_vs,2973141,51,3.3171565532684326
gemma_t10_vs,2986205,51,4.850606441497803
gemma_t10_vs,2990483,51,4.450654983520508
gemma_t10_vs,3016990,51,5.133838176727295
gemma_t10_vs,3033303,51,3.4534499645233154
gemma_t10_vs,3051772,51,3.874591827392578
gemma_t10_vs,3063394,51,3.7086212635040283
gemma_t10_vs,3065236,51,3.879424810409546
gemma_t10_vs,3083231,51,4.426888942718506
gemma_t10_vs,3089175,51,3.464395523071289
gemma_t10_vs,3101865,51,5.959537029266357
gemma_t10_vs,3127682,51,4.647683620452881
gemma_t10_vs,3130692,51,4.596523284912109
gemma_t10_vs,3132651,51,5.931899547576904
gemma_t10_vs,3144258,51,4.4856672286987305
gemma_t10_vs,3160937,51,4.884532451629639
gemma_t10_vs,3202289,51,6.57802152633667
gemma_t10_vs,3221856,51,4.205942153930664
gemma_t10_vs,3222040,51,3.5073232650756836
gemma_t10_vs,3257353,51,4.473349571228027
gemma_t10_vs,3262717,51,4.695700645446777
gemma_t10_vs,3265924,51,5.470483303070068
gemma_t10_vs,3274110,51,4.507659435272217
gemma_t10_vs,3278107,51,5.298430442810059
gemma_t10_vs,3282953,51,5.142302513122559
gemma_t10_vs,3291104,51,3.3463668823242188
gemma_t10_vs,3295641,51,3.5647077560424805
gemma_t10_vs,3351788,51,3.2077648639678955
gemma_t10_vs,3401524,51,3.5589869022369385
gemma_t10_vs,3413244,51,5.080852031707764
gemma_t10_vs,3426453,51,3.591930866241455
gemma_t10_vs,3438497,51,5.175994873046875
gemma_t10_vs,3504755,51,3.7394604682922363
gemma_t10_vs,3510042,51,3.9756078720092773
gemma_t10_vs,3514435,51,4.455851078033447
gemma_t10_vs,3526062,51,3.4012155532836914
gemma_t10_vs,3526501,51,3.6674842834472656
gemma_t10_vs,3527244,51,5.423463344573975
gemma_t10_vs,3527842,51,4.234363555908203
gemma_t10_vs,3536005,51,5.082966327667236
gemma_t10_vs,3555187,51,3.5176548957824707
gemma_t10_vs,3565485,51,3.7462069988250732
gemma_t10_vs,3576631,51,3.3370208740234375
gemma_t10_vs,3598758,51,4.492617607116699
gemma_t10_vs,3623373,51,3.8160011768341064
gemma_t10_vs,3641676,51,5.481482028961182
gemma_t10_vs,3656086,51,3.3965022563934326
gemma_t10_vs,3662564,51,3.63165545463562
gemma_t10_vs,3666937,51,3.735175371170044
gemma_t10_vs,3677429,51,5.320224285125732
gemma_t10_vs,3718988,51,4.351805210113525
gemma_t10_vs,3792324,51,4.552990436553955
gemma_t10_vs,3806582,51,4.350421905517578
gemma_t10_vs,3882054,51,4.128681659698486
gemma_t10_vs,3896491,51,4.079102039337158
gemma_t10_vs,3913537,51,4.22254753112793
gemma_t10_vs,3932228,51,4.768984794616699
gemma_t10_vs,3933075,51,4.403895854949951
gemma_t10_vs,4248450,51,3.758665084838867
gemma_t10_vs,4310945,51,4.040598392486572
gemma_t10_vs,4311707,51,3.229591131210327
gemma_t10_vs,4354069,51,2.595133066177368
gemma_t10_vs,4406182,51,4.0474114418029785
gemma_t10_vs,4411469,51,5.6587982177734375
gemma_t10_vs,4460159,51,4.832733631134033
gemma_t10_vs,4547415,51,4.902105331420898
gemma_t10_vs,4588148,51,4.625172138214111
gemma_t10_vs,4623739,51,4.094857215881348
gemma_t10_vs,4654482,51,4.163216590881348
gemma_t10_vs,4698173,51,5.051795482635498
gemma_t10_vs,4702087,51,4.220150947570801
gemma_t10_vs,4715568,51,3.6902592182159424
gemma_t10_vs,4732544,51,4.004750728607178
gemma_t10_vs,4792796,51,5.155226230621338
gemma_t10_vs,4829361,51,4.131864547729492
gemma_t10_vs,4859003,51,3.7598817348480225
gemma_t10_vs,4891749,51,4.496834754943848
gemma_t10_vs,4894130,51,3.6132283210754395
gemma_t10_vs,4895939,51,3.9703469276428223
gemma_t10_vs,4899062,51,4.341090202331543
gemma_t10_vs,4929974,51,3.880432605743408
gemma_t10_vs,4936344,51,3.735743761062622
gemma_t10_vs,4942335,51,4.477992534637451
gemma_t10_vs,4948322,51,5.599556922912598
gemma_t10_vs,4953145,51,3.2775614261627197
gemma_t10_vs,4956100,51,4.531795501708984
gemma_t10_vs,4957155,51,4.729025363922119
gemma_t10_vs,4975368,51,4.344405651092529
gemma_t10_vs,4981128,51,3.751479148864746
gemma_t10_vs,5001921,51,3.595005750656128
gemma_t10_vs,5013006,51,5.422163009643555
gemma_t10_vs,5016370,51,4.060190677642822
gemma_t10_vs,5019682,51,4.735976219177246
gemma_t10_vs,5020278,51,4.29900598526001
gemma_t10_vs,5033484,51,6.25856351852417
gemma_t10_vs,5053850,51,3.5664126873016357
gemma_t10_vs,5062433,51,4.259789943695068
gemma_t10_vs,5066019,51,3.749610424041748
gemma_t10_vs,5068376,51,4.045670032501221
gemma_t10_vs,5068554,51,2.470865249633789
gemma_t10_vs,5068596,51,4.53863525390625
gemma_t10_vs,5071138,51,4.120983600616455
gemma_t10_vs,5073886,51,4.742178440093994
gemma_t10_vs,5092868,51,3.0843422412872314
gemma_t10_vs,5112038,51,4.0794901847839355
gemma_t10_vs,5118729,51,5.888104438781738
gemma_t10_vs,5125975,51,4.37077522277832
gemma_t10_vs,5163433,51,6.513240814208984
gemma_t10_vs,5165773,51,4.465235710144043
gemma_t10_vs,5165854,51,4.885208606719971
gemma_t10_vs,5187426,51,4.347972393035889
gemma_t10_vs,5191821,51,4.714214324951172
gemma_t10_vs,5204434,51,3.8731727600097656
gemma_t10_vs,5213476,51,4.308606147766113
gemma_t10_vs,5234044,51,3.4238953590393066
gemma_t10_vs,5241137,51,5.296063423156738
gemma_t10_vs,5247929,51,6.134922504425049
gemma_t10_vs,5252401,51,3.7451467514038086
gemma_t10_vs,5252952,51,4.727129936218262
gemma_t10_vs,5267356,51,4.865527629852295
gemma_t10_vs,5403702,51,5.022564888000488
gemma_t10_vs,5410083,51,3.925625801086426
gemma_t10_vs,5462493,51,3.6799585819244385
gemma_t10_vs,5509911,51,3.710036516189575
gemma_t10_vs,5519060,51,5.609935283660889
gemma_t10_vs,5535381,51,5.600794792175293
gemma_t10_vs,5557854,51,3.5743043422698975
gemma_t10_vs,5591459,51,5.771843433380127
gemma_t10_vs,5617603,51,3.458641290664673
gemma_t10_vs,5628616,51,5.620159149169922
gemma_t10_vs,5632184,51,3.8588407039642334
gemma_t10_vs,5636935,51,4.280482292175293
gemma_t10_vs,5649853,51,3.425891876220703
gemma_t10_vs,5673925,51,3.5494446754455566
gemma_t10_vs,5729159,51,4.5193705558776855
gemma_t10_vs,5737359,51,3.869825839996338
gemma_t10_vs,5740960,51,3.809033155441284
gemma_t10_vs,5761781,51,4.553988933563232
gemma_t10_vs,5776384,51,3.2305123805999756
gemma_t10_vs,5779419,51,4.424951553344727
gemma_t10_vs,5802667,51,3.9495089054107666
gemma_t10_vs,5815755,51,5.143906116485596
gemma_t10_vs,5816303,51,3.530933141708374
gemma_t10_vs,5818711,51,4.870606422424316
gemma_t10_vs,5821457,51,4.376991271972656
gemma_t10_vs,5825949,51,5.385373592376709
gemma_t10_vs,5859332,51,3.254279136657715
gemma_t10_vs,5968971,51,5.380141258239746
gemma_t10_vs,5993783,51,3.985039472579956
gemma_t10_vs,6008960,51,5.841488361358643
gemma_t10_vs,6118285,51,3.142704725265503
gemma_t10_vs,6157828,51,4.727771282196045
gemma_t10_vs,6183556,51,3.529035806655884
gemma_t10_vs,6197592,51,4.05574369430542
gemma_t10_vs,6206777,51,3.1671884059906006
gemma_t10_vs,6222768,51,5.833169460296631
gemma_t10_vs,6235360,51,4.243527889251709
gemma_t10_vs,6237722,51,4.78656530380249
gemma_t10_vs,6246116,51,6.259703159332275
gemma_t10_vs,6246996,51,4.230043888092041
gemma_t10_vs,6249194,51,5.660895824432373
gemma_t10_vs,6263378,51,4.099246025085449
gemma_t10_vs,6278207,51,3.903642416000366
gemma_t10_vs,6311642,51,3.743640661239624
gemma_t10_vs,6359641,51,3.5291945934295654
gemma_t10_vs,6360322,51,4.829349517822266
gemma_t10_vs,6364632,51,3.793308973312378
gemma_t10_vs,6380915,51,3.349226713180542
gemma_t10_vs,6397026,51,3.651280164718628
gemma_t10_vs,6428039,51,3.0466692447662354
gemma_t10_vs,6430837,51,4.415297508239746
gemma_t10_vs,6441832,51,3.9868898391723633
gemma_t10_vs,6452487,51,3.2119815349578857
gemma_t10_vs,6453515,51,3.1399011611938477
gemma_t10_vs,6468765,51,4.547123908996582
gemma_t10_vs,6506243,51,5.571020126342773
gemma_t10_vs,6508854,51,3.3037943840026855
gemma_t10_vs,6529193,51,6.1845197677612305
gemma_t10_vs,6532096,51,3.688016891479492
gemma_t10_vs,6540287,51,4.462255477905273
gemma_t10_vs,6541910,51,5.141384601593018
gemma_t10_vs,6551751,51,3.6681671142578125
gemma_t10_vs,6561519,51,4.4227752685546875
gemma_t10_vs,6618571,51,4.331082344055176
gemma_t10_vs,6627923,51,6.009348392486572
gemma_t10_vs,6660863,51,4.625519752502441
gemma_t10_vs,6666052,51,3.8649940490722656
gemma_t10_vs,6683636,51,3.555243730545044
gemma_t10_vs,6713076,51,6.6284074783325195
gemma_t10_vs,6728280,51,3.657036304473877
gemma_t10_vs,6737909,51,5.20265007019043
gemma_t10_vs,6772589,51,3.1852922439575195
gemma_t10_vs,6797800,51,3.337416410446167
gemma_t10_vs,6803340,51,4.869751930236816
gemma_t10_vs,6879481,51,3.985527276992798
gemma_t10_vs,6881637,51,2.9891865253448486
gemma_t10_vs,6922426,51,3.4764606952667236
gemma_t10_vs,6981674,51,3.696399211883545
gemma_t10_vs,7013414,51,3.6635782718658447
gemma_t10_vs,7074119,51,5.027641296386719
gemma_t10_vs,7100502,51,3.715609550476074
gemma_t10_vs,7139779,51,3.2895925045013428
gemma_t10_vs,7146903,51,5.78226375579834
gemma_t10_vs,7172294,51,5.335261821746826
gemma_t10_vs,7182393,51,4.1363630294799805
gemma_t10_vs,7197241,51,5.488001823425293
gemma_t10_vs,7197724,51,3.855684518814087
gemma_t10_vs,7212585,51,3.8169748783111572
gemma_t10_vs,7218315,51,4.352543354034424
gemma_t10_vs,7294125,51,3.7106261253356934
gemma_t10_vs,7294316,51,5.517879486083984
gemma_t10_vs,7311195,51,5.29189920425415
gemma_t10_vs,7397938,51,5.233785152435303
gemma_t10_vs,7403346,51,4.475723743438721
gemma_t10_vs,7410732,51,4.354419708251953
gemma_t10_vs,7413367,51,5.144050598144531
gemma_t10_vs,7417943,51,3.9070968627929688
gemma_t10_vs,7421176,51,3.9390478134155273
gemma_t10_vs,7454072,51,3.8531689643859863
gemma_t10_vs,7473831,51,3.670896053314209
gemma_t10_vs,7475429,51,4.418146133422852
gemma_t10_vs,7490434,51,3.30108380317688
gemma_t10_vs,7497218,51,3.922802209854126
gemma_t10_vs,7499734,51,5.401792049407959
gemma_t10_vs,7516595,51,3.1783182621002197
gemma_t10_vs,7557552,51,5.864558696746826
gemma_t10_vs,7617879,51,6.841160297393799
gemma_t10_vs,7658338,51,4.091984748840332
gemma_t10_vs,7663461,51,8.011138916015625
gemma_t10_vs,7665329,51,3.6958277225494385
gemma_t10_vs,7680936,51,3.8109214305877686
gemma_t10_vs,7699280,51,3.1903672218322754
gemma_t10_vs,7708374,51,3.586073637008667
gemma_t10_vs,7752968,51,3.863248825073242
gemma_t10_vs,7785983,51,4.918049335479736
gemma_t10_vs,7819714,51,4.370474338531494
gemma_t10_vs,7890036,51,5.919500827789307
gemma_t10_vs,7988167,51,3.819789409637451
gemma_t10_vs,8008954,51,4.351317882537842
gemma_t10_vs,8012781,51,2.2230465412139893
gemma_t10_vs,8021351,51,3.5771377086639404
gemma_t10_vs,8031974,51,4.326059818267822
gemma_t10_vs,8052901,51,4.091798782348633
gemma_t10_vs,8066499,51,3.302887201309204
gemma_t10_vs,8198608,51,4.262485027313232
gemma_t10_vs,8202418,51,3.929107189178467
gemma_t10_vs,8229552,51,4.666735649108887
gemma_t10_vs,8280711,51,4.637295246124268
gemma_t10_vs,8387007,51,4.234765529632568
gemma_t10_vs,8395799,51,3.4059884548187256
gemma_t10_vs,8523995,51,3.75736141204834
gemma_t10_vs,8528301,51,3.1499459743499756
gemma_t10_vs,8586038,51,3.900524377822876
gemma_t10_vs,8677917,51,4.210723876953125
gemma_t10_vs,8723181,51,3.693693161010742
gemma_t10_vs,8723311,51,3.904207229614258
gemma_t10_vs,8821211,51,4.552263259887695
gemma_t10_vs,8940645,51,4.458810806274414
gemma_t10_vs,9124334,51,3.903514862060547
gemma_t10_vs,9134916,51,3.890306234359741
gemma_t10_vs,9135033,51,3.742670774459839
gemma_t10_vs,9137624,51,3.8087141513824463
gemma_t10_vs,9163756,51,4.291178226470947
gemma_t10_vs,9164793,51,3.289842367172241
gemma_t10_vs,9187880,51,4.509111404418945
gemma_t10_vs,9192723,51,4.1184401512146
gemma_t10_vs,9197196,51,4.11685037612915
gemma_t10_vs,9205021,51,6.221778869628906
gemma_t10_vs,9251622,51,4.225258827209473
gemma_t10_vs,9268430,51,4.257148265838623
gemma_t10_vs,9285053,51,4.645477294921875
gemma_t10_vs,9340391,51,6.179019451141357
gemma_t10_vs,9345583,51,5.625931739807129
gemma_t10_vs,9385494,51,4.896795749664307
gemma_t10_vs,9387600,51,3.4464495182037354
gemma_t10_vs,9397697,51,6.039671897888184
gemma_t10_vs,9471817,51,5.584130764007568
gemma_t10_vs,9471964,51,6.647967338562012
gemma_t10_vs,9483510,51,4.6135640144348145
gemma_t10_vs,9524495,51,5.481725215911865
gemma_t10_vs,9591035,51,4.7403998374938965
gemma_t10_vs,9615470,51,6.068620681762695
gemma_t10_vs,9626793,51,4.564122200012207
gemma_t10_vs,9662636,51,4.240074634552002
gemma_t10_vs,9700115,51,5.091587543487549
gemma_t10_vs,9711750,51,6.206113338470459
gemma_t10_vs,9737200,51,3.997605085372925
gemma_t10_vs,9751546,51,5.107697010040283
gemma_t10_vs,9752897,51,2.8760831356048584
gemma_t10_vs,9767487,51,3.60343337059021
gemma_t10_vs,9768369,51,4.048478603363037
gemma_t10_vs,9778036,51,3.745455741882324
gemma_t10_vs,9818013,51,6.393110752105713
gemma_t10_vs,9884935,51,4.648510932922363
gemma_t10_vs,9917468,51,4.33970832824707
gemma_t10_vs,9963298,51,3.581394672393799
gemma_t10_vs,10076790,51,4.571413516998291
gemma_t10_vs,10103200,51,4.76322603225708
gemma_t10_vs,10135300,51,5.227976322174072
gemma_t10_vs,10186140,51,4.414578914642334
gemma_t10_vs,10202504,51,3.99601674079895
gemma_t10_vs,10281325,51,4.376295566558838
gemma_t10_vs,10348155,51,4.690003395080566
gemma_t10_vs,10361075,51,5.173856258392334
gemma_t10_vs,10366378,51,4.416959762573242
gemma_t10_vs,10367294,51,4.229977130889893
gemma_t10_vs,10401980,51,3.263801336288452
gemma_t10_vs,10436313,51,4.136124610900879
gemma_t10_vs,10480989,51,5.895627498626709
gemma_t10_vs,10494183,51,4.3031206130981445
gemma_t10_vs,10509498,51,3.4567623138427734
gemma_t10_vs,10523208,51,4.065609931945801
gemma_t10_vs,10573012,51,3.98832106590271
gemma_t10_vs,10606201,51,5.956930637359619
gemma_t10_vs,10643243,51,2.941394090652466
gemma_t10_vs,10649571,51,5.46241569519043
gemma_t10_vs,10691183,51,5.199939250946045
gemma_t10_vs,10728540,51,5.774722099304199
gemma_t10_vs,10898149,51,4.598474025726318
gemma_t10_vs,10913456,51,4.97604513168335
gemma_t10_vs,11004224,51,4.015017509460449
gemma_t10_vs,11022639,51,6.394612789154053
gemma_t10_vs,11054023,51,5.664187908172607
gemma_t10_vs,11074539,51,4.6992340087890625
gemma_t10_vs,11091552,51,3.8926663398742676
gemma_t10_vs,11128248,51,4.437880039215088
gemma_t10_vs,11142668,51,3.480135679244995
gemma_t10_vs,11152489,51,3.4786410331726074
gemma_t10_vs,11157751,51,4.954880714416504
gemma_t10_vs,11202365,51,4.570657253265381
gemma_t10_vs,11262376,51,6.37670373916626
gemma_t10_vs,11270374,51,5.581615924835205
gemma_t10_vs,11365698,51,4.030746936798096
gemma_t10_vs,11387463,51,3.073690176010132
gemma_t10_vs,11391667,51,3.1628599166870117
gemma_t10_vs,11505828,51,3.33441162109375
gemma_t10_vs,11595344,51,4.31999397277832
gemma_t10_vs,11597846,51,2.9846885204315186
gemma_t10_vs,11626649,51,3.437324285507202
gemma_t10_vs,11644259,51,3.7727174758911133
gemma_t10_vs,11650107,51,4.027956485748291
gemma_t10_vs,11751039,51,4.001977920532227
gemma_t10_vs,11754890,51,6.278214454650879
gemma_t10_vs,11771220,51,3.562542200088501
gemma_t10_vs,11777996,51,5.015524864196777
gemma_t10_vs,11805625,51,4.270242214202881
gemma_t10_vs,11866664,51,6.16520357131958
gemma_t10_vs,11872486,51,3.740865707397461
gemma_t10_vs,11879061,51,4.087665557861328
gemma_t10_vs,12075649,51,5.350988864898682
gemma_t10_vs,12122749,51,3.471616506576538
gemma_t10_vs,12187767,51,4.868536472320557
gemma_t10_vs,12203896,51,4.643892765045166
gemma_t10_vs,12220417,51,3.9838480949401855
gemma_t10_vs,12230893,51,4.19094705581665
gemma_t10_vs,12241221,51,4.1207661628723145
gemma_t10_vs,12245213,51,5.4778056144714355
gemma_t10_vs,12266201,51,2.7392122745513916
gemma_t10_vs,12294387,51,3.7822258472442627
gemma_t10_vs,12304778,51,3.9961211681365967
gemma_t10_vs,12320170,51,5.309542179107666
gemma_t10_vs,12332957,51,6.1211676597595215
gemma_t10_vs,12345746,51,3.8140246868133545
gemma_t10_vs,12355828,51,4.300790786743164
gemma_t10_vs,12440940,51,3.7434325218200684
gemma_t10_vs,12451537,51,3.358844041824341
gemma_t10_vs,12585424,51,5.332111835479736
gemma_t10_vs,12586316,51,3.742799997329712
gemma_t10_vs,12588798,51,3.5018105506896973
gemma_t10_vs,12603385,51,3.5351407527923584
gemma_t10_vs,12607082,51,4.521602630615234
gemma_t10_vs,12615602,51,4.7797675132751465
gemma_t10_vs,12688069,51,3.736254930496216
gemma_t10_vs,12744871,51,4.8662543296813965
gemma_t10_vs,12807398,51,4.838317394256592
gemma_t10_vs,12847491,51,4.610426425933838
gemma_t10_vs,12851711,51,3.4182851314544678
gemma_t10_vs,12926055,51,4.169480323791504
gemma_t10_vs,12938495,51,4.301084518432617
gemma_t10_vs,12964363,51,3.3095970153808594
gemma_t10_vs,12998432,51,4.773386001586914
gemma_t10_vs,13030311,51,4.9314751625061035
gemma_t10_vs,13100783,51,4.598752498626709
gemma_t10_vs,13214003,51,5.2224297523498535
gemma_t10_vs,13239813,51,4.783910751342773
gemma_t10_vs,13335042,51,4.868648052215576
gemma_t10_vs,13350236,51,4.163841724395752
gemma_t10_vs,13495961,51,3.7070822715759277
gemma_t10_vs,13529592,51,5.593139171600342
gemma_t10_vs,13603998,51,4.105391025543213
gemma_t10_vs,13675482,51,3.517188787460327
gemma_t10_vs,13690180,51,3.936210870742798
gemma_t10_vs,13692090,51,4.483087539672852
gemma_t10_vs,13694466,51,6.275683403015137
gemma_t10_vs,13696741,51,5.63229513168335
gemma_t10_vs,13701579,51,5.311399459838867
gemma_t10_vs,13745156,51,4.7466888427734375
gemma_t10_vs,13746570,51,3.582826852798462
gemma_t10_vs,13746581,51,4.561406135559082
gemma_t10_vs,13746789,51,4.732768535614014
gemma_t10_vs,13747425,51,4.273119926452637
gemma_t10_vs,13747961,51,4.127364635467529
gemma_t10_vs,13748720,51,3.47117280960083
gemma_t10_vs,13751352,51,3.385606288909912
gemma_t10_vs,13752894,51,4.016830921173096
gemma_t10_vs,13753905,51,4.803980350494385
gemma_t10_vs,13756572,51,3.9285905361175537
gemma_t10_vs,13858533,51,3.9165027141571045
gemma_t10_vs,13916015,51,3.609926462173462
gemma_t10_vs,13937253,51,4.290825366973877
gemma_t10_vs,13959787,51,5.091012477874756
gemma_t10_vs,13972671,51,3.816948890686035
gemma_t10_vs,14068705,51,4.54066801071167
gemma_t10_vs,14091946,51,4.174248218536377
gemma_t10_vs,14099741,51,6.494458198547363
gemma_t10_vs,14141143,51,3.9535365104675293
gemma_t10_vs,14155276,51,5.145569324493408
gemma_t10_vs,14169402,51,4.886970043182373
gemma_t10_vs,14170854,51,4.075942516326904
gemma_t10_vs,14176162,51,4.442331790924072
gemma_t10_vs,14186198,51,4.597794055938721
gemma_t10_vs,14259080,51,4.057182788848877
gemma_t10_vs,14291750,51,6.995491027832031
gemma_t10_vs,14301751,51,4.760517120361328
gemma_t10_vs,14328180,51,3.876774549484253
gemma_t10_vs,14341841,51,4.104427814483643
gemma_t10_vs,14358598,51,4.0139617919921875
gemma_t10_vs,14404227,51,6.458118438720703
gemma_t10_vs,14407737,51,3.4542348384857178
gemma_t10_vs,14421595,51,5.009024143218994
gemma_t10_vs,14429450,51,4.986753463745117
gemma_t10_vs,14434979,51,5.8286309242248535
gemma_t10_vs,14441283,51,3.6566264629364014
gemma_t10_vs,14454803,51,5.583630561828613
gemma_t10_vs,14472576,51,4.263727188110352
gemma_t10_vs,14500933,51,4.00683069229126
gemma_t10_vs,14502960,51,4.652498245239258
gemma_t10_vs,14554263,51,3.999464273452759
gemma_t10_vs,14579508,51,5.752753734588623
gemma_t10_vs,14584778,51,3.5914833545684814
gemma_t10_vs,14680675,51,4.658493995666504
gemma_t10_vs,14743706,51,3.890378475189209
gemma_t10_vs,14745914,51,6.800236701965332
gemma_t10_vs,14760908,51,3.7482404708862305
gemma_t10_vs,14776729,51,5.0240654945373535
gemma_t10_vs,14800090,51,4.468310832977295
gemma_t10_vs,14807742,51,4.249204635620117
gemma_t10_vs,14818452,51,2.741114854812622
gemma_t10_vs,14819490,51,5.000760078430176
gemma_t10_vs,14874026,51,3.664781332015991
gemma_t10_vs,14878319,51,4.420140266418457
gemma_t10_vs,14878646,51,4.098835468292236
gemma_t10_vs,14879921,51,5.309783935546875
gemma_t10_vs,15026764,51,3.937649726867676
gemma_t10_vs,15040286,51,4.918735504150391
gemma_t10_vs,15065468,51,3.473184585571289
gemma_t10_vs,15139323,51,4.4536333084106445
gemma_t10_vs,15197674,51,4.340083122253418
gemma_t10_vs,15201331,51,5.855166912078857
gemma_t10_vs,15202196,51,3.4381210803985596
gemma_t10_vs,15213991,51,3.6552107334136963
gemma_t10_vs,15220741,51,4.397582054138184
gemma_t10_vs,15279538,51,4.527088165283203
gemma_t10_vs,15281193,51,4.330080509185791
gemma_t10_vs,15281983,51,5.896639823913574
gemma_t10_vs,15324422,51,3.944652557373047
gemma_t10_vs,15344879,51,3.2696316242218018
gemma_t10_vs,15376317,51,4.329758167266846
gemma_t10_vs,15382836,51,4.118353366851807
gemma_t10_vs,15407650,51,3.992755174636841
gemma_t10_vs,15412473,51,5.088369369506836
gemma_t10_vs,15484870,51,3.827711343765259
gemma_t10_vs,15489071,51,4.093862056732178
gemma_t10_vs,15548746,51,4.491529941558838
gemma_t10_vs,15600287,51,3.0897042751312256
gemma_t10_vs,15603670,51,7.572841167449951
gemma_t10_vs,15607400,51,4.522725582122803
gemma_t10_vs,15620570,51,5.022902488708496
gemma_t10_vs,15687295,51,5.050795078277588
gemma_t10_vs,15720214,51,4.575043678283691
gemma_t10_vs,15728911,51,4.905231475830078
gemma_t10_vs,15757897,51,3.309471368789673
gemma_t10_vs,15768663,51,3.5322628021240234
gemma_t10_vs,15817938,51,4.3485026359558105
gemma_t10_vs,15828278,51,3.1719536781311035
gemma_t10_vs,15829781,51,5.883334636688232
gemma_t10_vs,15842085,51,3.7453694343566895
gemma_t10_vs,15870937,51,4.86389684677124
gemma_t10_vs,15939234,51,3.587350606918335
gemma_t10_vs,15961108,51,4.504444599151611
gemma_t10_vs,15976919,51,4.019721031188965
gemma_t10_vs,15980568,51,3.2254369258880615
gemma_t10_vs,15986631,51,4.221937656402588
gemma_t10_vs,16039645,51,4.563870429992676
gemma_t10_vs,16124522,51,4.518808841705322
gemma_t10_vs,16126936,51,3.852245807647705
gemma_t10_vs,16141969,51,3.729006290435791
gemma_t10_vs,16227864,51,3.355285167694092
gemma_t10_vs,16251657,51,5.259950637817383
gemma_t10_vs,16290774,51,4.330387592315674
gemma_t10_vs,16386838,51,5.274007797241211
gemma_t10_vs,16391334,51,3.407999038696289
gemma_t10_vs,16399303,51,4.3343024253845215
gemma_t10_vs,16404002,51,4.399533271789551
gemma_t10_vs,16504570,51,3.281324863433838
gemma_t10_vs,16509032,51,4.515749454498291
gemma_t10_vs,16537814,51,3.6028831005096436
gemma_t10_vs,16571013,51,3.3086493015289307
gemma_t10_vs,16631020,51,3.6439614295959473
gemma_t10_vs,16661147,51,5.393901824951172
gemma_t10_vs,16766006,51,3.532902240753174
gemma_t10_vs,16766506,51,5.059767246246338
gemma_t10_vs,16787742,51,5.090802192687988
gemma_t10_vs,16788431,51,3.4774622917175293
gemma_t10_vs,16839291,51,3.6488194465637207
gemma_t10_vs,16839927,51,4.797873020172119
gemma_t10_vs,16863934,51,4.222490310668945
gemma_t10_vs,16872779,51,2.7259488105773926
gemma_t10_vs,16915526,51,4.501326560974121
gemma_t10_vs,16998656,51,3.690532922744751
gemma_t10_vs,17039365,51,3.949565887451172
gemma_t10_vs,17175925,51,4.033379077911377
gemma_t10_vs,17202384,51,3.4196879863739014
gemma_t10_vs,17360001,51,4.588486194610596
gemma_t10_vs,17364624,51,5.153565883636475
gemma_t10_vs,17370242,51,4.329052925109863
gemma_t10_vs,17375754,51,2.8834798336029053
gemma_t10_vs,17458010,51,4.89113187789917
gemma_t10_vs,17464854,51,5.9810285568237305
gemma_t10_vs,17476563,51,4.313805103302002
gemma_t10_vs,17507793,51,4.3965253829956055
gemma_t10_vs,17515275,51,3.641113758087158
gemma_t10_vs,17553490,51,4.972264289855957
gemma_t10_vs,17578970,51,4.101380825042725
gemma_t10_vs,17584674,51,3.5801475048065186
gemma_t10_vs,17589422,51,3.719980239868164
gemma_t10_vs,17606580,51,4.482604026794434
gemma_t10_vs,17625727,51,5.352804660797119
gemma_t10_vs,17667087,51,3.4293553829193115
gemma_t10_vs,17716605,51,4.278806209564209
gemma_t10_vs,17784265,51,5.605483531951904
gemma_t10_vs,17865105,51,3.914640426635742
gemma_t10_vs,17884437,51,3.8806393146514893
gemma_t10_vs,17889549,51,4.018499851226807
gemma_t10_vs,17909922,51,2.845259666442871
gemma_t10_vs,17961054,51,5.163665294647217
gemma_t10_vs,18083801,51,5.368605136871338
gemma_t10_vs,18214317,51,4.51021146774292
gemma_t10_vs,18296459,51,3.9037272930145264
gemma_t10_vs,18312025,51,2.945512294769287
gemma_t10_vs,18431463,51,4.254233360290527
gemma_t10_vs,18449288,51,6.802358627319336
gemma_t10_vs,18468577,51,4.426915168762207
gemma_t10_vs,18483718,51,4.3994622230529785
gemma_t10_vs,18505561,51,3.4087517261505127
gemma_t10_vs,18613906,51,3.0232276916503906
gemma_t10_vs,18634877,51,2.72164249420166
gemma_t10_vs,18733074,51,4.326171875
gemma_t10_vs,18750779,51,4.945906639099121
gemma_t10_vs,18907802,51,3.7454946041107178
gemma_t10_vs,19170988,51,4.644281387329102
gemma_t10_vs,19172224,51,4.632891654968262
gemma_t10_vs,19175261,51,5.698821067810059
gemma_t10_vs,19186315,51,4.214939594268799
gemma_t10_vs,19187663,51,4.636634349822998
gemma_t10_vs,19204066,51,4.004027843475342
gemma_t10_vs,19206893,51,3.8554301261901855
gemma_t10_vs,19263469,51,3.5265591144561768
gemma_t10_vs,19263554,51,4.083846092224121
gemma_t10_vs,19435386,51,3.8372859954833984
gemma_t10_vs,19485843,51,4.223005771636963
gemma_t10_vs,19624082,51,6.668069362640381
gemma_t10_vs,20335790,51,4.634943008422852
gemma_t10_vs,20503654,51,4.409648895263672
gemma_t10_vs,21015570,51,4.558087348937988
gemma_t10_vs,21275504,51,4.636884689331055
gemma_t10_vs,21382535,51,3.6873960494995117
gemma_t10_vs,21428581,51,5.258027076721191
gemma_t10_vs,21616326,51,4.336206436157227
gemma_t10_vs,21646317,51,5.195858478546143
gemma_t10_vs,21665298,51,4.450630187988281
gemma_t10_vs,21668994,51,4.3369550704956055
gemma_t10_vs,21669304,51,6.365386486053467
gemma_t10_vs,21670658,51,4.814687728881836
gemma_t10_vs,21689288,51,4.44890022277832
gemma_t10_vs,21697629,51,4.363638877868652
gemma_t10_vs,21697648,51,5.047591686248779
gemma_t10_vs,21700944,51,5.338287830352783
gemma_t10_vs,21702856,51,4.396470546722412
gemma_t10_vs,21709048,51,3.9527041912078857
gemma_t10_vs,21715690,51,3.501204013824463
gemma_t10_vs,21716001,51,4.098264217376709
gemma_t10_vs,21721135,51,3.408118963241577
gemma_t10_vs,21723747,51,4.333942413330078
gemma_t10_vs,21725995,51,5.310680866241455
gemma_t10_vs,21726583,51,4.978540420532227
gemma_t10_vs,21726677,51,4.144989490509033
gemma_t10_vs,21730065,51,5.752347469329834
gemma_t10_vs,21730715,51,5.287441253662109
gemma_t10_vs,21731209,51,6.377030372619629
gemma_t10_vs,21732778,51,3.7817587852478027
gemma_t10_vs,21735129,51,6.356320381164551
gemma_t10_vs,21740766,51,5.979373455047607
gemma_t10_vs,22272492,51,6.171081066131592
gemma_t10_vs,22716243,51,4.707364559173584
gemma_t10_vs,23204325,51,5.057345867156982
gemma_t10_vs,23678406,51,4.991065979003906
gemma_t10_vs,24202507,51,4.125176906585693
gemma_t10_vs,24901977,51,4.242961883544922
gemma_t10_vs,25111673,51,2.9150404930114746
gemma_t10_vs,25113027,51,4.260311126708984
gemma_t10_vs,26538892,51,4.606892108917236
gemma_t10_vs,26698484,51,3.943171262741089
gemma_t10_vs,26873455,51,3.4614975452423096
gemma_t10_vs,26988506,51,4.117533206939697
gemma_t10_vs,27249900,51,4.948338508605957
gemma_t10_vs,27274148,51,4.810868263244629
gemma_t10_vs,27843613,51,3.588214159011841
gemma_t10_vs,28044836,51,3.9096295833587646
gemma_t10_vs,28193461,51,4.065508842468262
gemma_t10_vs,28232901,51,5.017684459686279
gemma_t10_vs,28323588,51,4.642552375793457
gemma_t10_vs,28616370,51,3.8668131828308105
gemma_t10_vs,29149810,51,4.375122547149658
gemma_t10_vs,29161506,51,5.0065813064575195
gemma_t10_vs,29162291,51,3.934149742126465
gemma_t10_vs,29162884,51,6.460573673248291
gemma_t10_vs,29191669,51,5.610808372497559
gemma_t10_vs,29259081,51,4.746823787689209
gemma_t10_vs,29298828,51,4.00528621673584
gemma_t10_vs,29407280,51,4.392097473144531
gemma_t10_vs,29413033,51,3.854891538619995
gemma_t10_vs,29907166,51,4.6266188621521
gemma_t10_vs,30042437,51,3.70743989944458
gemma_t10_vs,30129590,51,4.0130934715271
gemma_t10_vs,30164212,51,4.748873233795166
gemma_t10_vs,31150453,51,4.985767364501953
gemma_t10_vs,31713824,51,3.974151372909546
gemma_t10_vs,32821791,51,3.312034845352173
gemma_t10_vs,32923127,51,3.6871302127838135
gemma_t10_vs,33626727,51,3.800737142562866
gemma_t10_vs,33777646,51,3.583895206451416
gemma_t10_vs,33864324,51,4.890628814697266
gemma_t10_vs,34190303,51,4.181126594543457
gemma_t10_vs,35386653,51,3.6575827598571777
gemma_t10_vs,36364048,51,3.7388527393341064
gemma_t10_vs,37405481,51,3.3468120098114014
gemma_t10_vs,38132419,51,3.5550901889801025
gemma_t10_vs,38234032,51,3.447845935821533
gemma_t10_vs,38934160,51,3.4827756881713867
gemma_t10_vs,39871772,51,5.400116443634033
gemma_t10_vs,40166767,51,4.1265482902526855
gemma_t10_vs,40501690,51,2.819657325744629
gemma_t10_vs,41332060,51,5.685215950012207
gemma_t10_vs,43059601,51,4.691209316253662
gemma_t10_vs,43282987,51,3.7876036167144775
gemma_t10_vs,43289219,51,5.021383285522461
gemma_t10_vs,43959086,51,3.4878382682800293
gemma_t10_vs,44009215,51,4.7269792556762695
gemma_t10_vs,44062236,51,4.322442531585693
gemma_t10_vs,44063972,51,3.110199213027954
gemma_t10_vs,44069187,51,4.257204532623291
gemma_t10_vs,44077201,51,3.8668103218078613
gemma_t10_vs,44080449,51,5.605483531951904
gemma_t10_vs,44087711,51,3.70569109916687
gemma_t10_vs,44090948,51,5.988390922546387
gemma_t10_vs,44105851,51,6.0835089683532715
gemma_t10_vs,44115640,51,4.598328590393066
gemma_t10_vs,44129061,51,4.213878631591797
gemma_t10_vs,44130060,51,4.7433342933654785
gemma_t10_vs,44131019,51,3.7374768257141113
gemma_t10_vs,44134207,51,3.399634838104248
gemma_t10_vs,44144625,51,3.2952914237976074
gemma_t10_vs,44145304,51,4.318357944488525
gemma_t10_vs,44145664,51,3.119399309158325
gemma_t10_vs,44145776,51,3.276602268218994
gemma_t10_vs,44145836,51,2.866252899169922
gemma_t10_vs,44151916,51,3.221576690673828
gemma_t10_vs,44152851,51,3.786144733428955
gemma_t10_vs,44161048,51,3.3839099407196045
gemma_t10_vs,44163645,51,3.85335373878479
gemma_t10_vs,44164810,51,4.006684303283691
gemma_t10_vs,44167998,51,5.265067100524902
gemma_t10_vs,44169697,51,4.476565837860107
gemma_t10_vs,44170949,51,4.099910259246826
gemma_t10_vs,44174597,51,5.233397483825684
gemma_t10_vs,44178763,51,4.334530353546143
gemma_t10_vs,44220219,51,3.3721723556518555
gemma_t10_vs,44243501,51,3.167316436767578
gemma_t10_vs,46889991,51,4.31029748916626
gemma_t10_vs,46927617,51,4.710721015930176
gemma_t10_vs,46932607,51,4.308985710144043
gemma_t10_vs,46937952,51,4.0966010093688965
gemma_t10_vs,46939026,51,3.503812789916992
gemma_t10_vs,46953263,51,2.9726767539978027
gemma_t10_vs,46959165,51,3.574721574783325
gemma_t10_vs,47016219,51,4.6836042404174805
gemma_t10_vs,47018172,51,3.1344356536865234
gemma_t10_vs,47020074,51,4.063948631286621
gemma_t10_vs,48352299,51,5.8253045082092285
gemma_t10_vs,48353672,51,4.607515811920166
gemma_t10_vs,48353884,51,4.229698657989502
gemma_t10_vs,48357955,51,3.206388235092163
gemma_t10_vs,49191384,51,5.500101566314697
gemma_t10_vs,49208337,51,4.43045711517334
gemma_t10_vs,49212016,51,3.49716854095459
gemma_t10_vs,49212861,51,4.830026626586914
gemma_t10_vs,49215746,51,6.260719299316406
gemma_t10_vs,49411029,51,4.635086536407471
gemma_t10_vs,49413369,51,2.879417896270752
gemma_t10_vs,49417344,51,3.7763500213623047
gemma_t10_vs,49420146,51,3.726208448410034
gemma_t10_vs,49430466,51,4.183548927307129
gemma_t10_vs,49430686,51,4.702101707458496
gemma_t10_vs,49578052,51,4.70497989654541
gemma_t10_vs,49587276,51,5.869554042816162
gemma_t10_vs,49656421,51,3.7351033687591553
gemma_t10_vs,49656757,51,4.026296138763428
gemma_t10_vs,49664123,51,3.4468367099761963
gemma_t10_vs,49742509,51,6.401575565338135
gemma_t10_vs,49742988,51,4.458332061767578
gemma_t10_vs,49865411,51,3.2231814861297607
gemma_t10_vs,51862727,51,6.193287372589111
gemma_t10_vs,51867514,51,4.4989237785339355
gemma_t10_vs,51867574,51,5.081171035766602
gemma_t10_vs,51869205,51,4.4847493171691895
gemma_t10_vs,51870078,51,4.301478385925293
gemma_t10_vs,51870827,51,3.9379770755767822
gemma_t10_vs,51871042,51,5.334864139556885
gemma_t10_vs,51871198,51,2.62850284576416
gemma_t10_vs,51873719,51,3.544739007949829
gemma_t10_vs,51873882,51,3.7738471031188965
gemma_t10_vs,51875405,51,4.134775161743164
gemma_t10_vs,51875413,51,6.272776126861572
gemma_t10_vs,51875856,51,3.969780683517456
gemma_t10_vs,51877568,51,3.5552968978881836
gemma_t10_vs,51878172,51,3.414036989212036
gemma_t10_vs,51878335,51,3.772998332977295
gemma_t10_vs,51878395,51,2.3004531860351562
gemma_t10_vs,51878811,51,4.287803649902344
gemma_t10_vs,51879191,51,3.8338468074798584
gemma_t10_vs,51880064,51,3.6112864017486572
gemma_t10_vs,51880268,51,3.9216530323028564
gemma_t10_vs,51880850,51,4.302953243255615
gemma_t10_vs,51881821,51,2.7047972679138184
gemma_t10_vs,51881992,51,2.743518114089966
gemma_t10_vs,51882074,51,3.160153388977051
gemma_t10_vs,51917388,51,5.675765514373779
gemma_t10_vs,51977305,51,4.669663906097412
gemma_t10_vs,51978342,51,4.6670241355896
gemma_t10_vs,51982253,51,4.486340045928955
gemma_t10_vs,51984717,51,4.338766098022461
gemma_t10_vs,51990373,51,3.419388771057129
gemma_t10_vs,52000761,51,3.3274996280670166
gemma_t10_vs,52003282,51,5.741602897644043
gemma_t10_vs,52006529,51,4.271970748901367
gemma_t10_vs,52009840,51,4.194906234741211
gemma_t10_vs,52011616,51,4.673027515411377
gemma_t10_vs,52019251,51,5.786374568939209
gemma_t10_vs,52044834,51,3.9665157794952393
gemma_t10_vs,52046908,51,4.392363548278809
gemma_t10_vs,52047587,51,4.227866172790527
gemma_t10_vs,52054914,51,4.062138557434082
gemma_t10_vs,52056513,51,4.204387187957764
gemma_t10_vs,52069762,51,3.3558120727539062
gemma_t10_vs,52070035,51,4.3461480140686035
gemma_t10_vs,52070657,51,3.9234588146209717
gemma_t10_vs,52073201,51,4.42855978012085
gemma_t10_vs,52074346,51,3.372093677520752
gemma_t10_vs,52078335,51,3.976041793823242
gemma_t10_vs,52098907,51,6.423544406890869
gemma_t10_vs,52100101,51,3.090977668762207
gemma_t10_vs,52100117,51,4.103817939758301
gemma_t10_vs,52100616,51,3.1366047859191895
gemma_t10_vs,52100878,51,3.723280429840088
gemma_t10_vs,52110037,51,3.541512966156006
gemma_t10_vs,52113185,51,4.182165622711182
gemma_t10_vs,52115097,51,4.637292385101318
gemma_t10_vs,52115592,51,3.3390214443206787
gemma_t10_vs,52116920,51,4.109198093414307
gemma_t10_vs,52119091,51,3.3892252445220947
gemma_t10_vs,52119483,51,3.9511730670928955
gemma_t10_vs,52119752,51,5.4536871910095215
gemma_t10_vs,52135124,51,6.090384006500244
gemma_t10_vs,52136564,51,4.64001989364624
gemma_t10_vs,52143204,51,4.884523868560791
gemma_t10_vs,52143467,51,3.6289639472961426
gemma_t10_vs,52144157,51,4.853908061981201
gemma_t10_vs,52145657,51,5.4123053550720215
gemma_t10_vs,52153656,51,3.8328943252563477
gemma_t10_vs,52154254,51,3.9345316886901855
gemma_t10_vs,52154304,51,4.382301330566406
gemma_t10_vs,52155427,51,3.6621012687683105
gemma_t10_vs,52156147,51,3.6696043014526367
gemma_t10_vs,52156206,51,5.206575393676758
gemma_t10_vs,52156433,51,3.691662073135376
gemma_t10_vs,52158121,51,3.9935965538024902
gemma_t10_vs,52158178,51,5.311568737030029
gemma_t10_vs,52160439,51,3.03019118309021
gemma_t10_vs,52160797,51,4.291905403137207
gemma_t10_vs,52161864,51,4.380054473876953
gemma_t10_vs,52162540,51,3.195828676223755
gemma_t10_vs,52165754,51,3.9860780239105225
gemma_t10_vs,52166626,51,5.4451470375061035
gemma_t10_vs,52166727,51,3.5445261001586914
gemma_t10_vs,52167799,51,4.082903861999512
gemma_t10_vs,52171279,51,5.080075740814209
gemma_t10_vs,52171904,51,5.569194793701172
gemma_t10_vs,52176498,51,3.2047436237335205
gemma_t10_vs,52178689,51,4.857983112335205
gemma_t10_vs,52182989,51,5.548493385314941
gemma_t10_vs,52183384,51,3.744374990463257
gemma_t10_vs,52183483,51,2.872486114501953
gemma_t10_vs,52188604,51,5.029489994049072
gemma_t10_vs,52190376,51,4.660341739654541
gemma_t10_vs,52194540,51,3.5592856407165527
gemma_t10_vs,52215843,51,4.654719352722168
gemma_t10_vs,52221821,51,5.40552282333374
gemma_t10_vs,52255687,51,6.488226413726807
gemma_t10_vs,52298363,51,3.142806053161621
gemma_t10_vs,52307098,51,4.458914756774902
gemma_t10_vs,52310274,51,5.018614292144775
gemma_t10_vs,52333947,51,4.8030219078063965
gemma_t10_vs,52811641,51,5.318132400512695
gemma_t10_vs,52815006,51,4.473302841186523
gemma_t10_vs,52816033,51,3.3753561973571777
gemma_t10_vs,52843977,51,3.336036443710327
gemma_t10_vs,52895001,51,3.950831890106201
gemma_t10_vs,52900003,51,3.442739486694336
gemma_t10_vs,52916675,51,4.311951637268066
gemma_t10_vs,52917952,51,4.972348690032959
gemma_t10_vs,52920257,51,3.9403204917907715
gemma_t10_vs,52926380,51,4.847013473510742
gemma_t10_vs,52938038,51,3.938369035720825
gemma_t10_vs,52943615,51,5.273696422576904
gemma_t10_vs,52979524,51,2.7618229389190674
gemma_t10_vs,52984852,51,3.453378200531006
gemma_t10_vs,53017700,51,3.882255792617798
gemma_t10_vs,53019653,51,3.327286720275879
gemma_t10_vs,53034346,51,5.840898513793945
gemma_t10_vs,53035038,51,3.2976551055908203
gemma_t10_vs,53037336,51,4.529330253601074
gemma_t10_vs,53064621,51,3.512293577194214
gemma_t10_vs,53079301,51,3.642531633377075
gemma_t10_vs,53079601,51,3.9365479946136475
gemma_t10_vs,53079743,51,2.8595032691955566
gemma_t10_vs,53079799,51,3.7367043495178223
gemma_t10_vs,53079972,51,3.9149811267852783
gemma_t10_vs,53080156,51,4.235998630523682
gemma_t10_vs,53080384,51,3.5853617191314697
gemma_t10_vs,53080764,51,5.496923923492432
gemma_t10_vs,53080784,51,3.2604174613952637
gemma_t10_vs,53080846,51,3.8600690364837646
gemma_t10_vs,53081209,51,3.8535125255584717
gemma_t10_vs,53081291,51,4.243480205535889
gemma_t10_vs,53081318,51,4.024576187133789
gemma_t10_vs,53081403,51,5.652803897857666
gemma_t10_vs,53081407,51,3.5286922454833984
gemma_t10_vs,53081627,51,4.275121212005615
gemma_t10_vs,53081634,51,5.813403129577637
gemma_t10_vs,53082197,51,3.231175422668457
gemma_t10_vs,53082257,51,3.952136278152466
gemma_t10_vs,53082972,51,3.923110246658325
gemma_t10_vs,53083054,51,5.581474304199219
gemma_t10_vs,53083061,51,3.499607801437378
gemma_t10_vs,53083122,51,4.144618511199951
gemma_t10_vs,53083232,51,3.573733329772949
gemma_t10_vs,53083305,51,3.3239848613739014
gemma_t10_vs,53083475,51,2.6742191314697266
gemma_t10_vs,53083677,51,3.6888632774353027
gemma_t10_vs,53095207,51,4.664664268493652
gemma_t10_vs,53099899,51,3.903095245361328
gemma_t10_vs,53109787,51,5.627899169921875
gemma_t10_vs,53110354,51,3.3406364917755127
gemma_t10_vs,53178856,51,4.081803321838379
gemma_t10_vs,53217060,51,4.321211814880371
gemma_t10_vs,53223679,51,5.152453422546387
gemma_t10_vs,53247198,51,4.846351623535156
gemma_t10_vs,53295957,51,4.016698360443115
gemma_t10_vs,53298765,51,3.917595624923706
gemma_t10_vs,53298878,51,3.422747850418091
gemma_t10_vs,53578487,51,4.2502851486206055
gemma_t10_vs,53640239,51,3.738921642303467
gemma_t10_vs,53645946,51,4.283845901489258
gemma_t10_vs,54893641,51,3.3929789066314697
gemma_t10_vs,56657817,51,5.980952739715576
gemma_t10_vs,56657857,51,3.8687565326690674
gemma_t10_vs,56895551,51,4.443290710449219
gemma_t10_vs,57189558,51,3.2976343631744385
gemma_t10_vs,57564106,51,5.5231499671936035
gemma_t10_vs,57570672,51,4.824948787689209
gemma_t10_vs,59553499,51,3.5460994243621826
gemma_t10_vs,59553563,51,4.492575645446777
gemma_t10_vs,59599633,51,3.680821657180786
gemma_t10_vs,59599706,51,4.68220329284668
gemma_t10_vs,59599940,51,2.953354597091675
gemma_t10_vs,59604492,51,4.111995697021484
gemma_t10_vs,60441316,51,4.3540778160095215
gemma_t10_vs,61153666,51,4.888701915740967
gemma_t10_vs,61874237,51,3.789259433746338
gemma_t10_vs,62637241,51,3.6069862842559814
gemma_t10_vs,65038030,51,4.537128925323486
gemma_t10_vs,67788603,51,5.509488105773926
gemma_t10_vs,67855815,51,4.194797515869141
gemma_t10_vs,67855860,51,5.024538993835449
gemma_t10_vs,67855893,51,4.6535844802856445
gemma_t10_vs,67855999,51,4.42261266708374
gemma_t10_vs,67856005,51,4.322930335998535
gemma_t10_vs,67856013,51,3.3965678215026855
gemma_t10_vs,67856167,51,3.8780605792999268
gemma_t10_vs,67856324,51,4.047646999359131
gemma_t10_vs,67856607,51,3.838705539703369
gemma_t10_vs,67856712,51,2.9179255962371826
gemma_t10_vs,67877016,51,3.5334932804107666
gemma_t10_vs,68167178,51,5.392106056213379
gemma_t10_vs,70349933,51,4.155003070831299
gemma_t10_vs,71144630,51,4.274048805236816
gemma_t10_vs,71147690,51,3.305088520050049
gemma_t10_vs,73729169,51,3.547318696975708
gemma_t10_vs,76666127,51,4.522385120391846
gemma_t10_vs,80628347,51,4.283634662628174
gemma_t10_vs,80628357,51,3.9156270027160645
gemma_t10_vs,83458715,51,6.014634609222412
gemma_t10_vs,84842989,51,3.155998945236206
gemma_t10_vs,84843987,51,3.8363518714904785
gemma_t10_vs,85459677,51,4.259266376495361
gemma_t10_vs,85464175,51,3.7232048511505127
gemma_t10_vs,85498775,51,4.118772983551025
gemma_t10_vs,85501317,51,4.914669036865234
gemma_t10_vs,85518027,51,3.231998920440674
gemma_t10_vs,85528598,51,4.180801868438721
gemma_t10_vs,85531331,51,4.4267778396606445
gemma_t10_vs,86716257,51,4.27338981628418
gemma_t10_vs,91183938,51,4.974175930023193
gemma_t10_vs,91184042,51,5.637365818023682
gemma_t10_vs,102350590,51,5.726443767547607
gemma_t10_vs,102350747,51,4.652973651885986
gemma_t10_vs,102350767,51,4.330414295196533
gemma_t10_vs,102350941,51,4.074235439300537
gemma_t10_vs,102350997,51,3.883164882659912
gemma_t10_vs,102351463,51,4.156921863555908
gemma_t10_vs,102351547,51,3.590092182159424
gemma_t10_vs,102351717,51,3.445568323135376
gemma_t10_vs,102352060,51,3.5829265117645264
gemma_t10_vs,102352698,51,4.594173431396484
gemma_t10_vs,102352788,51,4.025609493255615
gemma_t10_vs,102352962,51,4.658046722412109
gemma_t10_vs,102353817,51,5.380091667175293
gemma_t10_vs,102353837,51,4.07463264465332
gemma_t10_vs,102353852,51,5.684941291809082
gemma_t10_vs,102354384,51,5.095387935638428
gemma_t10_vs,102354395,51,4.718020439147949
gemma_t10_vs,102354583,51,3.9483063220977783
gemma_t10_vs,102354588,51,5.797318458557129
gemma_t10_vs,102354684,51,4.598527431488037
gemma_t10_vs,102483154,51,3.3545849323272705
gemma_t10_vs,106402715,51,4.57188081741333
gemma_t10_vs,109933467,51,2.424266815185547
gemma_t10_vs,116880070,51,3.5473945140838623
gemma_t10_vs,118674834,51,5.139866352081299
gemma_t10_vs,118680003,51,3.1582186222076416
gemma_t10_vs,119308902,51,4.272816181182861
gemma_t10_vs,119309472,51,3.1375787258148193
gemma_t10_vs,120224153,51,3.278587579727173
gemma_t10_vs,126167342,51,4.71605920791626
gemma_t10_vs,126181046,51,4.006890773773193
gemma_t10_vs,128000127,51,5.796170234680176
gemma_t10_vs,128345225,51,3.7731032371520996
gemma_t10_vs,128345548,51,5.145367622375488
gemma_t10_vs,129945216,51,3.4971532821655273
gemma_t10_vs,133306280,51,3.381617784500122
gemma_t10_vs,133597585,51,6.236072540283203
gemma_t10_vs,135466290,51,3.0564491748809814
gemma_t10_vs,153312535,51,4.521072864532471
gemma_t10_vs,153312687,51,4.018682479858398
gemma_t10_vs,153313061,51,3.804292678833008
gemma_t10_vs,153313159,51,4.946413993835449
gemma_t10_vs,153313581,51,3.756585121154785
gemma_t10_vs,155089817,51,2.871006965637207
gemma_t10_vs,155091369,51,3.5188393592834473
gemma_t10_vs,155092736,51,2.80981707572937
gemma_t10_vs,155100086,51,4.65003776550293
gemma_t10_vs,155100120,51,4.390651702880859
gemma_t10_vs,159041042,51,3.2528789043426514
gemma_t10_vs,159041048,51,8.423250198364258
gemma_t10_vs,159041867,51,6.2726311683654785
gemma_t10_vs,160009452,51,3.378516435623169
gemma_t10_vs,160009896,51,3.371201753616333
gemma_t10_vs,162183964,51,4.230081081390381
gemma_t10_vs,165163819,51,3.657750368118286
gemma_t10_vs,166228669,51,3.9556403160095215
gemma_t10_vs,167217355,51,5.590017795562744
gemma_t10_vs,167217367,51,4.342395782470703
gemma_t10_vs,167217453,51,2.638174295425415
gemma_t10_vs,168169888,51,2.9048759937286377
gemma_t10_vs,170078653,51,3.490103006362915
gemma_t10_vs,170078772,51,3.612016439437866
gemma_t10_vs,170079112,51,3.932922840118408
gemma_t10_vs,173188048,51,3.5562877655029297
gemma_t10_vs,173188803,51,3.952573776245117
gemma_t10_vs,173990423,51,5.23436164855957
gemma_t10_vs,173990455,51,3.836573362350464
gemma_t10_vs,173990506,51,3.396757125854492
gemma_t10_vs,173990585,51,4.309872150421143
gemma_t10_vs,173991101,51,2.973346471786499
gemma_t10_vs,174797737,51,4.228344917297363
gemma_t10_vs,174797747,51,4.743540287017822
gemma_t10_vs,174797886,51,4.9216179847717285
gemma_t10_vs,174798153,51,3.357869863510132
gemma_t10_vs,174798218,51,3.487684965133667
gemma_t10_vs,174798293,51,3.432953357696533
gemma_t10_vs,174798321,51,3.3764407634735107
gemma_t10_vs,174798410,51,4.551093101501465
gemma_t10_vs,174799117,51,3.144619941711426
gemma_t10_vs,174799262,51,3.905895471572876
gemma_t10_vs,174799301,51,2.7027485370635986
gemma_t10_vs,174799304,51,4.29657506942749
gemma_t10_vs,174799346,51,5.7651591300964355
gemma_t10_vs,174799399,51,4.30774450302124
gemma_t10_vs,174799702,51,5.679153919219971
gemma_t10_vs,174799768,51,3.985579490661621
gemma_t10_vs,174799793,51,3.2537269592285156
gemma_t10_vs,174799844,51,6.462489128112793
gemma_t10_vs,174799895,51,4.106264591217041
gemma_t10_vs,174799974,51,4.4777936935424805
gemma_t10_vs,174800106,51,3.846259355545044
gemma_t10_vs,174800272,51,3.371934413909912
gemma_t10_vs,174800458,51,4.282189846038818
gemma_t10_vs,174800839,51,4.481754779815674
gemma_t10_vs,174800890,51,4.791594982147217
gemma_t10_vs,174800963,51,3.58737850189209
gemma_t10_vs,174801080,51,4.203199863433838
gemma_t10_vs,174801222,51,3.4923079013824463
gemma_t10_vs,174801388,51,5.3313307762146
gemma_t10_vs,174801519,51,3.9816527366638184
gemma_t10_vs,174801632,51,4.123549938201904
gemma_t10_vs,174801764,51,4.226682186126709
gemma_t10_vs,174802397,51,3.188246488571167
gemma_t10_vs,174802484,51,2.762526512145996
gemma_t10_vs,174802848,51,4.236871242523193
gemma_t10_vs,174802873,51,2.9029030799865723
gemma_t10_vs,174803111,51,4.822661399841309
gemma_t10_vs,174803587,51,4.9170708656311035
gemma_t10_vs,181704107,51,6.678402423858643
gemma_t10_vs,182952458,51,4.941481590270996
gemma_t10_vs,182952800,51,5.002392768859863
gemma_t10_vs,182952848,51,5.435674667358398
gemma_t10_vs,182952892,51,4.8908185958862305
gemma_t10_vs,182953113,51,5.438252925872803
gemma_t10_vs,182953211,51,2.808863401412964
gemma_t10_vs,182953250,51,4.766720771789551
gemma_t10_vs,184482578,51,3.990999937057495
gemma_t10_vs,184483123,51,2.8855605125427246
gemma_t10_vs,184483331,51,3.7606401443481445
gemma_t10_vs,184486755,51,3.638833999633789
gemma_t10_vs,184486914,51,3.4250924587249756
gemma_t10_vs,184487171,51,4.157988548278809
gemma_t10_vs,184487889,51,3.2764012813568115
gemma_t10_vs,186206211,51,5.559092044830322
gemma_t10_vs,186206508,51,3.9685983657836914
gemma_t10_vs,186206974,51,4.02412223815918
gemma_t10_vs,189762009,51,5.22886323928833
gemma_t10_vs,189762068,51,3.2659478187561035
gemma_t10_vs,189762081,51,4.16787052154541
gemma_t10_vs,189762189,51,3.4084270000457764
gemma_t10_vs,189762341,51,4.608220100402832
gemma_t10_vs,189762487,51,4.017963886260986
gemma_t10_vs,189762556,51,4.940739631652832
gemma_t10_vs,189927911,51,3.890833854675293
gemma_t10_vs,189928008,51,5.079301834106445
gemma_t10_vs,189928148,51,4.3984246253967285
gemma_t10_vs,189928186,51,4.431689262390137
gemma_t10_vs,189928248,51,3.254445791244507
gemma_t10_vs,189928358,51,5.330962181091309
gemma_t10_vs,189928395,51,3.840330123901367
gemma_t10_vs,189999088,51,3.265219211578369
gemma_t10_vs,189999659,51,3.808884382247925
gemma_t10_vs,190000105,51,4.545779228210449
gemma_t10_vs,190001673,51,4.942888259887695
gemma_t10_vs,192530110,51,5.678287506103516
gemma_t10_vs,195064954,51,4.866397857666016
gemma_t10_vs,195068920,51,3.7272140979766846
gemma_t10_vs,195069071,51,4.885397911071777
gemma_t10_vs,195069392,51,3.100560426712036
gemma_t10_vs,195218574,51,3.744917154312134
gemma_t10_vs,195218693,51,7.784048557281494
gemma_t10_vs,195316733,51,4.830165386199951
gemma_t10_vs,195345077,51,4.945792198181152
gemma_t10_vs,195345094,51,5.644948959350586
gemma_t10_vs,195345201,51,4.69803524017334
gemma_t10_vs,195345563,51,4.848174571990967
gemma_t10_vs,195477534,51,4.82772970199585
gemma_t10_vs,195504787,51,3.782724618911743
gemma_t10_vs,195584320,51,4.519765853881836
gemma_t10_vs,195766884,51,3.6979541778564453
gemma_t10_vs,195776147,51,3.205007553100586
gemma_t10_vs,195776229,51,3.7599422931671143
gemma_t10_vs,195820682,51,3.95070743560791
gemma_t10_vs,195847811,51,4.42753791809082
gemma_t10_vs,195848217,51,4.955748081207275
gemma_t10_vs,195886246,51,4.446204662322998
gemma_t10_vs,196167277,51,5.968250274658203
gemma_t10_vs,196171551,51,5.176429748535156
gemma_t10_vs,196171668,51,3.218600273132324
gemma_t10_vs,196172197,51,4.183711051940918
gemma_t10_vs,196175184,51,6.237859725952148
gemma_t10_vs,196176000,51,3.789668321609497
gemma_t10_vs,196176396,51,4.812829971313477
gemma_t10_vs,196176628,51,3.620309591293335
gemma_t10_vs,196178484,51,4.828577995300293
gemma_t10_vs,196178503,51,4.275320053100586
gemma_t10_vs,196181315,51,3.610607624053955
gemma_t10_vs,196181536,51,3.343172550201416
gemma_t10_vs,196181811,51,3.1195034980773926
gemma_t10_vs,196181887,51,4.234850883483887
gemma_t10_vs,196182395,51,4.500895977020264
gemma_t10_vs,196183158,51,4.2136054039001465
gemma_t10_vs,196183669,51,4.416517734527588
gemma_t10_vs,196184679,51,3.258793354034424
gemma_t10_vs,196185038,51,4.215885639190674
gemma_t10_vs,196186167,51,2.9566640853881836
gemma_t10_vs,196186961,51,4.107818603515625
gemma_t10_vs,196187162,51,3.972852945327759
gemma_t10_vs,196187316,51,2.943302869796753
gemma_t10_vs,196187320,51,5.366500377655029
gemma_t10_vs,196188501,51,4.551592826843262
gemma_t10_vs,196188987,51,3.417067289352417
gemma_t10_vs,196189567,51,3.406371593475342
gemma_t10_vs,196189661,51,3.6089704036712646
gemma_t10_vs,196192979,51,3.972788095474243
gemma_t10_vs,196193055,51,4.041049957275391
gemma_t10_vs,196194557,51,4.247071743011475
gemma_t10_vs,196197006,51,4.711644172668457
gemma_t10_vs,196198494,51,3.5350341796875
gemma_t10_vs,196199713,51,3.014998435974121
gemma_t10_vs,196205749,51,3.2606372833251953
gemma_t10_vs,196206886,51,4.099099636077881
gemma_t10_vs,196209746,51,4.1755194664001465
gemma_t10_vs,196210081,51,4.153236389160156
gemma_t10_vs,196210782,51,4.578326225280762
gemma_t10_vs,196211238,51,3.3242709636688232
gemma_t10_vs,196211486,51,3.5232956409454346
gemma_t10_vs,196211550,51,3.305677652359009
gemma_t10_vs,196217527,51,3.6996164321899414
gemma_t10_vs,196471188,51,4.369847774505615
gemma_t10_vs,196471198,51,3.9838716983795166
gemma_t10_vs,196621534,51,3.3441219329833984
gemma_t10_vs,196621535,51,4.091373920440674
gemma_t10_vs,198179946,51,4.59747838973999
gemma_t10_vs,198184456,51,4.708840370178223
gemma_t10_vs,198184729,51,3.629465341567993
gemma_t10_vs,198939259,51,3.1240179538726807
gemma_t10_vs,198967754,51,4.838222980499268
gemma_t10_vs,198973187,51,4.4356689453125
gemma_t10_vs,199001173,51,6.182442665100098
gemma_t10_vs,199022396,51,4.159700393676758
gemma_t10_vs,199371491,51,3.909127712249756
gemma_t10_vs,199371687,51,3.281827688217163
gemma_t10_vs,199379359,51,3.9801180362701416
gemma_t10_vs,199452955,51,3.4113121032714844
gemma_t10_vs,199523733,51,2.9482784271240234
gemma_t10_vs,199529989,51,3.2158524990081787
gemma_t10_vs,199552244,51,4.792883396148682
gemma_t10_vs,199577588,51,3.521113395690918
gemma_t10_vs,199577634,51,4.190332889556885
gemma_t10_vs,199668626,51,4.088613033294678
gemma_t10_vs,199668753,51,4.092296600341797
gemma_t10_vs,201058596,51,4.488576889038086
gemma_t10_vs,201058633,51,4.7019572257995605
gemma_t10_vs,201058720,51,4.14388370513916
gemma_t10_vs,201070022,51,3.827646017074585
gemma_t10_vs,201070265,51,4.88941764831543
gemma_t10_vs,201103745,51,4.004513263702393
gemma_t10_vs,201124425,51,3.9554154872894287
gemma_t10_vs,201307832,51,3.759430170059204
gemma_t10_vs,201645145,51,4.247843265533447
gemma_t10_vs,201646223,51,3.2610819339752197
gemma_t10_vs,201646551,51,4.732603073120117
gemma_t10_vs,201651596,51,3.4403581619262695
gemma_t10_vs,201657818,51,4.853092670440674
gemma_t10_vs,201666437,51,5.3250041007995605
gemma_t10_vs,201666620,51,4.431342601776123
gemma_t10_vs,201668205,51,3.038173198699951
gemma_t10_vs,201669180,51,3.0318241119384766
gemma_t10_vs,201670412,51,4.597343921661377
gemma_t10_vs,201676778,51,3.649441957473755
gemma_t10_vs,201691562,51,2.8665387630462646
gemma_t10_vs,201697450,51,3.5251388549804688
gemma_t10_vs,201698093,51,3.513158082962036
gemma_t10_vs,201698197,51,3.7534878253936768
gemma_t10_vs,201698258,51,4.868348598480225
gemma_t10_vs,201698358,51,4.498841285705566
gemma_t10_vs,201741133,51,4.859565258026123
gemma_t10_vs,201742252,51,3.507237672805786
gemma_t10_vs,201742578,51,3.340050220489502
gemma_t10_vs,202120468,51,3.9816503524780273
gemma_t10_vs,202120592,51,5.424700736999512
gemma_t10_vs,202121966,51,2.5373499393463135
gemma_t10_vs,202235037,51,7.058233261108398
gemma_t10_vs,202235596,51,5.5097479820251465
gemma_t10_vs,202537031,51,4.493457794189453
gemma_t10_vs,202537041,51,4.822772979736328
gemma_t10_vs,202537179,51,4.206936836242676
gemma_t10_vs,202537221,51,4.698476314544678
gemma_t10_vs,202537332,51,5.668559551239014
gemma_t10_vs,202537477,51,3.7518668174743652
gemma_t10_vs,202537499,51,4.176163196563721
gemma_t10_vs,202537890,51,4.962862014770508
gemma_t10_vs,202538141,51,4.185428142547607
gemma_t10_vs,202538495,51,5.070320129394531
gemma_t10_vs,202538609,51,4.748342990875244
gemma_t10_vs,202538897,51,4.133989334106445
gemma_t10_vs,202539004,51,4.515847206115723
gemma_t10_vs,202539031,51,6.465914726257324
gemma_t10_vs,202539063,51,4.899547100067139
gemma_t10_vs,202539354,51,3.7353460788726807
gemma_t10_vs,202539496,51,5.20845890045166
gemma_t10_vs,202539540,51,4.40237283706665
gemma_t10_vs,202540033,51,5.388303756713867
gemma_t10_vs,202540088,51,4.281691074371338
gemma_t10_vs,202540096,51,4.635777950286865
gemma_t10_vs,202540203,51,3.3787293434143066
gemma_t10_vs,202540590,51,5.202211856842041
gemma_t10_vs,202540591,51,4.930087089538574
gemma_t10_vs,202540640,51,2.91855525970459
gemma_t10_vs,202540793,51,2.6067004203796387
gemma_t10_vs,202540839,51,4.181406497955322
gemma_t10_vs,202541009,51,4.602843761444092
gemma_t10_vs,202541012,51,4.472489356994629
gemma_t10_vs,202541043,51,4.934966087341309
gemma_t10_vs,202541147,51,5.398256778717041
gemma_t10_vs,202541184,51,4.387879848480225
gemma_t10_vs,202541185,51,3.210846424102783
gemma_t10_vs,202541352,51,3.089735269546509
gemma_t10_vs,202541363,51,4.20432710647583
gemma_t10_vs,202541447,51,3.693157196044922
gemma_t10_vs,202541473,51,2.8357110023498535
gemma_t10_vs,202541491,51,3.0112149715423584
gemma_t10_vs,202541545,51,4.875461101531982
gemma_t10_vs,202541569,51,4.329456329345703
gemma_t10_vs,202541578,51,6.669515609741211
gemma_t10_vs,202541610,51,3.702442169189453
gemma_t10_vs,202541654,51,2.732834815979004
gemma_t10_vs,202542261,51,6.327987194061279
gemma_t10_vs,202542397,51,3.9056365489959717
gemma_t10_vs,202542569,51,4.749471664428711
gemma_t10_vs,202542757,51,6.712673187255859
gemma_t10_vs,202558451,51,5.32478141784668
gemma_t10_vs,202558815,51,4.994621276855469
gemma_t10_vs,202565485,51,5.188416957855225
gemma_t10_vs,202565569,51,4.872071266174316
gemma_t10_vs,202565697,51,2.8893585205078125
gemma_t10_vs,202572810,51,4.520166397094727
gemma_t10_vs,202577372,51,4.597108364105225
gemma_t10_vs,202577934,51,4.237890243530273
gemma_t10_vs,202583694,51,4.266050338745117
gemma_t10_vs,202635721,51,4.535699844360352
gemma_t10_vs,202660724,51,4.332802772521973
gemma_t10_vs,202660912,51,3.788548707962036
gemma_t10_vs,202661048,51,3.4956727027893066
gemma_t10_vs,202712648,51,3.3096330165863037
gemma_t10_vs,202718954,51,4.5482707023620605
gemma_t10_vs,202734183,51,4.4266533851623535
gemma_t10_vs,202734592,51,4.219876289367676
gemma_t10_vs,202763602,51,2.9690747261047363
gemma_t10_vs,202765126,51,4.280783653259277
gemma_t10_vs,202765253,51,5.197088718414307
gemma_t10_vs,202765548,51,4.364553451538086
gemma_t10_vs,202769823,51,3.7315728664398193
gemma_t10_vs,202770936,51,2.8457398414611816
gemma_t10_vs,202771124,51,4.827781677246094
gemma_t10_vs,202771535,51,4.7425217628479
gemma_t10_vs,202773239,51,5.000579833984375
gemma_t10_vs,202773689,51,3.6589369773864746
gemma_t10_vs,202774375,51,4.249994277954102
gemma_t10_vs,202774468,51,3.643972396850586
gemma_t10_vs,202776122,51,4.943630218505859
gemma_t10_vs,202776447,51,5.165271282196045
gemma_t10_vs,202776649,51,3.354865789413452
gemma_t10_vs,202781392,51,4.070833206176758
gemma_t10_vs,202783478,51,4.13124418258667
gemma_t10_vs,202784449,51,3.2705273628234863
gemma_t10_vs,202785255,51,4.045637607574463
gemma_t10_vs,202785879,51,4.572199821472168
gemma_t10_vs,202786066,51,2.9382424354553223
gemma_t10_vs,202786882,51,4.549766540527344
gemma_t10_vs,202788490,51,4.565123081207275
gemma_t10_vs,202788575,51,4.19070291519165
gemma_t10_vs,202789603,51,3.147197961807251
gemma_t10_vs,203146520,51,3.5966782569885254
gemma_t10_vs,203150358,51,3.9967169761657715
gemma_t10_vs,203610181,51,2.7743420600891113
gemma_t10_vs,203626520,51,4.006950378417969
gemma_t10_vs,203836056,51,4.868380546569824
gemma_t10_vs,203836888,51,5.781273365020752
gemma_t10_vs,203905404,51,3.6817243099212646
gemma_t10_vs,204009154,51,4.0623579025268555
gemma_t10_vs,204512247,51,3.929011344909668
gemma_t10_vs,204744108,51,4.533044338226318
gemma_t10_vs,204823992,51,3.960538625717163
gemma_t10_vs,204902024,51,5.321352958679199
gemma_t10_vs,204949631,51,4.709596157073975
gemma_t10_vs,207794190,51,4.405946731567383
gemma_t10_vs,207847197,51,5.193207740783691
gemma_t10_vs,207847250,51,6.5858473777771
gemma_t10_vs,207847598,51,4.355991840362549
gemma_t10_vs,207847960,51,4.388092994689941
gemma_t10_vs,207852358,51,3.974766969680786
gemma_t10_vs,207852450,51,4.872697353363037
gemma_t10_vs,207852597,51,3.7007782459259033
gemma_t10_vs,207852642,51,5.943821907043457
gemma_t10_vs,207853017,51,4.069585800170898
gemma_t10_vs,207853111,51,4.92927885055542
gemma_t10_vs,207853145,51,4.229323387145996
gemma_t10_vs,207853191,51,5.436977863311768
gemma_t10_vs,207853290,51,4.314569473266602
gemma_t10_vs,207853300,51,4.443334579467773
gemma_t10_vs,207853304,51,5.573558807373047
gemma_t10_vs,207863306,51,3.820862293243408
gemma_t10_vs,207870323,51,3.7941291332244873
gemma_t10_vs,207870937,51,3.028937578201294
gemma_t10_vs,207901226,51,4.196325778961182
gemma_t10_vs,207925651,51,4.594645977020264
gemma_t10_vs,207996257,51,3.7999892234802246
gemma_t10_vs,208001011,51,4.6554741859436035
gemma_t10_vs,208006253,51,4.185783863067627
gemma_t10_vs,208191596,51,5.245365619659424
gemma_t10_vs,208527026,51,3.799879312515259
gemma_t10_vs,208547632,51,4.200386047363281
gemma_t10_vs,209009596,51,5.60673189163208
gemma_t10_vs,209054931,51,3.3161892890930176
gemma_t10_vs,209202658,51,5.413520812988281
gemma_t10_vs,210164439,51,4.202465057373047
gemma_t10_vs,210164665,51,6.0207061767578125
gemma_t10_vs,210701352,51,4.332568168640137
gemma_t10_vs,210714061,51,5.788454055786133
gemma_t10_vs,211003735,51,5.357900142669678
gemma_t10_vs,211029226,51,5.627255916595459
gemma_t10_vs,211031933,51,5.548377990722656
gemma_t10_vs,211066200,51,4.455038547515869
gemma_t10_vs,211082681,51,4.633332252502441
gemma_t10_vs,211126910,51,4.199472427368164
gemma_t10_vs,211258645,51,4.598310947418213
gemma_t10_vs,211532588,51,3.4944684505462646
gemma_t10_vs,211677475,51,5.199178695678711
gemma_t10_vs,211987786,51,5.454942226409912
gemma_t10_vs,212718077,51,5.397851943969727
gemma_t10_vs,212725806,51,3.489515781402588
gemma_t10_vs,212747810,51,5.690610885620117
gemma_t10_vs,212800438,51,4.298036575317383
gemma_t10_vs,213982630,51,6.659689903259277
gemma_t10_vs,214623124,51,6.522624969482422
gemma_t10_vs,214693050,51,4.489182949066162
gemma_t10_vs,214794966,51,4.304917335510254
gemma_t10_vs,214802401,51,4.761448860168457
gemma_t10_vs,214802500,51,4.196602821350098
gemma_t10_vs,214802514,51,5.850499629974365
gemma_t10_vs,214802587,51,3.3130710124969482
gemma_t10_vs,214802624,51,2.80378794670105
gemma_t10_vs,214802812,51,4.42552375793457
gemma_t10_vs,214802856,51,5.409150123596191
gemma_t10_vs,214802887,51,5.591574668884277
gemma_t10_vs,214803082,51,3.116281270980835
gemma_t10_vs,215191351,51,5.724662780761719
gemma_t10_vs,215238391,51,3.3303191661834717
gemma_t10_vs,215238965,51,4.532718181610107
gemma_t10_vs,215415911,51,4.7787909507751465
gemma_t10_vs,215415968,51,3.139882802963257
gemma_t10_vs,215416110,51,4.183378219604492
gemma_t10_vs,215416175,51,3.9011991024017334
gemma_t10_vs,215416349,51,5.875915050506592
gemma_t10_vs,215547988,51,4.819159984588623
gemma_t10_vs,215548041,51,3.762702465057373
gemma_t10_vs,215548215,51,3.6633455753326416
gemma_t10_vs,215548225,51,3.7328758239746094
gemma_t10_vs,215548916,51,2.9907894134521484
gemma_t10_vs,215737001,51,3.211277484893799
gemma_t10_vs,215744806,51,3.222104787826538
gemma_t10_vs,215744924,51,3.5561742782592773
gemma_t10_vs,215744944,51,3.474836587905884
gemma_t10_vs,215745286,51,4.664394855499268
gemma_t10_vs,215745290,51,4.348578453063965
gemma_t10_vs,215745354,51,4.039738178253174
gemma_t10_vs,215745536,51,5.334167957305908
gemma_t10_vs,215768766,51,5.1351213455200195
gemma_t10_vs,215768768,51,5.563265800476074
gemma_t10_vs,215768769,51,3.395448684692383
gemma_t10_vs,215768835,51,4.939069747924805
gemma_t10_vs,215785828,51,3.9317915439605713
gemma_t10_vs,215785895,51,5.895125865936279
gemma_t10_vs,215786391,51,3.9899542331695557
gemma_t10_vs,215806653,51,5.270883083343506
gemma_t10_vs,215811473,51,3.884706974029541
gemma_t10_vs,215814290,51,3.1039750576019287
gemma_t10_vs,215814515,51,3.691725730895996
gemma_t10_vs,215826646,51,4.204300403594971
gemma_t10_vs,215827207,51,4.436790943145752
gemma_t10_vs,215827461,51,5.435869216918945
gemma_t10_vs,215827653,51,4.478472709655762
gemma_t10_vs,215827766,51,4.129080295562744
gemma_t10_vs,215827807,51,4.346803665161133
gemma_t10_vs,215827989,51,3.0544791221618652
gemma_t10_vs,215828313,51,4.265608310699463
gemma_t10_vs,215828384,51,4.12274694442749
gemma_t10_vs,215828553,51,4.970012187957764
gemma_t10_vs,216035773,51,3.0770881175994873
gemma_t10_vs,216056240,51,5.972292423248291
gemma_t10_vs,216056269,51,4.193924427032471
gemma_t10_vs,216056453,51,3.689960479736328
gemma_t10_vs,216056509,51,3.413357973098755
gemma_t10_vs,216080642,51,5.544670104980469
gemma_t10_vs,216080701,51,3.7893667221069336
gemma_t10_vs,216080986,51,3.366422176361084
gemma_t10_vs,216144439,51,3.5123543739318848
gemma_t10_vs,216144503,51,4.212868690490723
gemma_t10_vs,216144770,51,3.673065662384033
gemma_t10_vs,216552849,51,3.1939897537231445
gemma_t10_vs,216552854,51,5.559844493865967
gemma_t10_vs,216552897,51,4.953731536865234
gemma_t10_vs,216552978,51,4.00970983505249
gemma_t10_vs,216553067,51,4.820141315460205
gemma_t10_vs,216553182,51,5.293311595916748
gemma_t10_vs,216553210,51,3.4364562034606934
gemma_t10_vs,216553264,51,3.7382254600524902
gemma_t10_vs,216557637,51,3.2544782161712646
gemma_t10_vs,216562233,51,4.962710380554199
gemma_t10_vs,216562330,51,3.648947238922119
gemma_t10_vs,216562386,51,4.623643398284912
gemma_t10_vs,216562638,51,3.4962546825408936
gemma_t10_vs,216562779,51,4.432745456695557
gemma_t10_vs,216562785,51,3.113456964492798
gemma_t10_vs,216636598,51,3.9010846614837646
gemma_t10_vs,216641736,51,4.107872486114502
gemma_t10_vs,216641773,51,4.749229907989502
gemma_t10_vs,216641842,51,3.349813461303711
gemma_t10_vs,216641848,51,5.253273010253906
gemma_t10_vs,216641852,51,3.7859976291656494
gemma_t10_vs,216641956,51,3.9212944507598877
gemma_t10_vs,216642043,51,2.77982497215271
gemma_t10_vs,216642230,51,3.6679084300994873
gemma_t10_vs,216867622,51,3.660015821456909
gemma_t10_vs,216868180,51,5.135343551635742
gemma_t10_vs,216868234,51,4.12640380859375
gemma_t10_vs,216868259,51,3.3378708362579346
gemma_t10_vs,216868472,51,5.414851665496826
gemma_t10_vs,216868486,51,4.182481288909912
gemma_t10_vs,216868525,51,3.373253583908081
gemma_t10_vs,216868592,51,4.49547815322876
gemma_t10_vs,216868683,51,4.24738883972168
gemma_t10_vs,216868725,51,3.3260185718536377
gemma_t10_vs,216869183,51,3.7304511070251465
gemma_t10_vs,216869577,51,6.016150951385498
gemma_t10_vs,216914409,51,3.4056410789489746
gemma_t10_vs,216914626,51,5.1022844314575195
gemma_t10_vs,216914911,51,4.21216344833374
gemma_t10_vs,218076648,51,4.137986660003662
gemma_t10_vs,218470058,51,4.261961460113525
gemma_t10_vs,218470122,51,3.0255792140960693
gemma_t10_vs,218470125,51,3.149355888366699
gemma_t10_vs,218470144,51,4.043081760406494
gemma_t10_vs,218470237,51,3.3106749057769775
gemma_t10_vs,218470359,51,6.261483192443848
gemma_t10_vs,218470427,51,4.651763916015625
gemma_t10_vs,218470517,51,5.4822998046875
gemma_t10_vs,218486837,51,4.1248979568481445
gemma_t10_vs,218487098,51,4.397302150726318
gemma_t10_vs,218487100,51,4.101686954498291
gemma_t10_vs,218487136,51,3.4353301525115967
gemma_t10_vs,218487168,51,4.611000061035156
gemma_t10_vs,218487230,51,3.8491806983947754
gemma_t10_vs,218487237,51,4.368235111236572
gemma_t10_vs,218487279,51,4.6851277351379395
gemma_t10_vs,218487288,51,4.012042045593262
gemma_t10_vs,218487373,51,4.74137020111084
gemma_t10_vs,218487454,51,3.9102907180786133
gemma_t10_vs,218487506,51,4.794288635253906
gemma_t10_vs,218487696,51,4.501233100891113
gemma_t10_vs,218487733,51,4.8732757568359375
gemma_t10_vs,218500588,51,4.991007328033447
gemma_t10_vs,218501728,51,3.192595958709717
gemma_t10_vs,218502350,51,6.40257453918457
gemma_t10_vs,218517044,51,4.963980197906494
gemma_t10_vs,218517088,51,4.5208516120910645
gemma_t10_vs,218517128,51,3.369978904724121
gemma_t10_vs,218538467,51,3.0517168045043945
gemma_t10_vs,218560609,51,4.393112659454346
gemma_t10_vs,218571018,51,4.062679290771484
gemma_t10_vs,218571035,51,3.1059505939483643
gemma_t10_vs,218571152,51,4.226351261138916
gemma_t10_vs,218571167,51,3.498955011367798
gemma_t10_vs,218571335,51,4.432833671569824
gemma_t10_vs,218580945,51,3.589245319366455
gemma_t10_vs,218581853,51,3.967578887939453
gemma_t10_vs,218595658,51,5.444916725158691
gemma_t10_vs,218595710,51,3.4042768478393555
gemma_t10_vs,218595915,51,6.02895975112915
gemma_t10_vs,218595930,51,3.416564702987671
gemma_t10_vs,218610661,51,4.483132362365723
gemma_t10_vs,218613630,51,4.262724876403809
gemma_t10_vs,218613850,51,2.970716953277588
gemma_t10_vs,218614095,51,3.395638942718506
gemma_t10_vs,218628691,51,4.522456169128418
gemma_t10_vs,218628872,51,5.228006839752197
gemma_t10_vs,218630027,51,3.8500583171844482
gemma_t10_vs,218665566,51,3.901716470718384
gemma_t10_vs,218674382,51,4.549931526184082
gemma_t10_vs,218684346,51,3.997408628463745
gemma_t10_vs,218718559,51,3.207165002822876
gemma_t10_vs,218718982,51,3.9419078826904297
gemma_t10_vs,218763259,51,5.534623146057129
gemma_t10_vs,218763425,51,3.782667875289917
gemma_t10_vs,218763678,51,3.0776915550231934
gemma_t10_vs,218869840,51,3.9865434169769287
gemma_t10_vs,218883429,51,3.5836246013641357
gemma_t10_vs,218889746,51,3.965851306915283
gemma_t10_vs,218901061,51,6.192438125610352
gemma_t10_vs,218971632,51,4.665881633758545
gemma_t10_vs,218971877,51,4.407546043395996
gemma_t10_vs,218974137,51,2.777052640914917
gemma_t10_vs,219036690,51,3.6337029933929443
gemma_t10_vs,219124328,51,3.7124643325805664
gemma_t10_vs,219165306,51,3.811544418334961
gemma_t10_vs,219176513,51,5.157620429992676
gemma_t10_vs,219176849,51,4.708334922790527
gemma_t10_vs,219177150,51,4.679795742034912
gemma_t10_vs,219260306,51,3.2051000595092773
gemma_t10_vs,219302617,51,4.280223369598389
gemma_t10_vs,219304854,51,4.08637809753418
gemma_t10_vs,219304992,51,3.9173004627227783
gemma_t10_vs,219306244,51,7.444115161895752
gemma_t10_vs,219307246,51,3.250426769256592
gemma_t10_vs,219309091,51,3.6583778858184814
gemma_t10_vs,219310312,51,4.698162078857422
gemma_t10_vs,219401758,51,3.9795114994049072
gemma_t10_vs,219530664,51,3.685467004776001
gemma_t10_vs,219530980,51,5.176177501678467
gemma_t10_vs,219558508,51,4.148305892944336
gemma_t10_vs,219573244,51,4.803043365478516
gemma_t10_vs,219573654,51,3.3135879039764404
gemma_t10_vs,219635956,51,3.251944065093994
gemma_t10_vs,219708219,51,5.349929332733154
gemma_t10_vs,219719687,51,4.584195613861084
gemma_t10_vs,219721462,51,4.528491973876953
gemma_t10_vs,219966938,51,4.790526866912842
gemma_t10_vs,219980605,51,4.6785664558410645
gemma_t10_vs,220044829,51,3.7883801460266113
gemma_t10_vs,220044878,51,2.482091188430786
gemma_t10_vs,220044881,51,4.713022232055664
gemma_t10_vs,220045417,51,2.758100748062134
gemma_t10_vs,220045465,51,4.2827839851379395
gemma_t10_vs,220045816,51,5.02719259262085
gemma_t10_vs,220045824,51,3.93715500831604
gemma_t10_vs,220045825,51,3.861463785171509
gemma_t10_vs,220045826,51,3.971494197845459
gemma_t10_vs,220045828,51,4.168346405029297
gemma_t10_vs,220045831,51,3.7939882278442383
gemma_t10_vs,220045835,51,3.5625290870666504
gemma_t10_vs,220045906,51,3.1602325439453125
gemma_t10_vs,220045915,51,3.6137514114379883
gemma_t10_vs,220045953,51,3.2773828506469727
gemma_t10_vs,220046222,51,2.964848756790161
gemma_t10_vs,220046453,51,3.5441908836364746
gemma_t10_vs,220046465,51,3.4620797634124756
gemma_t10_vs,220046499,51,5.029162406921387
gemma_t10_vs,220046510,51,3.3089587688446045
gemma_t10_vs,220046814,51,3.7873053550720215
gemma_t10_vs,220047070,51,4.059678077697754
gemma_t10_vs,220047186,51,3.742670774459839
gemma_t10_vs,220047251,51,5.661320209503174
gemma_t10_vs,220047266,51,3.932988166809082
gemma_t10_vs,220047363,51,3.113499164581299
gemma_t10_vs,220047771,51,3.8563997745513916
gemma_t10_vs,220047822,51,3.0994486808776855
gemma_t10_vs,220047831,51,3.8925111293792725
gemma_t10_vs,220047862,51,3.124544620513916
gemma_t10_vs,220047871,51,4.6318840980529785
gemma_t10_vs,220047976,51,3.908963918685913
gemma_t10_vs,220048083,51,3.2125346660614014
gemma_t10_vs,220048213,51,3.8518295288085938
gemma_t10_vs,220048228,51,3.2464802265167236
gemma_t10_vs,220049701,51,3.169565439224243
gemma_t10_vs,220059617,51,3.4288268089294434
gemma_t10_vs,220060899,51,4.4618048667907715
gemma_t10_vs,220250648,51,4.489736557006836
gemma_t10_vs,220265679,51,4.0334672927856445
gemma_t10_vs,220280994,51,4.310739994049072
gemma_t10_vs,220330688,51,3.274052858352661
gemma_t10_vs,220331638,51,3.450444221496582
gemma_t10_vs,220363596,51,3.4124205112457275
gemma_t10_vs,220364230,51,4.1100568771362305
gemma_t10_vs,220425360,51,5.710892677307129
gemma_t10_vs,220525491,51,4.558887481689453
gemma_t10_vs,220546439,51,4.727323055267334
gemma_t10_vs,220686630,51,3.682901382446289
gemma_t10_vs,220794027,51,3.756293535232544
gemma_t10_vs,220919861,51,3.780292272567749
gemma_t10_vs,221005781,51,4.78088903427124
gemma_t10_vs,221090091,51,3.4051380157470703
gemma_t10_vs,221090332,51,2.9828267097473145
gemma_t10_vs,221150562,51,4.156064510345459
gemma_t10_vs,221246333,51,3.547067642211914
gemma_t10_vs,221376974,51,4.304101467132568
gemma_t10_vs,221517069,51,3.923387050628662
gemma_t10_vs,221640658,51,5.029736042022705
gemma_t10_vs,221702970,51,4.951399326324463
gemma_t10_vs,221703773,51,4.467901706695557
gemma_t10_vs,221738937,51,3.353386878967285
gemma_t10_vs,221738987,51,4.5182318687438965
gemma_t10_vs,221739233,51,3.886702299118042
gemma_t10_vs,221739295,51,4.5947699546813965
gemma_t10_vs,221739314,51,4.561559677124023
gemma_t10_vs,221749138,51,3.074246883392334
gemma_t10_vs,221761251,51,4.246864318847656
gemma_t10_vs,221761320,51,3.9093592166900635
gemma_t10_vs,221761685,51,4.028800964355469
gemma_t10_vs,221802738,51,4.0099358558654785
gemma_t10_vs,221802772,51,4.593943119049072
gemma_t10_vs,221818878,51,3.3747329711914062
gemma_t10_vs,221835708,51,3.68770170211792
gemma_t10_vs,221836078,51,5.311201572418213
gemma_t10_vs,221836081,51,3.034759521484375
gemma_t10_vs,221845203,51,6.483035564422607
gemma_t10_vs,221857750,51,3.529212713241577
gemma_t10_vs,221878973,51,4.418991565704346
gemma_t10_vs,221879025,51,4.488621234893799
gemma_t10_vs,221948991,51,5.094308853149414
gemma_t10_vs,221949175,51,3.9970762729644775
gemma_t10_vs,221949448,51,4.084271430969238
gemma_t10_vs,221970112,51,6.42202091217041
gemma_t10_vs,221970445,51,3.673408031463623
gemma_t10_vs,221970493,51,5.041365623474121
gemma_t10_vs,221995543,51,3.7368099689483643
gemma_t10_vs,221995630,51,4.514001369476318
gemma_t10_vs,221996144,51,2.81262469291687
gemma_t10_vs,222008363,51,4.60270881652832
gemma_t10_vs,222066712,51,3.902444839477539
gemma_t10_vs,222090330,51,3.6770193576812744
gemma_t10_vs,222090412,51,5.486578941345215
gemma_t10_vs,222103842,51,4.728237152099609
gemma_t10_vs,222124366,51,6.42583703994751
gemma_t10_vs,222124934,51,3.4216039180755615
gemma_t10_vs,222125099,51,6.107239246368408
gemma_t10_vs,222132916,51,4.718709945678711
gemma_t10_vs,222133028,51,3.263230562210083
gemma_t10_vs,222133166,51,3.7206358909606934
gemma_t10_vs,222134074,51,3.75388240814209
gemma_t10_vs,222134115,51,3.4661827087402344
gemma_t10_vs,222140803,51,3.6863491535186768
gemma_t10_vs,222140969,51,3.6380324363708496
gemma_t10_vs,222141043,51,4.457151889801025
gemma_t10_vs,222141045,51,3.4788949489593506
gemma_t10_vs,222141054,51,4.696712493896484
gemma_t10_vs,222141056,51,4.717608451843262
gemma_t10_vs,222141483,51,3.5159997940063477
gemma_t10_vs,222141790,51,4.699002265930176
gemma_t10_vs,222142129,51,4.16594934463501
gemma_t10_vs,222156681,51,3.995765447616577
gemma_t10_vs,222176890,51,5.4699296951293945
gemma_t10_vs,222177069,51,3.3292696475982666
gemma_t10_vs,222177127,51,3.579368829727173
gemma_t10_vs,222177239,51,3.12330961227417
gemma_t10_vs,222177485,51,3.9903411865234375
gemma_t10_vs,222177762,51,3.7563440799713135
gemma_t10_vs,222177767,51,3.0528244972229004
gemma_t10_vs,222177851,51,3.865173816680908
gemma_t10_vs,222205878,51,3.2152063846588135
gemma_t10_vs,222208701,51,4.7067790031433105
gemma_t10_vs,222208714,51,3.8588645458221436
gemma_t10_vs,222208845,51,3.903601884841919
gemma_t10_vs,222208958,51,4.0476555824279785
gemma_t10_vs,222208984,51,2.685683488845825
gemma_t10_vs,222209112,51,4.495220184326172
gemma_t10_vs,222225253,51,3.632939338684082
gemma_t10_vs,222271911,51,3.7427401542663574
gemma_t10_vs,222272319,51,3.8963747024536133
gemma_t10_vs,222272447,51,5.260827541351318
gemma_t10_vs,222290596,51,4.817039489746094
gemma_t10_vs,222290670,51,4.75728702545166
gemma_t10_vs,222290677,51,4.013323783874512
gemma_t10_vs,222290679,51,3.4830498695373535
gemma_t10_vs,222290752,51,6.974818706512451
gemma_t10_vs,222290851,51,4.2211222648620605
gemma_t10_vs,222291117,51,5.627072811126709
gemma_t10_vs,222291132,51,3.1321213245391846
gemma_t10_vs,222291386,51,2.488469362258911
gemma_t10_vs,222291532,51,6.0943803787231445
gemma_t10_vs,222291619,51,3.316434144973755
gemma_t10_vs,222306079,51,3.6396543979644775
gemma_t10_vs,222310116,51,3.9999377727508545
gemma_t10_vs,222310469,51,4.174504280090332
gemma_t10_vs,222310559,51,3.430756092071533
gemma_t10_vs,222310618,51,5.581510066986084
gemma_t10_vs,222310689,51,3.2723000049591064
gemma_t10_vs,222310761,51,3.9794912338256836
gemma_t10_vs,222310837,51,5.275876045227051
gemma_t10_vs,222341502,51,3.32993483543396
gemma_t10_vs,222341606,51,4.1679911613464355
gemma_t10_vs,222341713,51,4.8695244789123535
gemma_t10_vs,222341867,51,4.512048721313477
gemma_t10_vs,222377768,51,6.102091312408447
gemma_t10_vs,222379195,51,3.1146955490112305
gemma_t10_vs,223953395,51,2.792390823364258
gemma_t10_vs,223953416,51,5.036437034606934
gemma_t10_vs,223957053,51,5.008838176727295
gemma_t10_vs,224704949,51,4.68792200088501
gemma_t10_vs,224705337,51,4.523420810699463
gemma_t10_vs,224706384,51,3.2485125064849854
gemma_t10_vs,224724415,51,5.346580505371094
gemma_t10_vs,224802782,51,3.929527759552002
gemma_t10_vs,224803298,51,4.0031304359436035
gemma_t10_vs,224803491,51,5.120745658874512
gemma_t10_vs,224803588,51,5.403023719787598
gemma_t10_vs,224814107,51,5.706392765045166
gemma_t10_vs,224818197,51,4.802694797515869
gemma_t10_vs,225039884,51,3.2716240882873535
gemma_t10_vs,225040672,51,3.0893051624298096
gemma_t10_vs,225041226,51,4.401852607727051
gemma_t10_vs,225062282,51,3.701078414916992
gemma_t10_vs,225062337,51,6.228104591369629
gemma_t10_vs,225066679,51,3.233433961868286
gemma_t10_vs,225066984,51,4.693356990814209
gemma_t10_vs,225067055,51,6.233687400817871
gemma_t10_vs,225067077,51,3.577061176300049
gemma_t10_vs,225067549,51,4.987916946411133
gemma_t10_vs,225067563,51,4.655077934265137
gemma_t10_vs,225067713,51,3.8501317501068115
gemma_t10_vs,225068329,51,3.8404903411865234
gemma_t10_vs,225070214,51,4.091044902801514
gemma_t10_vs,225074971,51,5.199481010437012
gemma_t10_vs,225075639,51,3.1780567169189453
gemma_t10_vs,225094152,51,4.154239654541016
gemma_t10_vs,225103036,51,3.733194351196289
gemma_t10_vs,226222232,51,5.206630706787109
gemma_t10_vs,226226607,51,5.849917888641357
gemma_t10_vs,226226666,51,6.0340166091918945
gemma_t10_vs,226226744,51,4.9604411125183105
gemma_t10_vs,226227390,51,5.353658676147461
gemma_t10_vs,226236740,51,4.6348700523376465
gemma_t10_vs,226237179,51,2.8688805103302
gemma_t10_vs,226237546,51,3.567570924758911
gemma_t10_vs,226245979,51,2.635354995727539
gemma_t10_vs,226254361,51,3.584463596343994
gemma_t10_vs,226262191,51,4.965900897979736
gemma_t10_vs,226262204,51,4.026710033416748
gemma_t10_vs,226262205,51,5.53546667098999
gemma_t10_vs,226262224,51,3.898314952850342
gemma_t10_vs,226262227,51,4.96828556060791
gemma_t10_vs,226262252,51,4.139647483825684
gemma_t10_vs,226262263,51,3.1003811359405518
gemma_t10_vs,226262266,51,4.233760833740234
gemma_t10_vs,226262283,51,3.5676817893981934
gemma_t10_vs,226262284,51,2.981717586517334
gemma_t10_vs,226262316,51,4.631321430206299
gemma_t10_vs,226262325,51,5.229070663452148
gemma_t10_vs,226262344,51,3.4361133575439453
gemma_t10_vs,226262349,51,3.0861387252807617
gemma_t10_vs,226262425,51,3.78078031539917
gemma_t10_vs,226278099,51,2.597550868988037
gemma_t10_vs,226281376,51,3.7140328884124756
gemma_t10_vs,226281660,51,4.595698833465576
gemma_t10_vs,226283452,51,3.4728214740753174
gemma_t10_vs,226283533,51,3.661531686782837
gemma_t10_vs,226283593,51,4.861021995544434
gemma_t10_vs,226283779,51,3.150026321411133
gemma_t10_vs,226283839,51,7.405388832092285
gemma_t10_vs,226283910,51,5.99188232421875
gemma_t10_vs,226283984,51,4.44476842880249
gemma_t10_vs,226284018,51,4.016460418701172
gemma_t10_vs,227230267,51,3.29457950592041
gemma_t10_vs,227230896,51,3.6171927452087402
gemma_t10_vs,227231059,51,4.417478084564209
gemma_t10_vs,227231123,51,3.790316343307495
gemma_t10_vs,227231240,51,3.7602736949920654
gemma_t10_vs,227231454,51,5.225797653198242
gemma_t10_vs,227231541,51,4.973911762237549
gemma_t10_vs,227231632,51,3.693483591079712
gemma_t10_vs,227231689,51,5.737927436828613
gemma_t10_vs,227255526,51,5.3104400634765625
gemma_t10_vs,227745074,51,5.126594543457031
gemma_t10_vs,227840539,51,3.178623676300049
gemma_t10_vs,229152766,51,4.766453266143799
gemma_t10_vs,229363636,51,5.18113374710083
gemma_t10_vs,229365667,51,3.361159086227417
gemma_t10_vs,229365773,51,4.773560523986816
gemma_t10_vs,229365839,51,3.888195753097534
gemma_t10_vs,229371560,51,4.238222599029541
gemma_t10_vs,229376913,51,5.088251113891602
gemma_t10_vs,229376920,51,4.557675838470459
gemma_t10_vs,229679941,51,6.124943733215332
gemma_t10_vs,229923069,51,4.541322231292725
gemma_t10_vs,229923118,51,3.852208375930786
gemma_t10_vs,229923196,51,6.245693683624268
gemma_t10_vs,229923207,51,3.1901607513427734
gemma_t10_vs,229923220,51,4.293684959411621
gemma_t10_vs,229923438,51,3.801229953765869
gemma_t10_vs,229923538,51,4.246412754058838
gemma_t10_vs,229923551,51,4.44842529296875
gemma_t10_vs,229923747,51,3.5478076934814453
gemma_t10_vs,229923749,51,5.066012859344482
gemma_t10_vs,229923903,51,5.491096019744873
gemma_t10_vs,229924005,51,3.5961833000183105
gemma_t10_vs,229924184,51,3.9734206199645996
gemma_t10_vs,229924220,51,4.193511486053467
gemma_t10_vs,229924402,51,4.2351460456848145
gemma_t10_vs,230119728,51,3.7225024700164795
gemma_t10_vs,230433978,51,4.687709808349609
gemma_t10_vs,230434014,51,4.982353687286377
gemma_t10_vs,230437591,51,4.203814506530762
gemma_t10_vs,230437613,51,4.522700309753418
gemma_t10_vs,230438816,51,4.4040422439575195
gemma_t10_vs,231572779,51,4.363530158996582
gemma_t10_vs,231592914,51,4.495885372161865
gemma_t10_vs,231648372,51,5.304290294647217
gemma_t10_vs,231698419,51,3.8746132850646973
gemma_t10_vs,231698657,51,3.8140852451324463
gemma_t10_vs,231704318,51,3.917222499847412
gemma_t10_vs,231718729,51,4.935100555419922
gemma_t10_vs,231719525,51,3.0854339599609375
gemma_t10_vs,231740666,51,3.6333250999450684
gemma_t10_vs,231749968,51,5.1448974609375
gemma_t10_vs,231750020,51,4.024616718292236
gemma_t10_vs,231879840,51,2.7931478023529053
gemma_t10_vs,231951460,51,4.436768054962158
gemma_t10_vs,232147874,51,5.158436298370361
gemma_t10_vs,232185112,51,4.706987380981445
gemma_t10_vs,232185275,51,4.209239482879639
gemma_t10_vs,232185425,51,3.5755038261413574
gemma_t10_vs,232185439,51,3.3143856525421143
gemma_t10_vs,232222189,51,5.380096435546875
gemma_t10_vs,232233408,51,4.977719783782959
gemma_t10_vs,232233599,51,3.767822742462158
gemma_t10_vs,232240181,51,4.611185073852539
gemma_t10_vs,232257699,51,4.045079708099365
gemma_t10_vs,232307006,51,3.2476062774658203
gemma_t10_vs,232307434,51,3.9342708587646484
gemma_t10_vs,232307483,51,4.058050632476807
gemma_t10_vs,232335602,51,6.5295090675354
gemma_t10_vs,232335863,51,2.761965274810791
gemma_t10_vs,232404131,51,3.9631216526031494
gemma_t10_vs,232478685,51,3.239630937576294
gemma_t10_vs,233004708,51,4.074003219604492
gemma_t10_vs,233033916,51,5.13528299331665
gemma_t10_vs,233189542,51,5.797530651092529
gemma_t10_vs,233189569,51,4.003367900848389
gemma_t10_vs,233204406,51,3.4142184257507324
gemma_t10_vs,233209848,51,3.869396209716797
gemma_t10_vs,233210110,51,4.279432773590088
gemma_t10_vs,233210195,51,3.799837112426758
gemma_t10_vs,233210199,51,3.90185546875
gemma_t10_vs,233210367,51,4.044068336486816
gemma_t10_vs,233210556,51,3.5769202709198
gemma_t10_vs,233219387,51,3.713865041732788
gemma_t10_vs,233219395,51,3.6757450103759766
gemma_t10_vs,233219660,51,3.946971893310547
gemma_t10_vs,233219933,51,3.200080156326294
gemma_t10_vs,233231453,51,4.641570091247559
gemma_t10_vs,233231592,51,4.672389030456543
gemma_t10_vs,233240744,51,3.355494260787964
gemma_t10_vs,233240759,51,3.8341264724731445
gemma_t10_vs,233240823,51,3.77140212059021
gemma_t10_vs,233241004,51,3.9873886108398438
gemma_t10_vs,233241070,51,4.639835834503174
gemma_t10_vs,233241169,51,5.564441204071045
gemma_t10_vs,233289620,51,5.6034393310546875
gemma_t10_vs,233289621,51,4.190196514129639
gemma_t10_vs,233289750,51,5.002845287322998
gemma_t10_vs,233296168,51,4.618484973907471
gemma_t10_vs,233296182,51,4.244602680206299
gemma_t10_vs,233296487,51,4.79039192199707
gemma_t10_vs,233296511,51,3.387380361557007
gemma_t10_vs,233296655,51,4.521365642547607
gemma_t10_vs,233296689,51,4.978933811187744
gemma_t10_vs,233296709,51,3.6549127101898193
gemma_t10_vs,233296775,51,3.8072240352630615
gemma_t10_vs,233297024,51,5.124447345733643
gemma_t10_vs,233304563,51,3.7324140071868896
gemma_t10_vs,233324564,51,4.83781623840332
gemma_t10_vs,233365172,51,5.505540370941162
gemma_t10_vs,233365339,51,3.5233380794525146
gemma_t10_vs,233423658,51,4.239569664001465
gemma_t10_vs,233444226,51,5.783837795257568
gemma_t10_vs,233481097,51,4.466468811035156
gemma_t10_vs,233864627,51,6.00791597366333
gemma_t10_vs,234334712,51,2.648621082305908
gemma_t10_vs,234335834,51,4.278646469116211
gemma_t10_vs,234337605,51,4.972332954406738
gemma_t10_vs,234341137,51,3.9278416633605957
gemma_t10_vs,234469638,51,3.265470266342163
gemma_t10_vs,234469858,51,5.414846420288086
gemma_t10_vs,234679287,51,3.8721790313720703
gemma_t10_vs,234679391,51,3.8035800457000732
gemma_t10_vs,234681504,51,3.854861259460449
gemma_t10_vs,234741719,51,5.417652606964111
gemma_t10_vs,234762936,51,4.734867572784424
gemma_t10_vs,234763248,51,3.376835346221924
gemma_t10_vs,234778136,51,3.9941065311431885
gemma_t10_vs,234790219,51,3.339273452758789
gemma_t10_vs,235097275,51,3.4962689876556396
gemma_t10_vs,235097294,51,4.272845268249512
gemma_t10_vs,235097313,51,4.280837059020996
gemma_t10_vs,235097561,51,3.664435625076294
gemma_t10_vs,235097625,51,3.8927712440490723
gemma_t10_vs,235097662,51,3.650867223739624
gemma_t10_vs,235125628,51,4.265243053436279
gemma_t10_vs,235166279,51,4.239558696746826
gemma_t10_vs,235166395,51,3.887075185775757
gemma_t10_vs,235166497,51,4.115246772766113
gemma_t10_vs,235187032,51,4.129431247711182
gemma_t10_vs,235196029,51,3.3339035511016846
gemma_t10_vs,235196067,51,3.731964111328125
gemma_t10_vs,235212088,51,4.948732852935791
gemma_t10_vs,235248187,51,3.1496078968048096
gemma_t10_vs,235253782,51,3.2613635063171387
gemma_t10_vs,235253912,51,3.2741196155548096
gemma_t10_vs,235254048,51,3.5248711109161377
gemma_t10_vs,235254574,51,4.050199031829834
gemma_t10_vs,235254732,51,5.010245323181152
gemma_t10_vs,235254796,51,2.989715099334717
gemma_t10_vs,235265858,51,4.170618534088135
gemma_t10_vs,235266233,51,3.28696870803833
gemma_t10_vs,235266322,51,6.283153057098389
gemma_t10_vs,235266324,51,3.7750275135040283
gemma_t10_vs,235293739,51,3.1958651542663574
gemma_t10_vs,235293774,51,3.512777805328369
gemma_t10_vs,235293802,51,3.062232494354248
gemma_t10_vs,235293967,51,4.444224834442139
gemma_t10_vs,235294002,51,4.954156875610352
gemma_t10_vs,235294081,51,3.4134278297424316
gemma_t10_vs,235294296,51,5.583351135253906
gemma_t10_vs,235313431,51,3.412130117416382
gemma_t10_vs,235313469,51,3.187739610671997
gemma_t10_vs,235313508,51,3.1744847297668457
gemma_t10_vs,235313546,51,3.3078348636627197
gemma_t10_vs,235313658,51,4.581010818481445
gemma_t10_vs,235313785,51,4.036263942718506
gemma_t10_vs,235313788,51,3.935856342315674
gemma_t10_vs,235313818,51,3.1086137294769287
gemma_t10_vs,235313879,51,4.364248275756836
gemma_t10_vs,235313916,51,4.36178731918335
gemma_t10_vs,235313996,51,4.476367473602295
gemma_t10_vs,235352646,51,4.441699028015137
gemma_t10_vs,235358130,51,5.244078636169434
gemma_t10_vs,235358897,51,4.296370506286621
gemma_t10_vs,235358955,51,3.780550956726074
gemma_t10_vs,235359141,51,4.2524333000183105
gemma_t10_vs,235364002,51,3.1952970027923584
gemma_t10_vs,235364036,51,4.098560810089111
gemma_t10_vs,235367681,51,4.412273406982422
gemma_t10_vs,235368202,51,3.4248030185699463
gemma_t10_vs,235390503,51,3.893237590789795
gemma_t10_vs,235391043,51,4.54838752746582
gemma_t10_vs,235415270,51,4.16298246383667
gemma_t10_vs,235417102,51,4.762702465057373
gemma_t10_vs,235417177,51,3.5484485626220703
gemma_t10_vs,235417503,51,4.141595840454102
gemma_t10_vs,235422047,51,3.555934429168701
gemma_t10_vs,235433328,51,3.5540523529052734
gemma_t10_vs,235446895,51,3.2866435050964355
gemma_t10_vs,235457983,51,3.3782968521118164
gemma_t10_vs,235458570,51,4.20422887802124
gemma_t10_vs,235458620,51,4.117672920227051
gemma_t10_vs,235458643,51,5.135540008544922
gemma_t10_vs,235485451,51,4.421652317047119
gemma_t10_vs,235490087,51,3.8268322944641113
gemma_t10_vs,235652287,51,4.364055156707764
gemma_t10_vs,235669861,51,4.459843635559082
gemma_t10_vs,235683062,51,4.62546968460083
gemma_t10_vs,235683485,51,4.9607038497924805
gemma_t10_vs,235694265,51,5.64185905456543
gemma_t10_vs,235720578,51,3.7220795154571533
gemma_t10_vs,235794968,51,3.454559803009033
gemma_t10_vs,235795670,51,3.3117101192474365
gemma_t10_vs,235828923,51,3.867579936981201
gemma_t10_vs,235828943,51,2.9373605251312256
gemma_t10_vs,235898896,51,4.58459997177124
gemma_t10_vs,236087808,51,3.7555644512176514
gemma_t10_vs,236171157,51,4.497891902923584
gemma_t10_vs,236428724,51,3.0749425888061523
gemma_t10_vs,236428961,51,3.206275701522827
gemma_t10_vs,236459819,51,4.43656587600708
gemma_t10_vs,236459826,51,3.5441396236419678
gemma_t10_vs,236459873,51,3.915628433227539
gemma_t10_vs,236459933,51,3.9887261390686035
gemma_t10_vs,236459946,51,3.351909637451172
gemma_t10_vs,236459953,51,5.364636421203613
gemma_t10_vs,236460001,51,3.5340819358825684
gemma_t10_vs,236460053,51,4.025900363922119
gemma_t10_vs,236460056,51,4.290404319763184
gemma_t10_vs,236460087,51,3.0145773887634277
gemma_t10_vs,236460102,51,4.243765354156494
gemma_t10_vs,236460230,51,3.333022356033325
gemma_t10_vs,236460239,51,4.136075019836426
gemma_t10_vs,236460257,51,4.137502670288086
gemma_t10_vs,236460275,51,5.192718029022217
gemma_t10_vs,236460302,51,4.831476211547852
gemma_t10_vs,236460322,51,3.30926775932312
gemma_t10_vs,236477365,51,3.2567453384399414
gemma_t10_vs,236477682,51,4.086564540863037
gemma_t10_vs,236477844,51,4.654344081878662
gemma_t10_vs,236477909,51,3.7769339084625244
gemma_t10_vs,236478188,51,3.760472536087036
gemma_t10_vs,236478383,51,4.497143745422363
gemma_t10_vs,236912915,51,4.666529178619385
gemma_t10_vs,236924832,51,4.89126443862915
gemma_t10_vs,236956577,51,4.788809776306152
gemma_t10_vs,237091377,51,3.155064105987549
gemma_t10_vs,237213465,51,3.547290086746216
gemma_t10_vs,237251782,51,4.085141658782959
gemma_t10_vs,237263305,51,4.435470104217529
gemma_t10_vs,237304047,51,4.538317680358887
gemma_t10_vs,237304067,51,5.115647792816162
gemma_t10_vs,237304520,51,2.6647307872772217
gemma_t10_vs,237346893,51,4.858262062072754
gemma_t10_vs,237346897,51,5.907957077026367
gemma_t10_vs,237347122,51,3.4019641876220703
gemma_t10_vs,237353665,51,3.3998045921325684
gemma_t10_vs,237365058,51,3.563075542449951
gemma_t10_vs,237386676,51,2.9252142906188965
gemma_t10_vs,237416760,51,4.017458915710449
gemma_t10_vs,237420398,51,3.2514467239379883
gemma_t10_vs,237420821,51,2.853440046310425
gemma_t10_vs,237421373,51,4.714316368103027
gemma_t10_vs,237431340,51,6.297117233276367
gemma_t10_vs,237433655,51,5.303356647491455
gemma_t10_vs,237439400,51,3.394319772720337
gemma_t10_vs,237440319,51,4.368167877197266
gemma_t10_vs,237442211,51,4.2361226081848145
gemma_t10_vs,237442331,51,6.9618330001831055
gemma_t10_vs,237452184,51,4.77599573135376
gemma_t10_vs,237452236,51,4.234438896179199
gemma_t10_vs,237453242,51,3.0886728763580322
gemma_t10_vs,237453543,51,3.2905426025390625
gemma_t10_vs,237453590,51,4.351577281951904
gemma_t10_vs,237454564,51,3.144268751144409
gemma_t10_vs,237485098,51,3.012129545211792
gemma_t10_vs,237485454,51,3.899632692337036
gemma_t10_vs,237485472,51,4.77349328994751
gemma_t10_vs,237485586,51,4.349663257598877
gemma_t10_vs,237490811,51,4.4193878173828125
gemma_t10_vs,237491053,51,5.398277759552002
gemma_t10_vs,237491444,51,3.476898670196533
gemma_t10_vs,237491751,51,4.915552139282227
gemma_t10_vs,237492043,51,2.9180662631988525
gemma_t10_vs,237492197,51,3.465426445007324
gemma_t10_vs,237500283,51,3.1943042278289795
gemma_t10_vs,237504105,51,3.492086410522461
gemma_t10_vs,237507028,51,5.951038360595703
gemma_t10_vs,237513360,51,3.9171032905578613
gemma_t10_vs,237532321,51,4.147347450256348
gemma_t10_vs,237532404,51,3.4724202156066895
gemma_t10_vs,237561567,51,5.716147422790527
gemma_t10_vs,237562875,51,3.358999013900757
gemma_t10_vs,237562927,51,4.440649032592773
gemma_t10_vs,237568724,51,4.711463928222656
gemma_t10_vs,237571370,51,2.5571186542510986
gemma_t10_vs,237571691,51,3.9797897338867188
gemma_t10_vs,237572304,51,4.5762810707092285
gemma_t10_vs,237581068,51,5.276494026184082
gemma_t10_vs,237698810,51,5.304717063903809
gemma_t10_vs,237940082,51,4.994572639465332
gemma_t10_vs,237940206,51,5.659084796905518
gemma_t10_vs,237940558,51,3.5257833003997803
gemma_t10_vs,238198104,51,3.3060872554779053
gemma_t10_vs,238198383,51,3.6695265769958496
gemma_t10_vs,238226978,51,4.526396751403809
gemma_t10_vs,238259221,51,3.1473278999328613
gemma_t10_vs,238259403,51,4.716916084289551
gemma_t10_vs,238634750,51,5.0999064445495605
gemma_t10_vs,238744497,51,3.3166310787200928
gemma_t10_vs,238856828,51,4.406365871429443
gemma_t10_vs,238856900,51,3.1853413581848145
gemma_t10_vs,238857078,51,3.893329620361328
gemma_t10_vs,238857121,51,4.534458160400391
gemma_t10_vs,238857301,51,4.914152145385742
gemma_t10_vs,238857304,51,4.4311699867248535
gemma_t10_vs,239009558,51,3.9004735946655273
gemma_t10_vs,239009606,51,4.338193416595459
gemma_t10_vs,239015827,51,4.255802154541016
gemma_t10_vs,239015946,51,5.347666263580322
gemma_t10_vs,239016123,51,6.195629119873047
gemma_t10_vs,239016717,51,3.691204071044922
gemma_t10_vs,239016893,51,3.8387999534606934
gemma_t10_vs,239049842,51,3.888073444366455
gemma_t10_vs,240225648,51,4.6743574142456055
gemma_t10_vs,240288892,51,5.188652038574219
gemma_t10_vs,241032941,51,4.649932861328125
gemma_t10_vs,241033259,51,5.071954727172852
gemma_t10_vs,241583340,51,3.717956066131592
gemma_t10_vs,241583576,51,3.0312843322753906
gemma_t10_vs,243865127,51,2.8629398345947266
gemma_t10_vs,243865204,51,3.7722928524017334
gemma_t10_vs,243865235,51,4.149684429168701
gemma_t10_vs,243865296,51,2.885390043258667
gemma_t10_vs,243865314,51,3.9324159622192383
gemma_t10_vs,243865355,51,4.1996541023254395
gemma_t10_vs,243865391,51,4.669047832489014
gemma_t10_vs,243865395,51,3.3579092025756836
gemma_t10_vs,243865399,51,5.108814716339111
gemma_t10_vs,244117167,51,3.8433828353881836
gemma_t10_vs,244909056,51,4.457737445831299
gemma_t10_vs,245124270,51,3.9057834148406982
gemma_t10_vs,245130931,51,7.507521629333496
gemma_t10_vs,245131402,51,3.7907276153564453
gemma_t10_vs,245144752,51,3.273435592651367
gemma_t10_vs,245218563,51,3.5534465312957764
gemma_t10_vs,245218671,51,6.817253589630127
gemma_t10_vs,245218982,51,4.025998592376709
gemma_t10_vs,245219268,51,3.7912871837615967
gemma_t10_vs,245219282,51,5.167582035064697
gemma_t10_vs,245334784,51,3.7823290824890137
gemma_t10_vs,245836939,51,4.152136325836182
gemma_t10_vs,245853756,51,3.8539066314697266
gemma_t10_vs,245855870,51,4.149641990661621
gemma_t10_vs,246016271,51,3.986029624938965
gemma_t10_vs,246017095,51,3.1884355545043945
gemma_t10_vs,246063436,51,3.624819278717041
gemma_t10_vs,246867373,51,3.8330130577087402
gemma_t10_vs,247158838,51,4.728641986846924
gemma_t10_vs,247159046,51,4.670469760894775
gemma_t10_vs,247187588,51,3.8039426803588867
gemma_t10_vs,247222710,51,3.2710647583007812
gemma_t10_vs,247291740,51,2.9431254863739014
gemma_t10_vs,247315166,51,4.262243747711182
gemma_t10_vs,247315260,51,3.8132972717285156
gemma_t10_vs,247362971,51,4.097728729248047
gemma_t10_vs,247411350,51,3.049520492553711
gemma_t10_vs,247446572,51,4.421863555908203
gemma_t10_vs,247446894,51,3.341165781021118
gemma_t10_vs,247447662,51,4.898663520812988
gemma_t10_vs,247450580,51,2.518584966659546
gemma_t10_vs,247450969,51,4.46331787109375
gemma_t10_vs,247451025,51,3.9570510387420654
gemma_t10_vs,247451243,51,3.3262290954589844
gemma_t10_vs,247475919,51,7.02597713470459
gemma_t10_vs,247518984,51,3.6116459369659424
gemma_t10_vs,247519084,51,5.113968372344971
gemma_t10_vs,247593812,51,2.993969202041626
gemma_t10_vs,247594302,51,4.832151412963867
gemma_t10_vs,247594716,51,4.306369304656982
gemma_t10_vs,247594869,51,2.8923392295837402
gemma_t10_vs,247595094,51,3.6379165649414062
gemma_t10_vs,247595225,51,3.7821109294891357
gemma_t10_vs,247596835,51,3.6906068325042725
gemma_t10_vs,247748640,51,3.1503469944000244
gemma_t10_vs,247748753,51,4.5894775390625
gemma_t10_vs,247748809,51,5.60018253326416
gemma_t10_vs,247762948,51,4.769054889678955
gemma_t10_vs,247792843,51,3.4722530841827393
gemma_t10_vs,247849293,51,4.229773044586182
gemma_t10_vs,247958465,51,4.898383140563965
gemma_t10_vs,248069378,51,4.25404167175293
gemma_t10_vs,248085045,51,4.386087417602539
gemma_t10_vs,248118588,51,3.9202921390533447
gemma_t10_vs,248118703,51,3.807478666305542
gemma_t10_vs,248157348,51,3.7312169075012207
gemma_t10_vs,248227577,51,3.5689680576324463
gemma_t10_vs,248227660,51,4.027771949768066
gemma_t10_vs,248239933,51,4.032607078552246
gemma_t10_vs,248377325,51,5.423129558563232
gemma_t10_vs,248377585,51,2.796241283416748
gemma_t10_vs,248406097,51,5.083944797515869
gemma_t10_vs,248427016,51,3.2770297527313232
gemma_t10_vs,248476156,51,4.40504264831543
gemma_t10_vs,248512779,51,4.02870512008667
gemma_t10_vs,248524999,51,3.918844699859619
gemma_t10_vs,248721950,51,3.585577964782715
gemma_t10_vs,248779865,51,6.584494113922119
gemma_t10_vs,248780015,51,3.323895215988159
gemma_t10_vs,248780118,51,3.326786756515503
gemma_t10_vs,248780173,51,3.883145809173584
gemma_t10_vs,248780372,51,3.4251017570495605
gemma_t10_vs,248780440,51,3.9447596073150635
gemma_t10_vs,248780469,51,3.489325761795044
gemma_t10_vs,248780517,51,3.2148303985595703
gemma_t10_vs,248811704,51,3.5481433868408203
gemma_t10_vs,248888019,51,2.9440743923187256
gemma_t10_vs,248962000,51,2.6317219734191895
gemma_t10_vs,248987526,51,4.092573165893555
gemma_t10_vs,249062699,51,5.361054420471191
gemma_t10_vs,249062866,51,4.988150119781494
gemma_t10_vs,249151979,51,4.2725348472595215
gemma_t10_vs,249172784,51,3.117465019226074
gemma_t10_vs,249209909,51,3.64935302734375
gemma_t10_vs,249240598,51,3.271336317062378
gemma_t10_vs,249687727,51,4.541872978210449
gemma_t10_vs,250311114,51,5.273532390594482
gemma_t10_vs,250390839,51,2.840235471725464
gemma_t10_vs,250390923,51,3.7882285118103027
gemma_t10_vs,251765463,51,4.2742156982421875
gemma_t10_vs,252089779,51,5.9003472328186035
gemma_t10_vs,252439211,51,2.8731603622436523
gemma_t10_vs,252693442,51,3.815972328186035
gemma_t10_vs,252735160,51,4.11068868637085
gemma_t10_vs,252735212,51,4.397305965423584
gemma_t10_vs,252762414,51,3.1160271167755127
gemma_t10_vs,252780775,51,4.201274394989014
gemma_t10_vs,252815378,51,3.427971839904785
gemma_t10_vs,252846273,51,3.920055866241455
gemma_t10_vs,252873593,51,4.6286234855651855
gemma_t10_vs,252907428,51,4.431021213531494
gemma_t10_vs,252967945,51,3.6839537620544434
gemma_t10_vs,252992571,51,3.243165969848633
gemma_t10_vs,253018348,51,2.935372829437256
gemma_t10_vs,253097741,51,3.303579330444336
gemma_t10_vs,253098632,51,4.004745960235596
gemma_t10_vs,253107167,51,3.075683355331421
gemma_t10_vs,253157899,51,3.495504856109619
gemma_t10_vs,253224433,51,4.54862117767334
gemma_t10_vs,253237701,51,4.148878574371338
gemma_t10_vs,253244049,51,5.970874309539795
gemma_t10_vs,253420743,51,4.1692986488342285
gemma_t10_vs,253447251,51,3.1180224418640137
gemma_t10_vs,253510953,51,4.245615005493164
gemma_t10_vs,253735139,51,3.988870620727539
gemma_t10_vs,253762071,51,3.887378454208374
gemma_t10_vs,254275120,51,3.2951440811157227
gemma_t10_vs,254591242,51,4.729345321655273
gemma_t10_vs,254686088,51,3.5796058177948
gemma_t10_vs,254823156,51,3.4782605171203613
gemma_t10_vs,254854009,51,3.2281899452209473
gemma_t10_vs,254854257,51,3.3105556964874268
gemma_t10_vs,254854495,51,5.244186878204346
gemma_t10_vs,254877229,51,3.678056240081787
gemma_t10_vs,254877371,51,3.6658990383148193
gemma_t10_vs,254877569,51,4.050887107849121
gemma_t10_vs,254877590,51,4.865741729736328
gemma_t10_vs,256461033,51,4.1394572257995605
gemma_t10_vs,257365015,51,4.951597690582275
gemma_t10_vs,257833897,51,4.099920749664307
gemma_t10_vs,258352678,51,4.585509300231934
gemma_t10_vs,258378275,51,5.030506610870361
gemma_t10_vs,258480165,51,4.199016094207764
gemma_t10_vs,258547173,51,4.942933082580566
gemma_t10_vs,258762343,51,3.3925347328186035
gemma_t10_vs,258822870,51,4.533746719360352
gemma_t10_vs,258832427,51,4.893914222717285
gemma_t10_vs,258865558,51,3.571523666381836
gemma_t10_vs,258887946,51,3.057572841644287
gemma_t10_vs,258947457,51,4.470245838165283
gemma_t10_vs,258967265,51,4.636031627655029
gemma_t10_vs,259251773,51,3.972968339920044
gemma_t10_vs,259370700,51,4.523762226104736
gemma_t10_vs,259370817,51,4.363035678863525
gemma_t10_vs,259370847,51,4.232120037078857
gemma_t10_vs,259847758,51,5.124796390533447
gemma_t10_vs,260316324,51,3.7048163414001465
gemma_t10_vs,260490640,51,4.351574420928955
gemma_t10_vs,260537993,51,3.5214552879333496
gemma_t10_vs,260557571,51,4.049994945526123
gemma_t10_vs,260704223,51,4.415886878967285
gemma_t10_vs,261432085,51,3.8527424335479736
gemma_t10_vs,263266654,51,4.389617443084717
gemma_t10_vs,263334529,51,4.080476760864258
gemma_t10_vs,263610040,51,4.8194074630737305
gemma_t10_vs,263797079,51,2.4396111965179443
gemma_t10_vs,263797641,51,3.9065494537353516
gemma_t10_vs,263864711,51,4.48490047454834
gemma_t10_vs,263876556,51,4.138411998748779
gemma_t10_vs,263877300,51,4.627504348754883
gemma_t10_vs,263883914,51,3.4611780643463135
gemma_t10_vs,263883936,51,3.5966155529022217
gemma_t10_vs,264147090,51,5.039832592010498
gemma_t10_vs,264591429,51,7.432432651519775
gemma_t10_vs,264719695,51,7.159495830535889
gemma_t10_vs,265067269,51,3.5715384483337402
gemma_t10_vs,265157516,51,5.352207183837891
gemma_t10_vs,265157884,51,4.651289463043213
gemma_t10_vs,265212821,51,3.825732707977295
gemma_t10_vs,265221210,51,4.469507217407227
gemma_t10_vs,265607943,51,3.17501163482666
gemma_t10_vs,265608038,51,3.953528881072998
gemma_t10_vs,265608057,51,3.1955764293670654
gemma_t10_vs,265962751,51,6.629235744476318
gemma_t10_vs,268357635,51,4.902804374694824
gptoss,543,51,3.1883952617645264
gptoss,1105,51,5.389603614807129
gptoss,1587,51,3.176065683364868
gptoss,17355,51,3.1266112327575684
gptoss,20744,51,3.7613017559051514
gptoss,39011,51,3.3531315326690674
gptoss,41263,51,3.870401382446289
gptoss,61274,51,3.035478115081787
gptoss,89639,51,3.6534171104431152
gptoss,92327,51,3.2944836616516113
gptoss,94285,51,4.015715599060059
gptoss,96824,51,4.059342861175537
gptoss,106054,51,4.799960613250732
gptoss,115174,51,4.99125337600708
gptoss,122829,51,2.523714780807495
gptoss,126584,51,2.5446391105651855
gptoss,133195,51,3.810431480407715
gptoss,138716,51,3.1230123043060303
gptoss,139787,51,3.153557300567627
gptoss,141282,51,3.3272101879119873
gptoss,142368,51,2.5705292224884033
gptoss,146843,51,3.4538252353668213
gptoss,151184,51,3.1041626930236816
gptoss,162169,51,2.4440603256225586
gptoss,173611,51,2.7568557262420654
gptoss,203279,51,3.2035281658172607
gptoss,207468,51,4.4170355796813965
gptoss,217895,51,2.752148389816284
gptoss,220553,51,2.6501247882843018
gptoss,223637,51,3.8830959796905518
gptoss,230735,51,3.662257432937622
gptoss,235645,51,2.5070505142211914
gptoss,247735,51,3.43302845954895
gptoss,256149,51,2.9718258380889893
gptoss,259144,51,4.423846244812012
gptoss,306227,51,4.24993896484375
gptoss,326903,51,4.08158016204834
gptoss,337390,51,3.929440975189209
gptoss,338760,51,2.845592498779297
gptoss,340852,51,3.4100375175476074
gptoss,384520,51,3.664128065109253
gptoss,406026,51,3.047396183013916
gptoss,414569,51,3.545680522918701
gptoss,437687,51,3.071566104888916
gptoss,441563,51,3.4921622276306152
gptoss,472478,51,3.1323306560516357
gptoss,497108,51,3.977508783340454
gptoss,524450,51,3.827126979827881
gptoss,557620,51,3.304924249649048
gptoss,560565,51,3.2585036754608154
gptoss,574574,51,3.3256123065948486
gptoss,577805,51,4.2412638664245605
gptoss,600412,51,4.895536422729492
gptoss,605706,51,3.3071136474609375
gptoss,617993,51,4.089176177978516
gptoss,630188,51,3.3515939712524414
gptoss,631855,51,4.293639659881592
gptoss,652921,51,3.1844637393951416
gptoss,687037,51,2.819453477859497
gptoss,696805,51,3.522313356399536
gptoss,725590,51,4.253044605255127
gptoss,744471,51,3.16206693649292
gptoss,747342,51,3.4704067707061768
gptoss,767485,51,3.0866096019744873
gptoss,836219,51,4.443118572235107
gptoss,842881,51,5.604657173156738
gptoss,845121,51,2.613384962081909
gptoss,857321,51,3.099973201751709
gptoss,862713,51,3.8901724815368652
gptoss,870211,51,3.7120392322540283
gptoss,881437,51,3.1860928535461426
gptoss,905565,51,4.253810405731201
gptoss,930231,51,3.4638843536376953
gptoss,931054,51,2.99505877494812
gptoss,940795,51,3.721835136413574
gptoss,950358,51,2.3861021995544434
gptoss,955518,51,3.4182372093200684
gptoss,969555,51,5.954164028167725
gptoss,989439,51,3.437623977661133
gptoss,1040556,51,3.749708414077759
gptoss,1044865,51,3.2580182552337646
gptoss,1066490,51,3.6897263526916504
gptoss,1077383,51,3.4695539474487305
gptoss,1104123,51,4.247819900512695
gptoss,1117579,51,4.053032398223877
gptoss,1125916,51,3.332609176635742
gptoss,1137329,51,3.8306081295013428
gptoss,1139225,51,2.7636332511901855
gptoss,1139492,51,3.077651023864746
gptoss,1234375,51,3.364819049835205
gptoss,1240016,51,2.157686948776245
gptoss,1254267,51,4.237674236297607
gptoss,1260035,51,4.736166477203369
gptoss,1267472,51,2.5344486236572266
gptoss,1269020,51,2.7083091735839844
gptoss,1311547,51,2.8665549755096436
gptoss,1336493,51,3.5890424251556396
gptoss,1356505,51,3.2864460945129395
gptoss,1389483,51,4.135793209075928
gptoss,1434196,51,2.8978469371795654
gptoss,1499080,51,3.2283856868743896
gptoss,1508909,51,3.7196903228759766
gptoss,1511192,51,3.4504261016845703
gptoss,1541076,51,3.8251094818115234
gptoss,1553193,51,4.436422348022461
gptoss,1563223,51,4.356387615203857
gptoss,1564278,51,3.462759017944336
gptoss,1567400,51,3.0106122493743896
gptoss,1570443,51,3.092832565307617
gptoss,1642392,51,3.1431071758270264
gptoss,1662415,51,3.8899433612823486
gptoss,1675452,51,3.083751678466797
gptoss,1689426,51,3.838313579559326
gptoss,1707814,51,4.670141220092773
gptoss,1762731,51,5.0281267166137695
gptoss,1766244,51,3.9161360263824463
gptoss,1770102,51,3.556664228439331
gptoss,1774259,51,4.3276472091674805
gptoss,1828592,51,2.9775900840759277
gptoss,1828713,51,3.8058972358703613
gptoss,1848109,51,2.9799234867095947
gptoss,1854889,51,3.8054592609405518
gptoss,1862889,51,2.6853599548339844
gptoss,1880070,51,3.787992477416992
gptoss,1919756,51,3.6745851039886475
gptoss,1929239,51,4.491368293762207
gptoss,1966079,51,3.69416880607605
gptoss,1969767,51,4.884305477142334
gptoss,1992250,51,3.1966238021850586
gptoss,2012188,51,3.048520565032959
gptoss,2021980,51,4.680789947509766
gptoss,2061169,51,3.956542491912842
gptoss,2061341,51,3.724443197250366
gptoss,2131938,51,3.8948185443878174
gptoss,2140766,51,3.7770535945892334
gptoss,2146847,51,6.268136978149414
gptoss,2159818,51,5.118337154388428
gptoss,2162648,51,3.5231616497039795
gptoss,2162860,51,3.4320027828216553
gptoss,2201909,51,3.5663113594055176
gptoss,2204603,51,3.457838773727417
gptoss,2204967,51,3.5189666748046875
gptoss,2213896,51,3.586749792098999
gptoss,2216180,51,2.0928893089294434
gptoss,2228719,51,4.260936737060547
gptoss,2233498,51,3.3823986053466797
gptoss,2250656,51,2.90159273147583
gptoss,2267179,51,3.261669874191284
gptoss,2271146,51,2.880855083465576
gptoss,2302492,51,3.4056246280670166
gptoss,2303379,51,3.539778709411621
gptoss,2317858,51,3.3563191890716553
gptoss,2318481,51,4.413762092590332
gptoss,2325074,51,3.3292739391326904
gptoss,2334067,51,3.2240540981292725
gptoss,2367456,51,3.5761489868164062
gptoss,2380086,51,3.410633087158203
gptoss,2390655,51,2.9198129177093506
gptoss,2418468,51,4.422585487365723
gptoss,2425494,51,3.695159673690796
gptoss,2426309,51,3.4920167922973633
gptoss,2434362,51,2.984163999557495
gptoss,2454882,51,3.447676420211792
gptoss,2493033,51,2.7464423179626465
gptoss,2496355,51,3.905776262283325
gptoss,2556949,51,5.224835395812988
gptoss,2574224,51,3.0511932373046875
gptoss,2592133,51,3.7581419944763184
gptoss,2593903,51,3.43170428276062
gptoss,2597568,51,3.860156297683716
gptoss,2623009,51,3.668163776397705
gptoss,2625301,51,3.41340970993042
gptoss,2654931,51,3.2883455753326416
gptoss,2717698,51,4.907144069671631
gptoss,2742513,51,4.119956970214844
gptoss,2760254,51,3.8173885345458984
gptoss,2782776,51,3.69242787361145
gptoss,2783746,51,5.085077285766602
gptoss,2790679,51,3.9987521171569824
gptoss,2797612,51,3.5453171730041504
gptoss,2812117,51,3.5088508129119873
gptoss,2816661,51,4.031186103820801
gptoss,2820782,51,4.395017147064209
gptoss,2839348,51,3.4148900508880615
gptoss,2844066,51,3.4543235301971436
gptoss,2867243,51,4.309466361999512
gptoss,2868247,51,2.940762996673584
gptoss,2882092,51,3.593625783920288
gptoss,2887257,51,3.3516478538513184
gptoss,2897037,51,2.5207808017730713
gptoss,2905151,51,2.4915127754211426
gptoss,2937095,51,4.498707294464111
gptoss,2944650,51,3.3133554458618164
gptoss,2948298,51,3.240018606185913
gptoss,2952144,51,4.37985372543335
gptoss,2973141,51,2.630378484725952
gptoss,2986205,51,3.134497880935669
gptoss,2990483,51,3.000502824783325
gptoss,3016990,51,4.654289722442627
gptoss,3033303,51,2.937635660171509
gptoss,3051772,51,4.948606491088867
gptoss,3063394,51,2.9639105796813965
gptoss,3065236,51,3.3510961532592773
gptoss,3083231,51,3.0066676139831543
gptoss,3089175,51,2.68217396736145
gptoss,3101865,51,4.182505130767822
gptoss,3127682,51,4.946470737457275
gptoss,3130692,51,4.306363582611084
gptoss,3132651,51,4.484561443328857
gptoss,3144258,51,4.11948299407959
gptoss,3160937,51,3.4599459171295166
gptoss,3202289,51,4.246891021728516
gptoss,3221856,51,3.55644154548645
gptoss,3222040,51,2.9456918239593506
gptoss,3257353,51,5.015058994293213
gptoss,3262717,51,3.121682643890381
gptoss,3265924,51,4.677314281463623
gptoss,3274110,51,3.95224928855896
gptoss,3278107,51,3.634819746017456
gptoss,3282953,51,3.471820592880249
gptoss,3291104,51,2.8856945037841797
gptoss,3295641,51,4.263016700744629
gptoss,3351788,51,3.180692434310913
gptoss,3401524,51,3.5210306644439697
gptoss,3413244,51,3.805192708969116
gptoss,3426453,51,3.4824743270874023
gptoss,3438497,51,5.185178756713867
gptoss,3504755,51,3.3901891708374023
gptoss,3510042,51,3.3293652534484863
gptoss,3514435,51,3.792584180831909
gptoss,3526062,51,3.4533047676086426
gptoss,3526501,51,3.0354645252227783
gptoss,3527244,51,4.463103294372559
gptoss,3527842,51,4.221951484680176
gptoss,3536005,51,3.2519211769104004
gptoss,3555187,51,3.1412672996520996
gptoss,3565485,51,3.0027658939361572
gptoss,3576631,51,3.3333239555358887
gptoss,3598758,51,3.6227660179138184
gptoss,3623373,51,2.9579741954803467
gptoss,3641676,51,4.377984523773193
gptoss,3656086,51,2.951298475265503
gptoss,3662564,51,3.696892023086548
gptoss,3666937,51,3.217836618423462
gptoss,3677429,51,4.199375629425049
gptoss,3718988,51,4.446045398712158
gptoss,3792324,51,3.474341630935669
gptoss,3806582,51,3.7892792224884033
gptoss,3882054,51,3.8201119899749756
gptoss,3896491,51,3.4064393043518066
gptoss,3913537,51,4.472015380859375
gptoss,3932228,51,2.834136486053467
gptoss,3933075,51,3.1172406673431396
gptoss,4248450,51,2.4725453853607178
gptoss,4310945,51,3.225863456726074
gptoss,4311707,51,2.561507225036621
gptoss,4354069,51,2.2032155990600586
gptoss,4406182,51,3.6877522468566895
gptoss,4411469,51,4.307079315185547
gptoss,4460159,51,3.2009503841400146
gptoss,4547415,51,4.414913654327393
gptoss,4588148,51,4.720807075500488
gptoss,4623739,51,4.661223888397217
gptoss,4654482,51,3.1164824962615967
gptoss,4698173,51,3.6715006828308105
gptoss,4702087,51,3.2991816997528076
gptoss,4715568,51,4.1681599617004395
gptoss,4732544,51,2.862114191055298
gptoss,4792796,51,3.1551058292388916
gptoss,4829361,51,4.124845027923584
gptoss,4859003,51,3.2106876373291016
gptoss,4891749,51,2.8908238410949707
gptoss,4894130,51,2.7615842819213867
gptoss,4895939,51,3.3591411113739014
gptoss,4899062,51,3.4154775142669678
gptoss,4929974,51,3.174471139907837
gptoss,4936344,51,3.8187901973724365
gptoss,4942335,51,3.6986618041992188
gptoss,4948322,51,5.509095191955566
gptoss,4953145,51,2.7461979389190674
gptoss,4956100,51,4.0349931716918945
gptoss,4957155,51,3.493077039718628
gptoss,4975368,51,3.97841739654541
gptoss,4981128,51,3.072967529296875
gptoss,5001921,51,2.864748001098633
gptoss,5013006,51,4.506559371948242
gptoss,5016370,51,3.133840322494507
gptoss,5019682,51,4.609386920928955
gptoss,5020278,51,3.2500298023223877
gptoss,5033484,51,3.4690535068511963
gptoss,5053850,51,3.1339612007141113
gptoss,5062433,51,4.056074619293213
gptoss,5066019,51,3.8030056953430176
gptoss,5068376,51,2.1533031463623047
gptoss,5068554,51,2.9483320713043213
gptoss,5068596,51,4.321135520935059
gptoss,5071138,51,3.882596492767334
gptoss,5073886,51,3.851597309112549
gptoss,5092868,51,2.814772605895996
gptoss,5112038,51,3.4724321365356445
gptoss,5118729,51,3.9942448139190674
gptoss,5125975,51,2.5960512161254883
gptoss,5163433,51,5.458556175231934
gptoss,5165773,51,3.7412798404693604
gptoss,5165854,51,3.6471736431121826
gptoss,5187426,51,3.0119078159332275
gptoss,5191821,51,3.025273323059082
gptoss,5204434,51,3.2179489135742188
gptoss,5213476,51,3.1177351474761963
gptoss,5234044,51,3.4445247650146484
gptoss,5241137,51,4.2714619636535645
gptoss,5247929,51,2.891728639602661
gptoss,5252401,51,3.5128040313720703
gptoss,5252952,51,4.921784400939941
gptoss,5267356,51,2.8508336544036865
gptoss,5403702,51,3.5474627017974854
gptoss,5410083,51,3.0129992961883545
gptoss,5462493,51,2.7012360095977783
gptoss,5509911,51,3.312091827392578
gptoss,5519060,51,4.024236679077148
gptoss,5535381,51,4.694303035736084
gptoss,5557854,51,3.853745460510254
gptoss,5591459,51,5.750464916229248
gptoss,5617603,51,2.714630603790283
gptoss,5628616,51,4.620672702789307
gptoss,5632184,51,3.011136770248413
gptoss,5636935,51,3.455366849899292
gptoss,5649853,51,3.070330858230591
gptoss,5673925,51,3.6048543453216553
gptoss,5729159,51,3.2503323554992676
gptoss,5737359,51,2.4975340366363525
gptoss,5740960,51,4.3304443359375
gptoss,5761781,51,4.077650547027588
gptoss,5776384,51,3.1074440479278564
gptoss,5779419,51,2.6020894050598145
gptoss,5802667,51,3.4130218029022217
gptoss,5815755,51,4.129426002502441
gptoss,5816303,51,2.9727814197540283
gptoss,5818711,51,3.7098560333251953
gptoss,5821457,51,3.4151694774627686
gptoss,5825949,51,4.033432960510254
gptoss,5859332,51,2.4705610275268555
gptoss,5968971,51,4.3697733879089355
gptoss,5993783,51,2.5371806621551514
gptoss,6008960,51,4.797633647918701
gptoss,6118285,51,2.4519119262695312
gptoss,6157828,51,3.9095711708068848
gptoss,6183556,51,3.0027527809143066
gptoss,6197592,51,3.7463395595550537
gptoss,6206777,51,2.5241856575012207
gptoss,6222768,51,4.404273509979248
gptoss,6235360,51,3.091705560684204
gptoss,6237722,51,3.3806543350219727
gptoss,6246116,51,3.5999722480773926
gptoss,6246996,51,3.7903034687042236
gptoss,6249194,51,3.722817897796631
gptoss,6263378,51,3.171318292617798
gptoss,6278207,51,2.9645750522613525
gptoss,6311642,51,3.5560178756713867
gptoss,6359641,51,3.745812177658081
gptoss,6360322,51,4.742563724517822
gptoss,6364632,51,2.7384533882141113
gptoss,6380915,51,3.152229070663452
gptoss,6397026,51,2.442438840866089
gptoss,6428039,51,2.774848699569702
gptoss,6430837,51,3.39823842048645
gptoss,6441832,51,3.165910243988037
gptoss,6452487,51,3.3113834857940674
gptoss,6453515,51,3.278778314590454
gptoss,6468765,51,3.349513053894043
gptoss,6506243,51,5.548507213592529
gptoss,6508854,51,3.193082571029663
gptoss,6529193,51,4.279622554779053
gptoss,6532096,51,2.8573074340820312
gptoss,6540287,51,3.940335988998413
gptoss,6541910,51,3.9909262657165527
gptoss,6551751,51,4.304910182952881
gptoss,6561519,51,3.5933985710144043
gptoss,6618571,51,3.700608253479004
gptoss,6627923,51,3.866091251373291
gptoss,6660863,51,3.7059342861175537
gptoss,6666052,51,3.3099184036254883
gptoss,6683636,51,3.4914138317108154
gptoss,6713076,51,4.383469104766846
gptoss,6728280,51,2.942833185195923
gptoss,6737909,51,3.7701051235198975
gptoss,6772589,51,2.782400131225586
gptoss,6797800,51,3.2359821796417236
gptoss,6803340,51,3.2960190773010254
gptoss,6879481,51,2.0812923908233643
gptoss,6881637,51,2.7851576805114746
gptoss,6922426,51,2.699226140975952
gptoss,6981674,51,3.579672336578369
gptoss,7013414,51,2.256376028060913
gptoss,7074119,51,3.7568109035491943
gptoss,7100502,51,3.0481388568878174
gptoss,7139779,51,3.7221271991729736
gptoss,7146903,51,5.331622123718262
gptoss,7172294,51,4.8451247215271
gptoss,7182393,51,2.7977287769317627
gptoss,7197241,51,3.8390581607818604
gptoss,7197724,51,2.977778196334839
gptoss,7212585,51,3.0963282585144043
gptoss,7218315,51,4.2250518798828125
gptoss,7294125,51,3.1864888668060303
gptoss,7294316,51,4.174148082733154
gptoss,7311195,51,3.686657190322876
gptoss,7397938,51,4.374561309814453
gptoss,7403346,51,4.658419132232666
gptoss,7410732,51,2.84557843208313
gptoss,7413367,51,3.4627773761749268
gptoss,7417943,51,3.2082083225250244
gptoss,7421176,51,3.334099769592285
gptoss,7454072,51,3.126544237136841
gptoss,7473831,51,3.156740427017212
gptoss,7475429,51,3.9736948013305664
gptoss,7490434,51,3.3524529933929443
gptoss,7497218,51,2.7491438388824463
gptoss,7499734,51,3.170116901397705
gptoss,7516595,51,2.904324531555176
gptoss,7557552,51,4.3385748863220215
gptoss,7617879,51,4.078691482543945
gptoss,7658338,51,3.7346668243408203
gptoss,7663461,51,6.105381011962891
gptoss,7665329,51,2.989147663116455
gptoss,7680936,51,3.1693313121795654
gptoss,7699280,51,3.1157453060150146
gptoss,7708374,51,3.2125120162963867
gptoss,7752968,51,2.8859951496124268
gptoss,7785983,51,4.540118217468262
gptoss,7819714,51,3.302332878112793
gptoss,7890036,51,6.183931827545166
gptoss,7988167,51,3.453671932220459
gptoss,8008954,51,3.049102306365967
gptoss,8012781,51,2.8073742389678955
gptoss,8021351,51,3.3476219177246094
gptoss,8031974,51,3.684410810470581
gptoss,8052901,51,3.0156209468841553
gptoss,8066499,51,3.0320045948028564
gptoss,8198608,51,3.449069023132324
gptoss,8202418,51,4.305499076843262
gptoss,8229552,51,4.080585956573486
gptoss,8280711,51,2.857694387435913
gptoss,8387007,51,3.2274584770202637
gptoss,8395799,51,3.7119240760803223
gptoss,8523995,51,3.0926127433776855
gptoss,8528301,51,2.8486828804016113
gptoss,8586038,51,3.4012513160705566
gptoss,8677917,51,3.5766751766204834
gptoss,8723181,51,2.968064546585083
gptoss,8723311,51,3.5939486026763916
gptoss,8821211,51,2.939329147338867
gptoss,8940645,51,3.542665719985962
gptoss,9124334,51,3.182863235473633
gptoss,9134916,51,3.717118263244629
gptoss,9135033,51,2.723320484161377
gptoss,9137624,51,2.7625670433044434
gptoss,9163756,51,3.1873579025268555
gptoss,9164793,51,3.022151231765747
gptoss,9187880,51,3.7035436630249023
gptoss,9192723,51,3.418356418609619
gptoss,9197196,51,3.8745083808898926
gptoss,9205021,51,4.984313488006592
gptoss,9251622,51,2.910133123397827
gptoss,9268430,51,4.502202987670898
gptoss,9285053,51,3.8400800228118896
gptoss,9340391,51,4.46828556060791
gptoss,9345583,51,3.072838068008423
gptoss,9385494,51,3.364027976989746
gptoss,9387600,51,3.58233904838562
gptoss,9397697,51,4.896938800811768
gptoss,9471817,51,3.6562259197235107
gptoss,9471964,51,5.794598579406738
gptoss,9483510,51,3.1404428482055664
gptoss,9524495,51,3.7741100788116455
gptoss,9591035,51,3.13219952583313
gptoss,9615470,51,4.000791072845459
gptoss,9626793,51,3.027064323425293
gptoss,9662636,51,3.624272108078003
gptoss,9700115,51,3.686156749725342
gptoss,9711750,51,3.7798163890838623
gptoss,9737200,51,4.293384552001953
gptoss,9751546,51,3.1006832122802734
gptoss,9752897,51,3.48311710357666
gptoss,9767487,51,2.7030630111694336
gptoss,9768369,51,3.6083672046661377
gptoss,9778036,51,2.9559435844421387
gptoss,9818013,51,5.32960844039917
gptoss,9884935,51,3.5633373260498047
gptoss,9917468,51,2.738032817840576
gptoss,9963298,51,3.236990451812744
gptoss,10076790,51,4.279290199279785
gptoss,10103200,51,4.129842281341553
gptoss,10135300,51,3.9401376247406006
gptoss,10186140,51,3.603501558303833
gptoss,10202504,51,3.4953269958496094
gptoss,10281325,51,3.9695756435394287
gptoss,10348155,51,3.3293495178222656
gptoss,10361075,51,4.666519641876221
gptoss,10366378,51,3.5309362411499023
gptoss,10367294,51,3.8435235023498535
gptoss,10401980,51,2.6245925426483154
gptoss,10436313,51,3.167156457901001
gptoss,10480989,51,4.1833271980285645
gptoss,10494183,51,3.197892427444458
gptoss,10509498,51,3.088637351989746
gptoss,10523208,51,3.0468459129333496
gptoss,10573012,51,3.4313294887542725
gptoss,10606201,51,4.053727626800537
gptoss,10643243,51,2.504042387008667
gptoss,10649571,51,3.777151584625244
gptoss,10691183,51,4.606021881103516
gptoss,10728540,51,4.829165935516357
gptoss,10898149,51,4.105302810668945
gptoss,10913456,51,3.8998961448669434
gptoss,11004224,51,2.7460882663726807
gptoss,11022639,51,4.092563152313232
gptoss,11054023,51,3.4527227878570557
gptoss,11074539,51,4.229101657867432
gptoss,11091552,51,4.3579559326171875
gptoss,11128248,51,3.582770347595215
gptoss,11142668,51,2.518934726715088
gptoss,11152489,51,2.004197120666504
gptoss,11157751,51,3.7865185737609863
gptoss,11202365,51,3.0466339588165283
gptoss,11262376,51,5.736729621887207
gptoss,11270374,51,6.065544605255127
gptoss,11365698,51,3.4485414028167725
gptoss,11387463,51,2.8522415161132812
gptoss,11391667,51,2.9690802097320557
gptoss,11505828,51,3.0297293663024902
gptoss,11595344,51,3.758007049560547
gptoss,11597846,51,3.1227025985717773
gptoss,11626649,51,3.408143997192383
gptoss,11644259,51,3.235273838043213
gptoss,11650107,51,2.715428352355957
gptoss,11751039,51,4.048750400543213
gptoss,11754890,51,3.9625680446624756
gptoss,11771220,51,2.8479061126708984
gptoss,11777996,51,4.011458396911621
gptoss,11805625,51,3.07197904586792
gptoss,11866664,51,4.600027561187744
gptoss,11872486,51,3.3611104488372803
gptoss,11879061,51,2.61350417137146
gptoss,12075649,51,4.31716251373291
gptoss,12122749,51,3.018946886062622
gptoss,12187767,51,3.9817347526550293
gptoss,12203896,51,3.6189019680023193
gptoss,12220417,51,2.7199785709381104
gptoss,12230893,51,4.180997848510742
gptoss,12241221,51,3.953885793685913
gptoss,12245213,51,4.25403356552124
gptoss,12266201,51,3.1113932132720947
gptoss,12294387,51,3.0490260124206543
gptoss,12304778,51,3.681528329849243
gptoss,12320170,51,4.720953464508057
gptoss,12332957,51,3.7091434001922607
gptoss,12345746,51,3.5223588943481445
gptoss,12355828,51,3.617724657058716
gptoss,12440940,51,3.477100372314453
gptoss,12451537,51,2.6280102729797363
gptoss,12585424,51,4.018671035766602
gptoss,12586316,51,2.6460020542144775
gptoss,12588798,51,3.2333343029022217
gptoss,12603385,51,3.3376247882843018
gptoss,12607082,51,3.5020525455474854
gptoss,12615602,51,3.3386483192443848
gptoss,12688069,51,2.7953646183013916
gptoss,12744871,51,3.9073286056518555
gptoss,12807398,51,3.6897261142730713
gptoss,12847491,51,3.3094069957733154
gptoss,12851711,51,3.1833786964416504
gptoss,12926055,51,3.6499598026275635
gptoss,12938495,51,3.782585859298706
gptoss,12964363,51,2.8686561584472656
gptoss,12998432,51,3.5219740867614746
gptoss,13030311,51,4.437148094177246
gptoss,13100783,51,4.168934345245361
gptoss,13214003,51,4.456813812255859
gptoss,13239813,51,3.2841649055480957
gptoss,13335042,51,3.8147377967834473
gptoss,13350236,51,3.1467912197113037
gptoss,13495961,51,3.2258756160736084
gptoss,13529592,51,5.199967384338379
gptoss,13603998,51,3.5786852836608887
gptoss,13675482,51,3.0044314861297607
gptoss,13690180,51,3.004847526550293
gptoss,13692090,51,3.068748712539673
gptoss,13694466,51,4.986191272735596
gptoss,13696741,51,5.284274101257324
gptoss,13701579,51,5.992298603057861
gptoss,13745156,51,3.771568775177002
gptoss,13746570,51,3.2078874111175537
gptoss,13746581,51,4.529601573944092
gptoss,13746789,51,3.8695859909057617
gptoss,13747425,51,3.8665812015533447
gptoss,13747961,51,3.2946410179138184
gptoss,13748720,51,2.9738352298736572
gptoss,13751352,51,3.2908403873443604
gptoss,13752894,51,3.3762242794036865
gptoss,13753905,51,3.6336629390716553
gptoss,13756572,51,2.5592565536499023
gptoss,13858533,51,3.9277734756469727
gptoss,13916015,51,3.0662686824798584
gptoss,13937253,51,2.9923112392425537
gptoss,13959787,51,3.6881649494171143
gptoss,13972671,51,3.1443498134613037
gptoss,14068705,51,4.775013446807861
gptoss,14091946,51,3.1686768531799316
gptoss,14099741,51,3.800344944000244
gptoss,14141143,51,3.264378547668457
gptoss,14155276,51,4.486018657684326
gptoss,14169402,51,3.9711849689483643
gptoss,14170854,51,3.6391546726226807
gptoss,14176162,51,3.107625961303711
gptoss,14186198,51,3.398787498474121
gptoss,14259080,51,3.0643584728240967
gptoss,14291750,51,8.175925254821777
gptoss,14301751,51,3.074843645095825
gptoss,14328180,51,2.5649983882904053
gptoss,14341841,51,3.594874143600464
gptoss,14358598,51,2.9461076259613037
gptoss,14404227,51,4.470895290374756
gptoss,14407737,51,3.3165442943573
gptoss,14421595,51,4.288682460784912
gptoss,14429450,51,4.892095565795898
gptoss,14434979,51,5.527044296264648
gptoss,14441283,51,3.0169484615325928
gptoss,14454803,51,3.0554747581481934
gptoss,14472576,51,4.056572914123535
gptoss,14500933,51,3.3893537521362305
gptoss,14502960,51,3.417492389678955
gptoss,14554263,51,4.258328437805176
gptoss,14579508,51,3.591066598892212
gptoss,14584778,51,2.821314811706543
gptoss,14680675,51,3.7086575031280518
gptoss,14743706,51,3.7676994800567627
gptoss,14745914,51,4.5155205726623535
gptoss,14760908,51,2.6871540546417236
gptoss,14776729,51,3.76424241065979
gptoss,14800090,51,3.3130617141723633
gptoss,14807742,51,3.29828143119812
gptoss,14818452,51,2.313206672668457
gptoss,14819490,51,3.386362314224243
gptoss,14874026,51,3.7689104080200195
gptoss,14878319,51,3.1005706787109375
gptoss,14878646,51,2.9535300731658936
gptoss,14879921,51,2.806778907775879
gptoss,15026764,51,3.0861496925354004
gptoss,15040286,51,3.4181652069091797
gptoss,15065468,51,3.166112184524536
gptoss,15139323,51,3.4600155353546143
gptoss,15197674,51,3.154109239578247
gptoss,15201331,51,4.55695915222168
gptoss,15202196,51,3.0333595275878906
gptoss,15213991,51,3.167696237564087
gptoss,15220741,51,3.0014774799346924
gptoss,15279538,51,3.9108405113220215
gptoss,15281193,51,2.794039249420166
gptoss,15281983,51,4.737855434417725
gptoss,15324422,51,3.7233619689941406
gptoss,15344879,51,2.6610586643218994
gptoss,15376317,51,3.002472400665283
gptoss,15382836,51,3.355241060256958
gptoss,15407650,51,2.424994468688965
gptoss,15412473,51,4.9116106033325195
gptoss,15484870,51,3.0520429611206055
gptoss,15489071,51,3.0436851978302
gptoss,15548746,51,3.212174415588379
gptoss,15600287,51,2.6160776615142822
gptoss,15603670,51,5.235743045806885
gptoss,15607400,51,3.2511472702026367
gptoss,15620570,51,4.099111080169678
gptoss,15687295,51,3.8941731452941895
gptoss,15720214,51,3.5183072090148926
gptoss,15728911,51,2.7849531173706055
gptoss,15757897,51,3.037058115005493
gptoss,15768663,51,2.3717262744903564
gptoss,15817938,51,3.518134832382202
gptoss,15828278,51,3.095609188079834
gptoss,15829781,51,3.65258526802063
gptoss,15842085,51,2.352567434310913
gptoss,15870937,51,3.9518795013427734
gptoss,15939234,51,2.980605363845825
gptoss,15961108,51,3.146765947341919
gptoss,15976919,51,2.9489829540252686
gptoss,15980568,51,2.946986198425293
gptoss,15986631,51,4.40668249130249
gptoss,16039645,51,2.838639736175537
gptoss,16124522,51,3.8626279830932617
gptoss,16126936,51,3.376904249191284
gptoss,16141969,51,2.493340492248535
gptoss,16227864,51,2.60421085357666
gptoss,16251657,51,4.165429592132568
gptoss,16290774,51,3.765120506286621
gptoss,16386838,51,4.211153984069824
gptoss,16391334,51,2.8943166732788086
gptoss,16399303,51,3.9640400409698486
gptoss,16404002,51,3.179276943206787
gptoss,16504570,51,3.3827950954437256
gptoss,16509032,51,3.0992467403411865
gptoss,16537814,51,3.4384820461273193
gptoss,16571013,51,2.6117618083953857
gptoss,16631020,51,3.034130334854126
gptoss,16661147,51,3.727733612060547
gptoss,16766006,51,2.8193140029907227
gptoss,16766506,51,3.6614999771118164
gptoss,16787742,51,4.0631513595581055
gptoss,16788431,51,2.8658642768859863
gptoss,16839291,51,2.997725009918213
gptoss,16839927,51,4.305104732513428
gptoss,16863934,51,3.904165506362915
gptoss,16872779,51,2.0945119857788086
gptoss,16915526,51,2.650811195373535
gptoss,16998656,51,3.366731643676758
gptoss,17039365,51,2.4844717979431152
gptoss,17175925,51,3.903637409210205
gptoss,17202384,51,3.5554018020629883
gptoss,17360001,51,3.7067384719848633
gptoss,17364624,51,4.7348246574401855
gptoss,17370242,51,3.248835563659668
gptoss,17375754,51,2.3490216732025146
gptoss,17458010,51,4.248586177825928
gptoss,17464854,51,5.046141147613525
gptoss,17476563,51,4.168570518493652
gptoss,17507793,51,3.597242593765259
gptoss,17515275,51,3.0131876468658447
gptoss,17553490,51,3.6404433250427246
gptoss,17578970,51,2.9624505043029785
gptoss,17584674,51,2.55110764503479
gptoss,17589422,51,4.0811381340026855
gptoss,17606580,51,3.1850247383117676
gptoss,17625727,51,3.856449604034424
gptoss,17667087,51,3.1983699798583984
gptoss,17716605,51,3.311432361602783
gptoss,17784265,51,3.5021018981933594
gptoss,17865105,51,3.5038139820098877
gptoss,17884437,51,2.59958815574646
gptoss,17889549,51,2.781811475753784
gptoss,17909922,51,2.5867388248443604
gptoss,17961054,51,3.6683976650238037
gptoss,18083801,51,3.698577642440796
gptoss,18214317,51,3.1466188430786133
gptoss,18296459,51,2.5529775619506836
gptoss,18312025,51,2.4092347621917725
gptoss,18431463,51,4.989039897918701
gptoss,18449288,51,3.360692262649536
gptoss,18468577,51,3.2102856636047363
gptoss,18483718,51,3.287606954574585
gptoss,18505561,51,2.7925565242767334
gptoss,18613906,51,2.3499677181243896
gptoss,18634877,51,2.4149322509765625
gptoss,18733074,51,4.0284247398376465
gptoss,18750779,51,4.161256313323975
gptoss,18907802,51,3.4792213439941406
gptoss,19170988,51,4.603231430053711
gptoss,19172224,51,3.628929615020752
gptoss,19175261,51,5.1840033531188965
gptoss,19186315,51,3.7476165294647217
gptoss,19187663,51,4.230982780456543
gptoss,19204066,51,3.442500352859497
gptoss,19206893,51,2.59045147895813
gptoss,19263469,51,3.224985361099243
gptoss,19263554,51,3.1550865173339844
gptoss,19435386,51,3.6063129901885986
gptoss,19485843,51,3.078970193862915
gptoss,19624082,51,3.1690378189086914
gptoss,20335790,51,2.8514723777770996
gptoss,20503654,51,4.106304168701172
gptoss,21015570,51,3.6021854877471924
gptoss,21275504,51,3.3704004287719727
gptoss,21382535,51,3.2935760021209717
gptoss,21428581,51,4.044858455657959
gptoss,21616326,51,3.922667980194092
gptoss,21646317,51,3.2937891483306885
gptoss,21665298,51,4.307437419891357
gptoss,21668994,51,3.2603633403778076
gptoss,21669304,51,5.728392601013184
gptoss,21670658,51,3.4808807373046875
gptoss,21689288,51,3.685914993286133
gptoss,21697629,51,3.7731823921203613
gptoss,21697648,51,4.365376949310303
gptoss,21700944,51,3.472984552383423
gptoss,21702856,51,3.4106545448303223
gptoss,21709048,51,3.500284433364868
gptoss,21715690,51,3.382091760635376
gptoss,21716001,51,3.907621383666992
gptoss,21721135,51,2.9655985832214355
gptoss,21723747,51,4.321306228637695
gptoss,21725995,51,4.523186683654785
gptoss,21726583,51,3.794437885284424
gptoss,21726677,51,2.88264799118042
gptoss,21730065,51,3.1018288135528564
gptoss,21730715,51,2.581176996231079
gptoss,21731209,51,4.0893168449401855
gptoss,21732778,51,3.7869982719421387
gptoss,21735129,51,4.860915660858154
gptoss,21740766,51,4.994928359985352
gptoss,22272492,51,5.363931179046631
gptoss,22716243,51,4.102316856384277
gptoss,23204325,51,3.8932695388793945
gptoss,23678406,51,4.206631183624268
gptoss,24202507,51,4.302952766418457
gptoss,24901977,51,3.294182062149048
gptoss,25111673,51,2.7533416748046875
gptoss,25113027,51,4.365286827087402
gptoss,26538892,51,4.203084468841553
gptoss,26698484,51,3.2998669147491455
gptoss,26873455,51,2.981205701828003
gptoss,26988506,51,3.1860575675964355
gptoss,27249900,51,4.242922306060791
gptoss,27274148,51,3.659672498703003
gptoss,27843613,51,2.6343021392822266
gptoss,28044836,51,2.5059759616851807
gptoss,28193461,51,3.090019941329956
gptoss,28232901,51,4.395329475402832
gptoss,28323588,51,2.766084909439087
gptoss,28616370,51,2.8162264823913574
gptoss,29149810,51,3.5733530521392822
gptoss,29161506,51,4.074793338775635
gptoss,29162291,51,3.185044288635254
gptoss,29162884,51,4.094353675842285
gptoss,29191669,51,4.744533538818359
gptoss,29259081,51,4.339042663574219
gptoss,29298828,51,3.2173948287963867
gptoss,29407280,51,4.155993461608887
gptoss,29413033,51,3.2058279514312744
gptoss,29907166,51,3.0719096660614014
gptoss,30042437,51,3.2634503841400146
gptoss,30129590,51,3.1498682498931885
gptoss,30164212,51,3.211491823196411
gptoss,31150453,51,3.761270761489868
gptoss,31713824,51,3.2884633541107178
gptoss,32821791,51,3.123828649520874
gptoss,32923127,51,3.152400016784668
gptoss,33626727,51,2.7709248065948486
gptoss,33777646,51,2.088484525680542
gptoss,33864324,51,4.133039474487305
gptoss,34190303,51,3.7510886192321777
gptoss,35386653,51,2.637295722961426
gptoss,36364048,51,2.860908269882202
gptoss,37405481,51,2.960282325744629
gptoss,38132419,51,2.6182267665863037
gptoss,38234032,51,3.069901943206787
gptoss,38934160,51,3.3648276329040527
gptoss,39871772,51,5.233739852905273
gptoss,40166767,51,3.3548150062561035
gptoss,40501690,51,3.1203794479370117
gptoss,41332060,51,4.447149753570557
gptoss,43059601,51,3.188936948776245
gptoss,43282987,51,2.7410898208618164
gptoss,43289219,51,4.208759784698486
gptoss,43959086,51,3.103557586669922
gptoss,44009215,51,3.6936652660369873
gptoss,44062236,51,3.2420568466186523
gptoss,44063972,51,3.469212055206299
gptoss,44069187,51,2.597496747970581
gptoss,44077201,51,2.652872085571289
gptoss,44080449,51,4.202612400054932
gptoss,44087711,51,3.8529093265533447
gptoss,44090948,51,3.5963802337646484
gptoss,44105851,51,4.42912483215332
gptoss,44115640,51,4.07258939743042
gptoss,44129061,51,3.5029520988464355
gptoss,44130060,51,3.64375376701355
gptoss,44131019,51,2.8633530139923096
gptoss,44134207,51,2.5718607902526855
gptoss,44144625,51,3.114431142807007
gptoss,44145304,51,3.1104941368103027
gptoss,44145664,51,2.5952229499816895
gptoss,44145776,51,3.1215481758117676
gptoss,44145836,51,2.4735913276672363
gptoss,44151916,51,3.6338226795196533
gptoss,44152851,51,2.6132194995880127
gptoss,44161048,51,3.0399320125579834
gptoss,44163645,51,3.1259355545043945
gptoss,44164810,51,3.538784980773926
gptoss,44167998,51,5.406535625457764
gptoss,44169697,51,2.849503517150879
gptoss,44170949,51,2.9871318340301514
gptoss,44174597,51,4.360682487487793
gptoss,44178763,51,3.5749435424804688
gptoss,44220219,51,3.3635199069976807
gptoss,44243501,51,3.048008680343628
gptoss,46889991,51,4.068112850189209
gptoss,46927617,51,3.716459035873413
gptoss,46932607,51,3.2308530807495117
gptoss,46937952,51,3.27093505859375
gptoss,46939026,51,2.742227792739868
gptoss,46953263,51,3.5420022010803223
gptoss,46959165,51,3.091602325439453
gptoss,47016219,51,2.969754934310913
gptoss,47018172,51,2.6608550548553467
gptoss,47020074,51,3.662092447280884
gptoss,48352299,51,4.428501129150391
gptoss,48353672,51,3.072214365005493
gptoss,48353884,51,3.5237793922424316
gptoss,48357955,51,2.764427423477173
gptoss,49191384,51,5.382693290710449
gptoss,49208337,51,4.062595844268799
gptoss,49212016,51,2.8657186031341553
gptoss,49212861,51,3.2554574012756348
gptoss,49215746,51,4.165274620056152
gptoss,49411029,51,4.02400016784668
gptoss,49413369,51,2.3570516109466553
gptoss,49417344,51,3.077005624771118
gptoss,49420146,51,3.4746265411376953
gptoss,49430466,51,3.018125295639038
gptoss,49430686,51,4.88630485534668
gptoss,49578052,51,2.7964394092559814
gptoss,49587276,51,3.5977275371551514
gptoss,49656421,51,2.6240103244781494
gptoss,49656757,51,3.582131862640381
gptoss,49664123,51,2.3209757804870605
gptoss,49742509,51,6.019679546356201
gptoss,49742988,51,3.4095070362091064
gptoss,49865411,51,3.1456003189086914
gptoss,51862727,51,4.371586322784424
gptoss,51867514,51,4.382413387298584
gptoss,51867574,51,4.138387203216553
gptoss,51869205,51,4.663912296295166
gptoss,51870078,51,4.019207954406738
gptoss,51870827,51,3.4376919269561768
gptoss,51871042,51,5.168895244598389
gptoss,51871198,51,2.65032958984375
gptoss,51873719,51,3.4952123165130615
gptoss,51873882,51,2.79239821434021
gptoss,51875405,51,3.3650248050689697
gptoss,51875413,51,5.126606464385986
gptoss,51875856,51,4.418310165405273
gptoss,51877568,51,3.5406577587127686
gptoss,51878172,51,3.0248117446899414
gptoss,51878335,51,3.3192358016967773
gptoss,51878395,51,2.55973219871521
gptoss,51878811,51,3.695439577102661
gptoss,51879191,51,3.114118814468384
gptoss,51880064,51,3.9923601150512695
gptoss,51880268,51,2.816592216491699
gptoss,51880850,51,3.883527994155884
gptoss,51881821,51,2.4436769485473633
gptoss,51881992,51,2.929438829421997
gptoss,51882074,51,3.55212140083313
gptoss,51917388,51,3.775430202484131
gptoss,51977305,51,4.119909763336182
gptoss,51978342,51,4.019357204437256
gptoss,51982253,51,4.5496087074279785
gptoss,51984717,51,3.8987529277801514
gptoss,51990373,51,2.995500087738037
gptoss,52000761,51,2.5918691158294678
gptoss,52003282,51,5.033300876617432
gptoss,52006529,51,4.058408737182617
gptoss,52009840,51,3.509413719177246
gptoss,52011616,51,5.112880706787109
gptoss,52019251,51,3.953101396560669
gptoss,52044834,51,3.4795644283294678
gptoss,52046908,51,2.8878166675567627
gptoss,52047587,51,4.3229522705078125
gptoss,52054914,51,3.8815436363220215
gptoss,52056513,51,4.119697093963623
gptoss,52069762,51,3.6261401176452637
gptoss,52070035,51,2.876396417617798
gptoss,52070657,51,4.241384983062744
gptoss,52073201,51,2.9711151123046875
gptoss,52074346,51,3.1546003818511963
gptoss,52078335,51,3.956977605819702
gptoss,52098907,51,5.84649133682251
gptoss,52100101,51,3.7013487815856934
gptoss,52100117,51,4.317290782928467
gptoss,52100616,51,3.4802637100219727
gptoss,52100878,51,3.0807104110717773
gptoss,52110037,51,3.596884250640869
gptoss,52113185,51,3.029707193374634
gptoss,52115097,51,2.9722554683685303
gptoss,52115592,51,3.548353910446167
gptoss,52116920,51,3.9917256832122803
gptoss,52119091,51,3.6257240772247314
gptoss,52119483,51,2.87158203125
gptoss,52119752,51,4.05213737487793
gptoss,52135124,51,4.873805046081543
gptoss,52136564,51,3.396146297454834
gptoss,52143204,51,4.121650695800781
gptoss,52143467,51,3.4760098457336426
gptoss,52144157,51,3.827672243118286
gptoss,52145657,51,4.864664077758789
gptoss,52153656,51,3.1740572452545166
gptoss,52154254,51,3.472541093826294
gptoss,52154304,51,3.957582473754883
gptoss,52155427,51,3.0320310592651367
gptoss,52156147,51,3.0923068523406982
gptoss,52156206,51,3.2330522537231445
gptoss,52156433,51,2.8969781398773193
gptoss,52158121,51,3.91556978225708
gptoss,52158178,51,3.4320716857910156
gptoss,52160439,51,2.75840163230896
gptoss,52160797,51,4.056092262268066
gptoss,52161864,51,3.2248544692993164
gptoss,52162540,51,2.700428009033203
gptoss,52165754,51,3.852745294570923
gptoss,52166626,51,4.057013511657715
gptoss,52166727,51,3.248164176940918
gptoss,52167799,51,3.859504222869873
gptoss,52171279,51,3.361114740371704
gptoss,52171904,51,4.251045227050781
gptoss,52176498,51,2.483497381210327
gptoss,52178689,51,5.176485538482666
gptoss,52182989,51,4.160266399383545
gptoss,52183384,51,3.2454702854156494
gptoss,52183483,51,2.978571891784668
gptoss,52188604,51,3.723613977432251
gptoss,52190376,51,3.2023136615753174
gptoss,52194540,51,2.8998913764953613
gptoss,52215843,51,3.7347147464752197
gptoss,52221821,51,4.851035118103027
gptoss,52255687,51,4.4110026359558105
gptoss,52298363,51,2.574117422103882
gptoss,52307098,51,4.374495029449463
gptoss,52310274,51,2.861023426055908
gptoss,52333947,51,3.3942906856536865
gptoss,52811641,51,4.448400020599365
gptoss,52815006,51,5.004805564880371
gptoss,52816033,51,3.6449854373931885
gptoss,52843977,51,2.4612293243408203
gptoss,52895001,51,3.071772813796997
gptoss,52900003,51,2.906097173690796
gptoss,52916675,51,4.2518229484558105
gptoss,52917952,51,3.4755544662475586
gptoss,52920257,51,2.3978166580200195
gptoss,52926380,51,5.226102828979492
gptoss,52938038,51,3.1797738075256348
gptoss,52943615,51,4.203751087188721
gptoss,52979524,51,3.063788652420044
gptoss,52984852,51,3.1782431602478027
gptoss,53017700,51,3.036691188812256
gptoss,53019653,51,3.0060088634490967
gptoss,53034346,51,4.639265060424805
gptoss,53035038,51,3.2825756072998047
gptoss,53037336,51,2.850425958633423
gptoss,53064621,51,2.908935308456421
gptoss,53079301,51,3.440206289291382
gptoss,53079601,51,3.4647135734558105
gptoss,53079743,51,2.482943058013916
gptoss,53079799,51,2.7536346912384033
gptoss,53079972,51,3.1939609050750732
gptoss,53080156,51,3.0991618633270264
gptoss,53080384,51,3.3864591121673584
gptoss,53080764,51,4.185507297515869
gptoss,53080784,51,3.1678450107574463
gptoss,53080846,51,2.9280846118927
gptoss,53081209,51,4.163234710693359
gptoss,53081291,51,3.6410152912139893
gptoss,53081318,51,3.4050979614257812
gptoss,53081403,51,4.711243629455566
gptoss,53081407,51,3.6406376361846924
gptoss,53081627,51,3.173597812652588
gptoss,53081634,51,4.36703634262085
gptoss,53082197,51,3.2300195693969727
gptoss,53082257,51,2.972322940826416
gptoss,53082972,51,3.755748987197876
gptoss,53083054,51,4.371016502380371
gptoss,53083061,51,2.9453914165496826
gptoss,53083122,51,4.211270332336426
gptoss,53083232,51,3.6584253311157227
gptoss,53083305,51,3.8240299224853516
gptoss,53083475,51,3.0727999210357666
gptoss,53083677,51,4.422305107116699
gptoss,53095207,51,3.5386202335357666
gptoss,53099899,51,2.7401392459869385
gptoss,53109787,51,4.811923980712891
gptoss,53110354,51,2.762979030609131
gptoss,53178856,51,3.4858968257904053
gptoss,53217060,51,3.902723789215088
gptoss,53223679,51,5.676034450531006
gptoss,53247198,51,4.199167728424072
gptoss,53295957,51,4.075996398925781
gptoss,53298765,51,3.239090919494629
gptoss,53298878,51,3.347801446914673
gptoss,53578487,51,3.431884288787842
gptoss,53640239,51,3.1110637187957764
gptoss,53645946,51,3.0899267196655273
gptoss,54893641,51,2.8565993309020996
gptoss,56657817,51,4.510708808898926
gptoss,56657857,51,4.306567192077637
gptoss,56895551,51,2.7980000972747803
gptoss,57189558,51,2.6265406608581543
gptoss,57564106,51,3.3126893043518066
gptoss,57570672,51,4.245848178863525
gptoss,59553499,51,2.867931842803955
gptoss,59553563,51,3.9937024116516113
gptoss,59599633,51,3.6667592525482178
gptoss,59599706,51,4.319824695587158
gptoss,59599940,51,3.7170329093933105
gptoss,59604492,51,3.411881685256958
gptoss,60441316,51,5.000596523284912
gptoss,61153666,51,3.8361153602600098
gptoss,61874237,51,3.008180856704712
gptoss,62637241,51,3.263417959213257
gptoss,65038030,51,3.3605690002441406
gptoss,67788603,51,4.594099521636963
gptoss,67855815,51,4.351784706115723
gptoss,67855860,51,4.79780912399292
gptoss,67855893,51,3.790839672088623
gptoss,67855999,51,4.181312561035156
gptoss,67856005,51,3.7773706912994385
gptoss,67856013,51,2.4924795627593994
gptoss,67856167,51,3.5141754150390625
gptoss,67856324,51,3.8637499809265137
gptoss,67856607,51,3.6648125648498535
gptoss,67856712,51,2.7349164485931396
gptoss,67877016,51,3.2316548824310303
gptoss,68167178,51,5.370342254638672
gptoss,70349933,51,3.3974268436431885
gptoss,71144630,51,3.410801410675049
gptoss,71147690,51,3.337374210357666
gptoss,73729169,51,3.2876288890838623
gptoss,76666127,51,4.9999284744262695
gptoss,80628347,51,2.97735595703125
gptoss,80628357,51,3.8399741649627686
gptoss,83458715,51,3.8458101749420166
gptoss,84842989,51,2.8524720668792725
gptoss,84843987,51,3.5753190517425537
gptoss,85459677,51,2.878554344177246
gptoss,85464175,51,4.156439781188965
gptoss,85498775,51,3.0163543224334717
gptoss,85501317,51,4.647921085357666
gptoss,85518027,51,3.5238964557647705
gptoss,85528598,51,4.265688896179199
gptoss,85531331,51,3.431671619415283
gptoss,86716257,51,3.5241310596466064
gptoss,91183938,51,3.2235703468322754
gptoss,91184042,51,3.2725868225097656
gptoss,102350590,51,4.889203071594238
gptoss,102350747,51,3.453327178955078
gptoss,102350767,51,4.173900604248047
gptoss,102350941,51,3.4111196994781494
gptoss,102350997,51,3.3174915313720703
gptoss,102351463,51,3.3836898803710938
gptoss,102351547,51,3.3854711055755615
gptoss,102351717,51,3.3284215927124023
gptoss,102352060,51,3.4390294551849365
gptoss,102352698,51,4.024883270263672
gptoss,102352788,51,2.663090705871582
gptoss,102352962,51,2.883192300796509
gptoss,102353817,51,3.6352357864379883
gptoss,102353837,51,3.1841158866882324
gptoss,102353852,51,4.70198917388916
gptoss,102354384,51,2.944124460220337
gptoss,102354395,51,4.059427738189697
gptoss,102354583,51,3.2742738723754883
gptoss,102354588,51,4.759243011474609
gptoss,102354684,51,4.12616491317749
gptoss,102483154,51,2.830409288406372
gptoss,106402715,51,3.278980255126953
gptoss,109933467,51,2.5764873027801514
gptoss,116880070,51,4.071166038513184
gptoss,118674834,51,4.293673038482666
gptoss,118680003,51,2.7550504207611084
gptoss,119308902,51,3.0848565101623535
gptoss,119309472,51,2.9709346294403076
gptoss,120224153,51,2.3621768951416016
gptoss,126167342,51,3.923874855041504
gptoss,126181046,51,3.2346537113189697
gptoss,128000127,51,4.646115779876709
gptoss,128345225,51,4.01043701171875
gptoss,128345548,51,4.261083602905273
gptoss,129945216,51,3.0273382663726807
gptoss,133306280,51,3.8486063480377197
gptoss,133597585,51,4.849880218505859
gptoss,135466290,51,3.536865472793579
gptoss,153312535,51,4.015142440795898
gptoss,153312687,51,3.871027708053589
gptoss,153313061,51,4.127471923828125
gptoss,153313159,51,4.879491806030273
gptoss,153313581,51,3.616029977798462
gptoss,155089817,51,2.940174102783203
gptoss,155091369,51,3.3261823654174805
gptoss,155092736,51,2.67151141166687
gptoss,155100086,51,3.7390522956848145
gptoss,155100120,51,4.22233772277832
gptoss,159041042,51,3.246502637863159
gptoss,159041048,51,5.45534610748291
gptoss,159041867,51,5.180278778076172
gptoss,160009452,51,2.95443058013916
gptoss,160009896,51,3.2062203884124756
gptoss,162183964,51,3.9859778881073
gptoss,165163819,51,3.162219285964966
gptoss,166228669,51,3.567711114883423
gptoss,167217355,51,4.55073356628418
gptoss,167217367,51,3.6670637130737305
gptoss,167217453,51,2.4473202228546143
gptoss,168169888,51,2.8295600414276123
gptoss,170078653,51,4.2142133712768555
gptoss,170078772,51,3.4517147541046143
gptoss,170079112,51,3.553800106048584
gptoss,173188048,51,3.850836753845215
gptoss,173188803,51,2.406904458999634
gptoss,173990423,51,4.146806716918945
gptoss,173990455,51,3.6034483909606934
gptoss,173990506,51,2.3586742877960205
gptoss,173990585,51,3.080573797225952
gptoss,173991101,51,2.7099075317382812
gptoss,174797737,51,3.5835559368133545
gptoss,174797747,51,3.936286687850952
gptoss,174797886,51,3.521841287612915
gptoss,174798153,51,2.8502988815307617
gptoss,174798218,51,3.0318708419799805
gptoss,174798293,51,2.785435676574707
gptoss,174798321,51,3.267439603805542
gptoss,174798410,51,4.157580375671387
gptoss,174799117,51,2.824754476547241
gptoss,174799262,51,2.998330593109131
gptoss,174799301,51,2.2937514781951904
gptoss,174799304,51,3.1703224182128906
gptoss,174799346,51,3.810478925704956
gptoss,174799399,51,4.440613746643066
gptoss,174799702,51,3.9700441360473633
gptoss,174799768,51,3.1169190406799316
gptoss,174799793,51,2.7410643100738525
gptoss,174799844,51,4.5981364250183105
gptoss,174799895,51,3.2197718620300293
gptoss,174799974,51,3.118114948272705
gptoss,174800106,51,3.168771266937256
gptoss,174800272,51,2.6493513584136963
gptoss,174800458,51,3.8498129844665527
gptoss,174800839,51,3.8832790851593018
gptoss,174800890,51,3.52165150642395
gptoss,174800963,51,3.1509783267974854
gptoss,174801080,51,3.9196128845214844
gptoss,174801222,51,2.790630340576172
gptoss,174801388,51,5.553004741668701
gptoss,174801519,51,3.8437788486480713
gptoss,174801632,51,3.060490369796753
gptoss,174801764,51,3.41066312789917
gptoss,174802397,51,3.0819547176361084
gptoss,174802484,51,2.7925522327423096
gptoss,174802848,51,3.609851360321045
gptoss,174802873,51,2.7146313190460205
gptoss,174803111,51,4.061529159545898
gptoss,174803587,51,4.270928859710693
gptoss,181704107,51,4.753687381744385
gptoss,182952458,51,3.6375017166137695
gptoss,182952800,51,4.006228923797607
gptoss,182952848,51,4.607143878936768
gptoss,182952892,51,3.2828431129455566
gptoss,182953113,51,4.8566107749938965
gptoss,182953211,51,2.5142781734466553
gptoss,182953250,51,3.7332863807678223
gptoss,184482578,51,2.480454206466675
gptoss,184483123,51,2.5385537147521973
gptoss,184483331,51,3.0246994495391846
gptoss,184486755,51,4.5213141441345215
gptoss,184486914,51,3.192366361618042
gptoss,184487171,51,3.7063281536102295
gptoss,184487889,51,3.7342782020568848
gptoss,186206211,51,5.8277130126953125
gptoss,186206508,51,3.3319058418273926
gptoss,186206974,51,2.165764331817627
gptoss,189762009,51,5.147420883178711
gptoss,189762068,51,3.6701481342315674
gptoss,189762081,51,3.1659176349639893
gptoss,189762189,51,2.435899019241333
gptoss,189762341,51,2.687709331512451
gptoss,189762487,51,3.6589462757110596
gptoss,189762556,51,4.780994892120361
gptoss,189927911,51,2.722399950027466
gptoss,189928008,51,4.112641334533691
gptoss,189928148,51,3.0410420894622803
gptoss,189928186,51,3.4353253841400146
gptoss,189928248,51,2.9567484855651855
gptoss,189928358,51,3.3433918952941895
gptoss,189928395,51,3.2441012859344482
gptoss,189999088,51,2.962503671646118
gptoss,189999659,51,3.169684410095215
gptoss,190000105,51,4.315849781036377
gptoss,190001673,51,3.55679988861084
gptoss,192530110,51,4.996655464172363
gptoss,195064954,51,6.068992614746094
gptoss,195068920,51,3.283853769302368
gptoss,195069071,51,3.485013961791992
gptoss,195069392,51,3.1472015380859375
gptoss,195218574,51,3.4490487575531006
gptoss,195218693,51,4.907660961151123
gptoss,195316733,51,4.402731418609619
gptoss,195345077,51,3.836996078491211
gptoss,195345094,51,3.502366304397583
gptoss,195345201,51,2.924006462097168
gptoss,195345563,51,3.321493148803711
gptoss,195477534,51,3.8524563312530518
gptoss,195504787,51,2.2073161602020264
gptoss,195584320,51,3.3940062522888184
gptoss,195766884,51,2.860147476196289
gptoss,195776147,51,3.5863053798675537
gptoss,195776229,51,2.687863826751709
gptoss,195820682,51,2.969505786895752
gptoss,195847811,51,3.0553719997406006
gptoss,195848217,51,3.8855128288269043
gptoss,195886246,51,4.010519027709961
gptoss,196167277,51,4.843994617462158
gptoss,196171551,51,3.392242908477783
gptoss,196171668,51,2.6115379333496094
gptoss,196172197,51,4.051164150238037
gptoss,196175184,51,5.727774143218994
gptoss,196176000,51,3.8954665660858154
gptoss,196176396,51,3.957883834838867
gptoss,196176628,51,2.6446456909179688
gptoss,196178484,51,3.9306604862213135
gptoss,196178503,51,2.886279821395874
gptoss,196181315,51,3.13114857673645
gptoss,196181536,51,3.626312017440796
gptoss,196181811,51,2.966508388519287
gptoss,196181887,51,3.791325807571411
gptoss,196182395,51,2.9051525592803955
gptoss,196183158,51,3.3012094497680664
gptoss,196183669,51,4.118207931518555
gptoss,196184679,51,3.182626962661743
gptoss,196185038,51,3.4193038940429688
gptoss,196186167,51,3.0245206356048584
gptoss,196186961,51,3.985666036605835
gptoss,196187162,51,2.847947120666504
gptoss,196187316,51,2.612077474594116
gptoss,196187320,51,3.3069207668304443
gptoss,196188501,51,2.649578094482422
gptoss,196188987,51,2.111377239227295
gptoss,196189567,51,3.1379473209381104
gptoss,196189661,51,2.985800266265869
gptoss,196192979,51,2.9682815074920654
gptoss,196193055,51,3.8528494834899902
gptoss,196194557,51,4.054816722869873
gptoss,196197006,51,4.346154689788818
gptoss,196198494,51,3.0740344524383545
gptoss,196199713,51,3.3050496578216553
gptoss,196205749,51,3.2127156257629395
gptoss,196206886,51,4.125890731811523
gptoss,196209746,51,2.916700601577759
gptoss,196210081,51,4.409728527069092
gptoss,196210782,51,2.928664445877075
gptoss,196211238,51,2.58271861076355
gptoss,196211486,51,3.402364492416382
gptoss,196211550,51,2.5557219982147217
gptoss,196217527,51,3.3835220336914062
gptoss,196471188,51,3.897167682647705
gptoss,196471198,51,3.768343448638916
gptoss,196621534,51,3.001147985458374
gptoss,196621535,51,3.2869298458099365
gptoss,198179946,51,4.672102451324463
gptoss,198184456,51,3.689236640930176
gptoss,198184729,51,3.124819040298462
gptoss,198939259,51,2.6801586151123047
gptoss,198967754,51,3.60019588470459
gptoss,198973187,51,3.2943203449249268
gptoss,199001173,51,4.478507041931152
gptoss,199022396,51,3.808089256286621
gptoss,199371491,51,3.4912915229797363
gptoss,199371687,51,2.5556092262268066
gptoss,199379359,51,3.8838675022125244
gptoss,199452955,51,3.74886417388916
gptoss,199523733,51,2.2882139682769775
gptoss,199529989,51,2.2554409503936768
gptoss,199552244,51,3.661996603012085
gptoss,199577588,51,3.089486598968506
gptoss,199577634,51,3.799776792526245
gptoss,199668626,51,4.2627997398376465
gptoss,199668753,51,3.9279608726501465
gptoss,201058596,51,3.0803756713867188
gptoss,201058633,51,4.103140830993652
gptoss,201058720,51,3.4029486179351807
gptoss,201070022,51,3.451120615005493
gptoss,201070265,51,4.910447120666504
gptoss,201103745,51,2.7806499004364014
gptoss,201124425,51,2.9492993354797363
gptoss,201307832,51,2.9658584594726562
gptoss,201645145,51,4.558441162109375
gptoss,201646223,51,2.73514461517334
gptoss,201646551,51,3.138819456100464
gptoss,201651596,51,3.6228199005126953
gptoss,201657818,51,3.17541766166687
gptoss,201666437,51,3.927696466445923
gptoss,201666620,51,3.9202444553375244
gptoss,201668205,51,3.002382755279541
gptoss,201669180,51,2.885542869567871
gptoss,201670412,51,4.203241348266602
gptoss,201676778,51,4.229145526885986
gptoss,201691562,51,2.2864339351654053
gptoss,201697450,51,4.149424076080322
gptoss,201698093,51,2.72808837890625
gptoss,201698197,51,2.9733245372772217
gptoss,201698258,51,4.24658203125
gptoss,201698358,51,5.874782562255859
gptoss,201741133,51,4.349945545196533
gptoss,201742252,51,2.7161355018615723
gptoss,201742578,51,3.6462855339050293
gptoss,202120468,51,3.2913169860839844
gptoss,202120592,51,5.085699081420898
gptoss,202121966,51,2.343578815460205
gptoss,202235037,51,6.742363452911377
gptoss,202235596,51,4.908954620361328
gptoss,202537031,51,3.427947759628296
gptoss,202537041,51,3.819943904876709
gptoss,202537179,51,2.848733425140381
gptoss,202537221,51,4.198451042175293
gptoss,202537332,51,3.8073065280914307
gptoss,202537477,51,3.1128854751586914
gptoss,202537499,51,3.0243632793426514
gptoss,202537890,51,2.9521851539611816
gptoss,202538141,51,3.7598073482513428
gptoss,202538495,51,5.291456699371338
gptoss,202538609,51,3.4750001430511475
gptoss,202538897,51,3.0615360736846924
gptoss,202539004,51,3.722219228744507
gptoss,202539031,51,5.476333141326904
gptoss,202539063,51,4.255910873413086
gptoss,202539354,51,2.7543303966522217
gptoss,202539496,51,3.6423227787017822
gptoss,202539540,51,3.4209604263305664
gptoss,202540033,51,4.976804733276367
gptoss,202540088,51,3.508835554122925
gptoss,202540096,51,3.4039676189422607
gptoss,202540203,51,2.829470157623291
gptoss,202540590,51,3.8051304817199707
gptoss,202540591,51,4.205516338348389
gptoss,202540640,51,2.7353010177612305
gptoss,202540793,51,3.111100673675537
gptoss,202540839,51,3.3006770610809326
gptoss,202541009,51,3.8416271209716797
gptoss,202541012,51,4.563320159912109
gptoss,202541043,51,4.261341571807861
gptoss,202541147,51,5.39675760269165
gptoss,202541184,51,3.4858527183532715
gptoss,202541185,51,3.45585036277771
gptoss,202541352,51,2.728813409805298
gptoss,202541363,51,2.7305757999420166
gptoss,202541447,51,3.095362424850464
gptoss,202541473,51,3.041935682296753
gptoss,202541491,51,2.9134535789489746
gptoss,202541545,51,4.539373874664307
gptoss,202541569,51,3.0021140575408936
gptoss,202541578,51,3.440091371536255
gptoss,202541610,51,3.382793664932251
gptoss,202541654,51,3.245441198348999
gptoss,202542261,51,5.3132476806640625
gptoss,202542397,51,2.823209285736084
gptoss,202542569,51,4.024018287658691
gptoss,202542757,51,4.207174301147461
gptoss,202558451,51,4.193225383758545
gptoss,202558815,51,4.704306125640869
gptoss,202565485,51,4.1448588371276855
gptoss,202565569,51,3.7778806686401367
gptoss,202565697,51,2.8690454959869385
gptoss,202572810,51,4.068269729614258
gptoss,202577372,51,4.210855960845947
gptoss,202577934,51,2.7943167686462402
gptoss,202583694,51,3.4387214183807373
gptoss,202635721,51,3.50052547454834
gptoss,202660724,51,4.781764030456543
gptoss,202660912,51,3.337963819503784
gptoss,202661048,51,2.8216495513916016
gptoss,202712648,51,2.5740790367126465
gptoss,202718954,51,3.1790926456451416
gptoss,202734183,51,3.7646448612213135
gptoss,202734592,51,3.57014536857605
gptoss,202763602,51,3.2785613536834717
gptoss,202765126,51,5.359766960144043
gptoss,202765253,51,3.3167269229888916
gptoss,202765548,51,4.4550652503967285
gptoss,202769823,51,3.1508054733276367
gptoss,202770936,51,2.721414089202881
gptoss,202771124,51,3.2746660709381104
gptoss,202771535,51,5.001388072967529
gptoss,202773239,51,2.7632834911346436
gptoss,202773689,51,3.537548303604126
gptoss,202774375,51,3.1460154056549072
gptoss,202774468,51,3.630446672439575
gptoss,202776122,51,3.6208205223083496
gptoss,202776447,51,3.6252028942108154
gptoss,202776649,51,3.891333818435669
gptoss,202781392,51,2.9479727745056152
gptoss,202783478,51,3.3728220462799072
gptoss,202784449,51,2.932915687561035
gptoss,202785255,51,3.2168283462524414
gptoss,202785879,51,3.494114398956299
gptoss,202786066,51,3.549792766571045
gptoss,202786882,51,3.8495595455169678
gptoss,202788490,51,4.128045558929443
gptoss,202788575,51,3.0210673809051514
gptoss,202789603,51,2.339245557785034
gptoss,203146520,51,3.166653633117676
gptoss,203150358,51,3.6630501747131348
gptoss,203610181,51,2.758274555206299
gptoss,203626520,51,2.9429216384887695
gptoss,203836056,51,3.899507522583008
gptoss,203836888,51,6.389780044555664
gptoss,203905404,51,3.146796226501465
gptoss,204009154,51,3.289304733276367
gptoss,204512247,51,4.295869827270508
gptoss,204744108,51,4.4635114669799805
gptoss,204823992,51,3.409213066101074
gptoss,204902024,51,3.3971807956695557
gptoss,204949631,51,4.1175971031188965
gptoss,207794190,51,3.6681199073791504
gptoss,207847197,51,3.6110663414001465
gptoss,207847250,51,5.138888835906982
gptoss,207847598,51,4.700484275817871
gptoss,207847960,51,3.888324737548828
gptoss,207852358,51,3.549220085144043
gptoss,207852450,51,3.8293495178222656
gptoss,207852597,51,3.651129961013794
gptoss,207852642,51,4.481043338775635
gptoss,207853017,51,4.221297264099121
gptoss,207853111,51,4.022249698638916
gptoss,207853145,51,3.5967459678649902
gptoss,207853191,51,4.197164058685303
gptoss,207853290,51,3.532827615737915
gptoss,207853300,51,3.655644416809082
gptoss,207853304,51,5.539340019226074
gptoss,207863306,51,4.162862300872803
gptoss,207870323,51,4.812705039978027
gptoss,207870937,51,2.796511650085449
gptoss,207901226,51,3.431248426437378
gptoss,207925651,51,3.0370378494262695
gptoss,207996257,51,4.03458833694458
gptoss,208001011,51,3.095757007598877
gptoss,208006253,51,3.768259048461914
gptoss,208191596,51,3.304548740386963
gptoss,208527026,51,3.6454386711120605
gptoss,208547632,51,2.9840078353881836
gptoss,209009596,51,4.947580337524414
gptoss,209054931,51,2.9005980491638184
gptoss,209202658,51,4.346138954162598
gptoss,210164439,51,3.820099115371704
gptoss,210164665,51,4.8617377281188965
gptoss,210701352,51,3.289733648300171
gptoss,210714061,51,5.3307881355285645
gptoss,211003735,51,4.245209693908691
gptoss,211029226,51,5.327477931976318
gptoss,211031933,51,4.410655975341797
gptoss,211066200,51,4.8326191902160645
gptoss,211082681,51,4.44202995300293
gptoss,211126910,51,2.984670400619507
gptoss,211258645,51,3.938859701156616
gptoss,211532588,51,3.7300872802734375
gptoss,211677475,51,4.852931499481201
gptoss,211987786,51,5.087222576141357
gptoss,212718077,51,5.572179317474365
gptoss,212725806,51,3.109977960586548
gptoss,212747810,51,4.639954090118408
gptoss,212800438,51,3.1621415615081787
gptoss,213982630,51,3.971545457839966
gptoss,214623124,51,5.074000358581543
gptoss,214693050,51,3.7305080890655518
gptoss,214794966,51,3.9912784099578857
gptoss,214802401,51,4.592293739318848
gptoss,214802500,51,3.305734395980835
gptoss,214802514,51,4.698088645935059
gptoss,214802587,51,3.2918617725372314
gptoss,214802624,51,2.614398717880249
gptoss,214802812,51,2.8961477279663086
gptoss,214802856,51,4.745215892791748
gptoss,214802887,51,4.176203727722168
gptoss,214803082,51,3.01796555519104
gptoss,215191351,51,4.990501403808594
gptoss,215238391,51,3.3714022636413574
gptoss,215238965,51,3.788281202316284
gptoss,215415911,51,3.2641375064849854
gptoss,215415968,51,3.267977476119995
gptoss,215416110,51,3.057624578475952
gptoss,215416175,51,3.275355577468872
gptoss,215416349,51,6.154626846313477
gptoss,215547988,51,3.9393022060394287
gptoss,215548041,51,4.577461242675781
gptoss,215548215,51,3.6418063640594482
gptoss,215548225,51,4.118264198303223
gptoss,215548916,51,2.4616456031799316
gptoss,215737001,51,2.89361572265625
gptoss,215744806,51,2.8406872749328613
gptoss,215744924,51,3.4249107837677
gptoss,215744944,51,3.1855523586273193
gptoss,215745286,51,3.9651544094085693
gptoss,215745290,51,4.433948516845703
gptoss,215745354,51,3.7506237030029297
gptoss,215745536,51,3.154054641723633
gptoss,215768766,51,4.375774383544922
gptoss,215768768,51,4.808714389801025
gptoss,215768769,51,3.7957398891448975
gptoss,215768835,51,2.7223358154296875
gptoss,215785828,51,3.6884689331054688
gptoss,215785895,51,4.917567729949951
gptoss,215786391,51,3.3618569374084473
gptoss,215806653,51,4.043527126312256
gptoss,215811473,51,3.2075283527374268
gptoss,215814290,51,3.1343605518341064
gptoss,215814515,51,4.445284843444824
gptoss,215826646,51,3.4267876148223877
gptoss,215827207,51,3.8086626529693604
gptoss,215827461,51,4.222407817840576
gptoss,215827653,51,3.4249401092529297
gptoss,215827766,51,3.974977493286133
gptoss,215827807,51,3.517066240310669
gptoss,215827989,51,2.5855698585510254
gptoss,215828313,51,3.0367825031280518
gptoss,215828384,51,3.6012070178985596
gptoss,215828553,51,3.12984037399292
gptoss,216035773,51,2.5795273780822754
gptoss,216056240,51,5.4190778732299805
gptoss,216056269,51,3.4659817218780518
gptoss,216056453,51,3.341475486755371
gptoss,216056509,51,3.0719523429870605
gptoss,216080642,51,3.306218385696411
gptoss,216080701,51,3.853464126586914
gptoss,216080986,51,2.8271613121032715
gptoss,216144439,51,3.3878796100616455
gptoss,216144503,51,4.35430908203125
gptoss,216144770,51,3.5811827182769775
gptoss,216552849,51,3.3644583225250244
gptoss,216552854,51,4.713345050811768
gptoss,216552897,51,5.317498683929443
gptoss,216552978,51,3.877946615219116
gptoss,216553067,51,4.51534366607666
gptoss,216553182,51,4.369048118591309
gptoss,216553210,51,3.930234670639038
gptoss,216553264,51,3.027930498123169
gptoss,216557637,51,2.6597514152526855
gptoss,216562233,51,3.650832176208496
gptoss,216562330,51,3.0414648056030273
gptoss,216562386,51,3.092177391052246
gptoss,216562638,51,3.368541717529297
gptoss,216562779,51,3.076279640197754
gptoss,216562785,51,3.6008408069610596
gptoss,216636598,51,3.2013590335845947
gptoss,216641736,51,3.2110583782196045
gptoss,216641773,51,4.972689628601074
gptoss,216641842,51,2.588367462158203
gptoss,216641848,51,4.893905162811279
gptoss,216641852,51,3.341930627822876
gptoss,216641956,51,3.218548059463501
gptoss,216642043,51,3.394388198852539
gptoss,216642230,51,2.9189453125
gptoss,216867622,51,3.466519355773926
gptoss,216868180,51,4.467441082000732
gptoss,216868234,51,3.559811592102051
gptoss,216868259,51,2.4948482513427734
gptoss,216868472,51,3.3227603435516357
gptoss,216868486,51,2.7569332122802734
gptoss,216868525,51,3.2215404510498047
gptoss,216868592,51,4.0176005363464355
gptoss,216868683,51,4.074882984161377
gptoss,216868725,51,3.768174648284912
gptoss,216869183,51,3.5691568851470947
gptoss,216869577,51,4.2132978439331055
gptoss,216914409,51,3.129207134246826
gptoss,216914626,51,3.650437355041504
gptoss,216914911,51,3.734049081802368
gptoss,218076648,51,3.416175127029419
gptoss,218470058,51,3.644819736480713
gptoss,218470122,51,3.684152126312256
gptoss,218470125,51,2.9007673263549805
gptoss,218470144,51,4.209269046783447
gptoss,218470237,51,2.6314778327941895
gptoss,218470359,51,5.650539875030518
gptoss,218470427,51,3.9408090114593506
gptoss,218470517,51,3.8630220890045166
gptoss,218486837,51,3.7545483112335205
gptoss,218487098,51,3.488135814666748
gptoss,218487100,51,4.0406813621521
gptoss,218487136,51,3.368391990661621
gptoss,218487168,51,3.437556505203247
gptoss,218487230,51,2.579653263092041
gptoss,218487237,51,3.6418323516845703
gptoss,218487279,51,3.8409314155578613
gptoss,218487288,51,3.56571626663208
gptoss,218487373,51,4.364021301269531
gptoss,218487454,51,4.153146266937256
gptoss,218487506,51,3.533522129058838
gptoss,218487696,51,3.9948019981384277
gptoss,218487733,51,4.075547218322754
gptoss,218500588,51,3.7370333671569824
gptoss,218501728,51,3.6067211627960205
gptoss,218502350,51,4.589121341705322
gptoss,218517044,51,2.542478561401367
gptoss,218517088,51,2.812594413757324
gptoss,218517128,51,3.4311094284057617
gptoss,218538467,51,3.4966886043548584
gptoss,218560609,51,4.146408557891846
gptoss,218571018,51,2.9899020195007324
gptoss,218571035,51,3.090724468231201
gptoss,218571152,51,3.2967236042022705
gptoss,218571167,51,3.5307180881500244
gptoss,218571335,51,3.345071315765381
gptoss,218580945,51,2.9306094646453857
gptoss,218581853,51,3.0592830181121826
gptoss,218595658,51,4.181706428527832
gptoss,218595710,51,3.516702175140381
gptoss,218595915,51,4.239110469818115
gptoss,218595930,51,3.010401964187622
gptoss,218610661,51,4.421138763427734
gptoss,218613630,51,3.1347129344940186
gptoss,218613850,51,3.2929444313049316
gptoss,218614095,51,2.7666375637054443
gptoss,218628691,51,3.913637638092041
gptoss,218628872,51,5.170797824859619
gptoss,218630027,51,2.8043293952941895
gptoss,218665566,51,2.908787250518799
gptoss,218674382,51,3.717451810836792
gptoss,218684346,51,2.9678919315338135
gptoss,218718559,51,2.637572765350342
gptoss,218718982,51,3.472954511642456
gptoss,218763259,51,5.9085893630981445
gptoss,218763425,51,3.9589924812316895
gptoss,218763678,51,2.1938929557800293
gptoss,218869840,51,2.9877326488494873
gptoss,218883429,51,2.9782984256744385
gptoss,218889746,51,2.5396876335144043
gptoss,218901061,51,4.455835819244385
gptoss,218971632,51,3.966404914855957
gptoss,218971877,51,3.871330738067627
gptoss,218974137,51,2.3909523487091064
gptoss,219036690,51,3.1479592323303223
gptoss,219124328,51,3.854203462600708
gptoss,219165306,51,3.8509864807128906
gptoss,219176513,51,3.9608824253082275
gptoss,219176849,51,3.5422286987304688
gptoss,219177150,51,3.8792874813079834
gptoss,219260306,51,2.664708375930786
gptoss,219302617,51,2.6529033184051514
gptoss,219304854,51,3.409151792526245
gptoss,219304992,51,4.019087314605713
gptoss,219306244,51,5.7623701095581055
gptoss,219307246,51,2.513296365737915
gptoss,219309091,51,3.518545627593994
gptoss,219310312,51,2.924994468688965
gptoss,219401758,51,3.235999822616577
gptoss,219530664,51,3.401456117630005
gptoss,219530980,51,2.7965519428253174
gptoss,219558508,51,2.5915517807006836
gptoss,219573244,51,4.0352702140808105
gptoss,219573654,51,3.208113431930542
gptoss,219635956,51,2.496349573135376
gptoss,219708219,51,6.131178379058838
gptoss,219719687,51,3.731764316558838
gptoss,219721462,51,3.7489774227142334
gptoss,219966938,51,4.884703636169434
gptoss,219980605,51,3.9463541507720947
gptoss,220044829,51,3.963493824005127
gptoss,220044878,51,2.394343852996826
gptoss,220044881,51,3.9402413368225098
gptoss,220045417,51,3.682417631149292
gptoss,220045465,51,3.3395895957946777
gptoss,220045816,51,4.627863883972168
gptoss,220045824,51,2.9434964656829834
gptoss,220045825,51,2.6675283908843994
gptoss,220045826,51,3.222764015197754
gptoss,220045828,51,2.901931047439575
gptoss,220045831,51,3.146449565887451
gptoss,220045835,51,5.523830890655518
gptoss,220045906,51,3.485701560974121
gptoss,220045915,51,3.864238977432251
gptoss,220045953,51,3.295374870300293
gptoss,220046222,51,2.555471658706665
gptoss,220046453,51,3.2424240112304688
gptoss,220046465,51,3.390648365020752
gptoss,220046499,51,4.191897392272949
gptoss,220046510,51,3.87178635597229
gptoss,220046814,51,2.6061441898345947
gptoss,220047070,51,2.970365524291992
gptoss,220047186,51,3.6888561248779297
gptoss,220047251,51,3.9600937366485596
gptoss,220047266,51,3.6082980632781982
gptoss,220047363,51,2.645711660385132
gptoss,220047771,51,3.6907594203948975
gptoss,220047822,51,3.043626308441162
gptoss,220047831,51,3.975421190261841
gptoss,220047862,51,3.2661314010620117
gptoss,220047871,51,4.460392951965332
gptoss,220047976,51,3.6184563636779785
gptoss,220048083,51,2.9148647785186768
gptoss,220048213,51,3.3169660568237305
gptoss,220048228,51,2.8000681400299072
gptoss,220049701,51,2.760167121887207
gptoss,220059617,51,3.3639988899230957
gptoss,220060899,51,2.7626466751098633
gptoss,220250648,51,4.274496555328369
gptoss,220265679,51,4.313823699951172
gptoss,220280994,51,3.6980111598968506
gptoss,220330688,51,2.629882335662842
gptoss,220331638,51,2.8716492652893066
gptoss,220363596,51,4.150385856628418
gptoss,220364230,51,5.498987197875977
gptoss,220425360,51,4.802928924560547
gptoss,220525491,51,4.64646053314209
gptoss,220546439,51,4.49630880355835
gptoss,220686630,51,2.6188414096832275
gptoss,220794027,51,3.6137003898620605
gptoss,220919861,51,3.3659210205078125
gptoss,221005781,51,3.562894105911255
gptoss,221090091,51,2.689298629760742
gptoss,221090332,51,2.452383041381836
gptoss,221150562,51,3.7050352096557617
gptoss,221246333,51,3.246614456176758
gptoss,221376974,51,4.266016483306885
gptoss,221517069,51,2.396085023880005
gptoss,221640658,51,3.733480215072632
gptoss,221702970,51,4.418857574462891
gptoss,221703773,51,3.784256935119629
gptoss,221738937,51,4.179244041442871
gptoss,221738987,51,2.9987800121307373
gptoss,221739233,51,3.982799768447876
gptoss,221739295,51,3.8912901878356934
gptoss,221739314,51,4.080223083496094
gptoss,221749138,51,3.0822079181671143
gptoss,221761251,51,3.2287471294403076
gptoss,221761320,51,3.7924044132232666
gptoss,221761685,51,3.0738542079925537
gptoss,221802738,51,3.908200263977051
gptoss,221802772,51,4.220263481140137
gptoss,221818878,51,3.3345139026641846
gptoss,221835708,51,2.946085214614868
gptoss,221836078,51,5.517192840576172
gptoss,221836081,51,3.1350865364074707
gptoss,221845203,51,7.230724811553955
gptoss,221857750,51,3.8401758670806885
gptoss,221878973,51,3.967280387878418
gptoss,221879025,51,4.571200370788574
gptoss,221948991,51,3.4892914295196533
gptoss,221949175,51,3.5958621501922607
gptoss,221949448,51,3.321375846862793
gptoss,221970112,51,4.8463616371154785
gptoss,221970445,51,3.6725194454193115
gptoss,221970493,51,3.735929250717163
gptoss,221995543,51,4.002111911773682
gptoss,221995630,51,5.013772487640381
gptoss,221996144,51,2.901146173477173
gptoss,222008363,51,3.071542263031006
gptoss,222066712,51,3.484952449798584
gptoss,222090330,51,3.442781686782837
gptoss,222090412,51,4.516637325286865
gptoss,222103842,51,4.803965091705322
gptoss,222124366,51,5.015578269958496
gptoss,222124934,51,3.913344383239746
gptoss,222125099,51,4.887446880340576
gptoss,222132916,51,4.419203281402588
gptoss,222133028,51,3.1653220653533936
gptoss,222133166,51,3.231910467147827
gptoss,222134074,51,2.6331429481506348
gptoss,222134115,51,3.061497688293457
gptoss,222140803,51,2.8991293907165527
gptoss,222140969,51,2.5803303718566895
gptoss,222141043,51,3.833950996398926
gptoss,222141045,51,2.543640375137329
gptoss,222141054,51,4.464249610900879
gptoss,222141056,51,3.716615915298462
gptoss,222141483,51,3.0709922313690186
gptoss,222141790,51,3.340960741043091
gptoss,222142129,51,4.043859004974365
gptoss,222156681,51,3.4434897899627686
gptoss,222176890,51,5.069188594818115
gptoss,222177069,51,3.66501522064209
gptoss,222177127,51,2.7686736583709717
gptoss,222177239,51,2.7127914428710938
gptoss,222177485,51,4.522604465484619
gptoss,222177762,51,2.902177572250366
gptoss,222177767,51,2.5988426208496094
gptoss,222177851,51,2.9186675548553467
gptoss,222205878,51,3.20483136177063
gptoss,222208701,51,4.269853591918945
gptoss,222208714,51,3.80336332321167
gptoss,222208845,51,2.481006383895874
gptoss,222208958,51,3.685638666152954
gptoss,222208984,51,3.274301290512085
gptoss,222209112,51,3.144336700439453
gptoss,222225253,51,3.114950180053711
gptoss,222271911,51,3.0020217895507812
gptoss,222272319,51,3.157916307449341
gptoss,222272447,51,3.7305824756622314
gptoss,222290596,51,4.000641822814941
gptoss,222290670,51,5.522367477416992
gptoss,222290677,51,2.940986394882202
gptoss,222290679,51,3.1492955684661865
gptoss,222290752,51,4.585796356201172
gptoss,222290851,51,3.3873000144958496
gptoss,222291117,51,3.8116869926452637
gptoss,222291132,51,3.5753586292266846
gptoss,222291386,51,3.6331021785736084
gptoss,222291532,51,4.849455833435059
gptoss,222291619,51,2.7228808403015137
gptoss,222306079,51,3.4357316493988037
gptoss,222310116,51,3.262770175933838
gptoss,222310469,51,3.372030735015869
gptoss,222310559,51,3.8965251445770264
gptoss,222310618,51,4.6464385986328125
gptoss,222310689,51,3.03436279296875
gptoss,222310761,51,3.1114847660064697
gptoss,222310837,51,4.157031059265137
gptoss,222341502,51,3.486273765563965
gptoss,222341606,51,3.7009549140930176
gptoss,222341713,51,4.536524772644043
gptoss,222341867,51,4.262723922729492
gptoss,222377768,51,4.554322242736816
gptoss,222379195,51,4.116816997528076
gptoss,223953395,51,2.9957778453826904
gptoss,223953416,51,4.912904262542725
gptoss,223957053,51,4.1072821617126465
gptoss,224704949,51,3.6862552165985107
gptoss,224705337,51,4.506790637969971
gptoss,224706384,51,3.1215732097625732
gptoss,224724415,51,4.617448806762695
gptoss,224802782,51,3.049610137939453
gptoss,224803298,51,3.0932834148406982
gptoss,224803491,51,4.135617256164551
gptoss,224803588,51,4.709500789642334
gptoss,224814107,51,5.410731792449951
gptoss,224818197,51,3.866485118865967
gptoss,225039884,51,2.716653823852539
gptoss,225040672,51,2.8889124393463135
gptoss,225041226,51,3.621798515319824
gptoss,225062282,51,4.1341166496276855
gptoss,225062337,51,3.944842576980591
gptoss,225066679,51,3.0161147117614746
gptoss,225066984,51,4.870604515075684
gptoss,225067055,51,5.1550445556640625
gptoss,225067077,51,3.5094239711761475
gptoss,225067549,51,3.5838072299957275
gptoss,225067563,51,3.846228837966919
gptoss,225067713,51,3.225646495819092
gptoss,225068329,51,4.622804641723633
gptoss,225070214,51,2.824265956878662
gptoss,225074971,51,2.8750340938568115
gptoss,225075639,51,3.7664592266082764
gptoss,225094152,51,3.0652811527252197
gptoss,225103036,51,3.0607025623321533
gptoss,226222232,51,5.241863250732422
gptoss,226226607,51,4.805063247680664
gptoss,226226666,51,3.956247329711914
gptoss,226226744,51,4.382358074188232
gptoss,226227390,51,3.4568443298339844
gptoss,226236740,51,3.5294113159179688
gptoss,226237179,51,2.546842098236084
gptoss,226237546,51,3.105740785598755
gptoss,226245979,51,2.752556562423706
gptoss,226254361,51,3.431527853012085
gptoss,226262191,51,4.421988487243652
gptoss,226262204,51,4.300058841705322
gptoss,226262205,51,4.7841668128967285
gptoss,226262224,51,2.7337753772735596
gptoss,226262227,51,3.035331964492798
gptoss,226262252,51,3.071484088897705
gptoss,226262263,51,2.8802385330200195
gptoss,226262266,51,3.163983106613159
gptoss,226262283,51,3.1400277614593506
gptoss,226262284,51,2.817439317703247
gptoss,226262316,51,4.334020137786865
gptoss,226262325,51,3.700573205947876
gptoss,226262344,51,3.5342166423797607
gptoss,226262349,51,2.807680368423462
gptoss,226262425,51,4.628239154815674
gptoss,226278099,51,2.7858242988586426
gptoss,226281376,51,2.871997833251953
gptoss,226281660,51,4.275719165802002
gptoss,226283452,51,2.446611166000366
gptoss,226283533,51,3.194636106491089
gptoss,226283593,51,4.771190166473389
gptoss,226283779,51,3.9263064861297607
gptoss,226283839,51,6.025332450866699
gptoss,226283910,51,5.543844699859619
gptoss,226283984,51,3.9587056636810303
gptoss,226284018,51,3.0423078536987305
gptoss,227230267,51,2.725426435470581
gptoss,227230896,51,2.580564022064209
gptoss,227231059,51,3.209108591079712
gptoss,227231123,51,3.6180567741394043
gptoss,227231240,51,4.284073352813721
gptoss,227231454,51,4.800239562988281
gptoss,227231541,51,3.3198442459106445
gptoss,227231632,51,3.186343193054199
gptoss,227231689,51,4.162746429443359
gptoss,227255526,51,5.140405178070068
gptoss,227745074,51,3.854816198348999
gptoss,227840539,51,2.6778764724731445
gptoss,229152766,51,4.5136189460754395
gptoss,229363636,51,3.1670095920562744
gptoss,229365667,51,2.869910478591919
gptoss,229365773,51,3.453611373901367
gptoss,229365839,51,4.061484336853027
gptoss,229371560,51,4.032978057861328
gptoss,229376913,51,5.354314804077148
gptoss,229376920,51,4.585561275482178
gptoss,229679941,51,4.930330753326416
gptoss,229923069,51,4.147182464599609
gptoss,229923118,51,4.90143346786499
gptoss,229923196,51,5.5643157958984375
gptoss,229923207,51,3.1359944343566895
gptoss,229923220,51,2.8526289463043213
gptoss,229923438,51,3.9566564559936523
gptoss,229923538,51,3.6143436431884766
gptoss,229923551,51,2.510124444961548
gptoss,229923747,51,3.322643756866455
gptoss,229923749,51,4.032594680786133
gptoss,229923903,51,3.5245649814605713
gptoss,229924005,51,2.798790216445923
gptoss,229924184,51,4.047278881072998
gptoss,229924220,51,4.46086311340332
gptoss,229924402,51,3.6363024711608887
gptoss,230119728,51,4.210691928863525
gptoss,230433978,51,3.282219409942627
gptoss,230434014,51,2.6130008697509766
gptoss,230437591,51,2.9109556674957275
gptoss,230437613,51,3.7168140411376953
gptoss,230438816,51,3.811701536178589
gptoss,231572779,51,4.810785293579102
gptoss,231592914,51,3.8029587268829346
gptoss,231648372,51,3.87270188331604
gptoss,231698419,51,2.520698308944702
gptoss,231698657,51,3.047405958175659
gptoss,231704318,51,3.2610256671905518
gptoss,231718729,51,4.625099182128906
gptoss,231719525,51,4.12222146987915
gptoss,231740666,51,3.4151389598846436
gptoss,231749968,51,3.9060845375061035
gptoss,231750020,51,2.9076621532440186
gptoss,231879840,51,2.851200819015503
gptoss,231951460,51,3.186638832092285
gptoss,232147874,51,4.440830707550049
gptoss,232185112,51,4.798121452331543
gptoss,232185275,51,3.283982753753662
gptoss,232185425,51,3.5247530937194824
gptoss,232185439,51,3.5491409301757812
gptoss,232222189,51,5.627461910247803
gptoss,232233408,51,4.66058349609375
gptoss,232233599,51,3.027372360229492
gptoss,232240181,51,3.670236110687256
gptoss,232257699,51,4.334284782409668
gptoss,232307006,51,2.711829423904419
gptoss,232307434,51,3.322269916534424
gptoss,232307483,51,4.02766752243042
gptoss,232335602,51,5.235245704650879
gptoss,232335863,51,3.0019967555999756
gptoss,232404131,51,3.234380006790161
gptoss,232478685,51,3.0023815631866455
gptoss,233004708,51,3.354123592376709
gptoss,233033916,51,3.5937983989715576
gptoss,233189542,51,6.054531097412109
gptoss,233189569,51,3.0847017765045166
gptoss,233204406,51,3.280158042907715
gptoss,233209848,51,2.926172971725464
gptoss,233210110,51,4.1449127197265625
gptoss,233210195,51,4.421117782592773
gptoss,233210199,51,3.410684823989868
gptoss,233210367,51,4.04237699508667
gptoss,233210556,51,2.5997331142425537
gptoss,233219387,51,3.646048069000244
gptoss,233219395,51,2.196828842163086
gptoss,233219660,51,3.3440840244293213
gptoss,233219933,51,3.166529655456543
gptoss,233231453,51,3.58078932762146
gptoss,233231592,51,3.793428659439087
gptoss,233240744,51,3.082488536834717
gptoss,233240759,51,2.8661017417907715
gptoss,233240823,51,3.6001360416412354
gptoss,233241004,51,4.125189304351807
gptoss,233241070,51,3.043346881866455
gptoss,233241169,51,3.2018580436706543
gptoss,233289620,51,3.4731242656707764
gptoss,233289621,51,4.093319892883301
gptoss,233289750,51,3.8950512409210205
gptoss,233296168,51,4.666500568389893
gptoss,233296182,51,5.308021068572998
gptoss,233296487,51,4.043561935424805
gptoss,233296511,51,3.711247444152832
gptoss,233296655,51,3.685457706451416
gptoss,233296689,51,4.216771602630615
gptoss,233296709,51,3.710583448410034
gptoss,233296775,51,4.228003025054932
gptoss,233297024,51,4.66322660446167
gptoss,233304563,51,2.9588727951049805
gptoss,233324564,51,4.229057312011719
gptoss,233365172,51,4.173725128173828
gptoss,233365339,51,2.503960132598877
gptoss,233423658,51,3.4092049598693848
gptoss,233444226,51,6.165988445281982
gptoss,233481097,51,4.690081596374512
gptoss,233864627,51,5.283261299133301
gptoss,234334712,51,2.714043140411377
gptoss,234335834,51,5.722461223602295
gptoss,234337605,51,3.1803107261657715
gptoss,234341137,51,3.267763614654541
gptoss,234469638,51,2.9648897647857666
gptoss,234469858,51,4.77331018447876
gptoss,234679287,51,2.74611759185791
gptoss,234679391,51,2.9610369205474854
gptoss,234681504,51,3.433901786804199
gptoss,234741719,51,3.705637216567993
gptoss,234762936,51,4.4975056648254395
gptoss,234763248,51,3.5179834365844727
gptoss,234778136,51,2.9321036338806152
gptoss,234790219,51,4.103724479675293
gptoss,235097275,51,3.347174644470215
gptoss,235097294,51,3.7978596687316895
gptoss,235097313,51,3.0986573696136475
gptoss,235097561,51,3.7484230995178223
gptoss,235097625,51,3.3427624702453613
gptoss,235097662,51,3.509385585784912
gptoss,235125628,51,4.337762355804443
gptoss,235166279,51,4.378539085388184
gptoss,235166395,51,3.769829034805298
gptoss,235166497,51,3.6301114559173584
gptoss,235187032,51,3.5833370685577393
gptoss,235196029,51,3.3981378078460693
gptoss,235196067,51,3.109611988067627
gptoss,235212088,51,3.2433254718780518
gptoss,235248187,51,2.5573770999908447
gptoss,235253782,51,3.2110400199890137
gptoss,235253912,51,2.748783588409424
gptoss,235254048,51,3.758962392807007
gptoss,235254574,51,3.730156183242798
gptoss,235254732,51,3.5570967197418213
gptoss,235254796,51,2.9537150859832764
gptoss,235265858,51,2.589993953704834
gptoss,235266233,51,4.144042015075684
gptoss,235266322,51,4.429765701293945
gptoss,235266324,51,3.362499713897705
gptoss,235293739,51,2.632746934890747
gptoss,235293774,51,3.0302045345306396
gptoss,235293802,51,3.3335931301116943
gptoss,235293967,51,4.3211989402771
gptoss,235294002,51,2.730455160140991
gptoss,235294081,51,3.5889089107513428
gptoss,235294296,51,5.005822658538818
gptoss,235313431,51,2.9992220401763916
gptoss,235313469,51,2.7319648265838623
gptoss,235313508,51,2.962681531906128
gptoss,235313546,51,2.602898359298706
gptoss,235313658,51,2.832427501678467
gptoss,235313785,51,3.403745174407959
gptoss,235313788,51,3.1109189987182617
gptoss,235313818,51,2.8956186771392822
gptoss,235313879,51,3.3541831970214844
gptoss,235313916,51,3.500924587249756
gptoss,235313996,51,3.4366252422332764
gptoss,235352646,51,4.4068684577941895
gptoss,235358130,51,3.821812629699707
gptoss,235358897,51,4.374775409698486
gptoss,235358955,51,3.1588551998138428
gptoss,235359141,51,4.687063217163086
gptoss,235364002,51,2.823753595352173
gptoss,235364036,51,2.720587968826294
gptoss,235367681,51,2.448456048965454
gptoss,235368202,51,4.325390338897705
gptoss,235390503,51,2.9867732524871826
gptoss,235391043,51,4.628390312194824
gptoss,235415270,51,3.626612663269043
gptoss,235417102,51,3.3346691131591797
gptoss,235417177,51,2.9467811584472656
gptoss,235417503,51,3.6428935527801514
gptoss,235422047,51,3.2096500396728516
gptoss,235433328,51,3.749497175216675
gptoss,235446895,51,2.8668291568756104
gptoss,235457983,51,2.518033504486084
gptoss,235458570,51,3.2411937713623047
gptoss,235458620,51,4.290740966796875
gptoss,235458643,51,4.052759170532227
gptoss,235485451,51,3.437121629714966
gptoss,235490087,51,3.744662284851074
gptoss,235652287,51,3.959310293197632
gptoss,235669861,51,3.8777220249176025
gptoss,235683062,51,4.693229675292969
gptoss,235683485,51,4.395989418029785
gptoss,235694265,51,5.089574813842773
gptoss,235720578,51,3.0363609790802
gptoss,235794968,51,3.0104947090148926
gptoss,235795670,51,3.846684455871582
gptoss,235828923,51,4.181852340698242
gptoss,235828943,51,2.9918291568756104
gptoss,235898896,51,4.307262420654297
gptoss,236087808,51,2.3836100101470947
gptoss,236171157,51,3.723209857940674
gptoss,236428724,51,2.6087443828582764
gptoss,236428961,51,2.6192240715026855
gptoss,236459819,51,3.6676459312438965
gptoss,236459826,51,3.0970873832702637
gptoss,236459873,51,3.86027193069458
gptoss,236459933,51,3.640944719314575
gptoss,236459946,51,3.2049307823181152
gptoss,236459953,51,4.121731758117676
gptoss,236460001,51,3.135309934616089
gptoss,236460053,51,3.1096880435943604
gptoss,236460056,51,3.841632604598999
gptoss,236460087,51,3.017695426940918
gptoss,236460102,51,3.5462749004364014
gptoss,236460230,51,2.3199126720428467
gptoss,236460239,51,3.898641347885132
gptoss,236460257,51,3.2454001903533936
gptoss,236460275,51,5.089576721191406
gptoss,236460302,51,4.929967403411865
gptoss,236460322,51,2.3874504566192627
gptoss,236477365,51,3.755824327468872
gptoss,236477682,51,2.613189697265625
gptoss,236477844,51,3.7613816261291504
gptoss,236477909,51,3.0878376960754395
gptoss,236478188,51,3.8809969425201416
gptoss,236478383,51,2.5459864139556885
gptoss,236912915,51,3.7831122875213623
gptoss,236924832,51,4.751398086547852
gptoss,236956577,51,4.398000240325928
gptoss,237091377,51,3.33469820022583
gptoss,237213465,51,2.963541030883789
gptoss,237251782,51,3.763486862182617
gptoss,237263305,51,3.7641217708587646
gptoss,237304047,51,3.205202579498291
gptoss,237304067,51,3.636101007461548
gptoss,237304520,51,3.471012830734253
gptoss,237346893,51,3.9158616065979004
gptoss,237346897,51,5.234358787536621
gptoss,237347122,51,3.4696788787841797
gptoss,237353665,51,3.6535093784332275
gptoss,237365058,51,3.438337802886963
gptoss,237386676,51,3.075932502746582
gptoss,237416760,51,4.465341567993164
gptoss,237420398,51,3.4274373054504395
gptoss,237420821,51,2.956778049468994
gptoss,237421373,51,4.132847309112549
gptoss,237431340,51,7.275702953338623
gptoss,237433655,51,3.9516327381134033
gptoss,237439400,51,2.7232916355133057
gptoss,237440319,51,3.2863693237304688
gptoss,237442211,51,3.3585619926452637
gptoss,237442331,51,5.801830291748047
gptoss,237452184,51,3.9452292919158936
gptoss,237452236,51,3.296290159225464
gptoss,237453242,51,3.011021852493286
gptoss,237453543,51,3.520617961883545
gptoss,237453590,51,2.8674073219299316
gptoss,237454564,51,3.5156607627868652
gptoss,237485098,51,2.7738089561462402
gptoss,237485454,51,3.852055311203003
gptoss,237485472,51,4.005952835083008
gptoss,237485586,51,3.405029773712158
gptoss,237490811,51,3.2487142086029053
gptoss,237491053,51,5.245299339294434
gptoss,237491444,51,2.566847324371338
gptoss,237491751,51,2.7187936305999756
gptoss,237492043,51,2.6655642986297607
gptoss,237492197,51,3.519061803817749
gptoss,237500283,51,2.716750144958496
gptoss,237504105,51,2.6383371353149414
gptoss,237507028,51,5.137444019317627
gptoss,237513360,51,3.31669545173645
gptoss,237532321,51,2.997643232345581
gptoss,237532404,51,2.8523342609405518
gptoss,237561567,51,4.887048244476318
gptoss,237562875,51,2.9818379878997803
gptoss,237562927,51,3.1892850399017334
gptoss,237568724,51,4.602559566497803
gptoss,237571370,51,2.8591387271881104
gptoss,237571691,51,3.880859136581421
gptoss,237572304,51,3.1967623233795166
gptoss,237581068,51,3.3882060050964355
gptoss,237698810,51,3.702439546585083
gptoss,237940082,51,3.7621307373046875
gptoss,237940206,51,3.7780795097351074
gptoss,237940558,51,3.4530673027038574
gptoss,238198104,51,3.141101598739624
gptoss,238198383,51,2.4400253295898438
gptoss,238226978,51,3.533679962158203
gptoss,238259221,51,2.5281834602355957
gptoss,238259403,51,3.9306018352508545
gptoss,238634750,51,4.1876397132873535
gptoss,238744497,51,3.5374131202697754
gptoss,238856828,51,4.136995792388916
gptoss,238856900,51,4.198748588562012
gptoss,238857078,51,2.964406967163086
gptoss,238857121,51,3.5301711559295654
gptoss,238857301,51,3.7299201488494873
gptoss,238857304,51,4.177328586578369
gptoss,239009558,51,3.2473182678222656
gptoss,239009606,51,3.440434455871582
gptoss,239015827,51,3.581752300262451
gptoss,239015946,51,4.626259803771973
gptoss,239016123,51,4.335690021514893
gptoss,239016717,51,3.3689053058624268
gptoss,239016893,51,3.0420267581939697
gptoss,239049842,51,3.1627955436706543
gptoss,240225648,51,4.65259313583374
gptoss,240288892,51,4.031842231750488
gptoss,241032941,51,3.3141932487487793
gptoss,241033259,51,4.387969493865967
gptoss,241583340,51,3.3000245094299316
gptoss,241583576,51,2.5612144470214844
gptoss,243865127,51,3.0172502994537354
gptoss,243865204,51,3.715282440185547
gptoss,243865235,51,4.0317277908325195
gptoss,243865296,51,3.0775017738342285
gptoss,243865314,51,3.3711395263671875
gptoss,243865355,51,3.2955081462860107
gptoss,243865391,51,3.136713743209839
gptoss,243865395,51,3.208281993865967
gptoss,243865399,51,3.8995020389556885
gptoss,244117167,51,2.640770196914673
gptoss,244909056,51,4.18046760559082
gptoss,245124270,51,4.673890113830566
gptoss,245130931,51,5.454116344451904
gptoss,245131402,51,3.700695514678955
gptoss,245144752,51,2.862375259399414
gptoss,245218563,51,4.192673683166504
gptoss,245218671,51,5.3585052490234375
gptoss,245218982,51,3.3518078327178955
gptoss,245219268,51,4.017969131469727
gptoss,245219282,51,3.955897331237793
gptoss,245334784,51,4.377298831939697
gptoss,245836939,51,4.088515281677246
gptoss,245853756,51,2.9922056198120117
gptoss,245855870,51,3.4105868339538574
gptoss,246016271,51,3.477726936340332
gptoss,246017095,51,4.298229694366455
gptoss,246063436,51,2.8659329414367676
gptoss,246867373,51,3.3022496700286865
gptoss,247158838,51,4.093722820281982
gptoss,247159046,51,3.488661289215088
gptoss,247187588,51,3.721130609512329
gptoss,247222710,51,2.635153293609619
gptoss,247291740,51,2.852632522583008
gptoss,247315166,51,3.5283617973327637
gptoss,247315260,51,3.4671196937561035
gptoss,247362971,51,3.0397796630859375
gptoss,247411350,51,3.4836361408233643
gptoss,247446572,51,4.1008710861206055
gptoss,247446894,51,3.7617385387420654
gptoss,247447662,51,3.847874641418457
gptoss,247450580,51,3.0398776531219482
gptoss,247450969,51,3.3678603172302246
gptoss,247451025,51,3.520846128463745
gptoss,247451243,51,3.7756974697113037
gptoss,247475919,51,6.832950115203857
gptoss,247518984,51,2.832458019256592
gptoss,247519084,51,3.566929578781128
gptoss,247593812,51,2.945167064666748
gptoss,247594302,51,3.6354942321777344
gptoss,247594716,51,3.9200544357299805
gptoss,247594869,51,2.9508023262023926
gptoss,247595094,51,3.205434560775757
gptoss,247595225,51,3.304016351699829
gptoss,247596835,51,3.914949893951416
gptoss,247748640,51,3.7713584899902344
gptoss,247748753,51,3.1892518997192383
gptoss,247748809,51,5.872403144836426
gptoss,247762948,51,3.845745801925659
gptoss,247792843,51,3.231639862060547
gptoss,247849293,51,2.91195011138916
gptoss,247958465,51,4.324117660522461
gptoss,248069378,51,3.475825548171997
gptoss,248085045,51,3.311607837677002
gptoss,248118588,51,3.583280324935913
gptoss,248118703,51,2.3682780265808105
gptoss,248157348,51,3.6687726974487305
gptoss,248227577,51,3.206815242767334
gptoss,248227660,51,3.819110631942749
gptoss,248239933,51,3.5239315032958984
gptoss,248377325,51,5.288383483886719
gptoss,248377585,51,2.689406633377075
gptoss,248406097,51,3.026841878890991
gptoss,248427016,51,3.242706537246704
gptoss,248476156,51,3.438051700592041
gptoss,248512779,51,3.193429708480835
gptoss,248524999,51,4.752518653869629
gptoss,248721950,51,2.5343751907348633
gptoss,248779865,51,4.9432454109191895
gptoss,248780015,51,3.7364678382873535
gptoss,248780118,51,3.217276096343994
gptoss,248780173,51,2.557058572769165
gptoss,248780372,51,4.169369697570801
gptoss,248780440,51,2.920423984527588
gptoss,248780469,51,3.6506409645080566
gptoss,248780517,51,2.399264097213745
gptoss,248811704,51,3.092527389526367
gptoss,248888019,51,2.898939371109009
gptoss,248962000,51,2.3798718452453613
gptoss,248987526,51,3.7307050228118896
gptoss,249062699,51,5.850115776062012
gptoss,249062866,51,3.991938591003418
gptoss,249151979,51,3.351954936981201
gptoss,249172784,51,3.068066120147705
gptoss,249209909,51,2.413552761077881
gptoss,249240598,51,3.330707311630249
gptoss,249687727,51,3.6580100059509277
gptoss,250311114,51,2.791897773742676
gptoss,250390839,51,2.8206169605255127
gptoss,250390923,51,3.071202278137207
gptoss,251765463,51,3.16306209564209
gptoss,252089779,51,3.391629219055176
gptoss,252439211,51,4.131982803344727
gptoss,252693442,51,3.0982532501220703
gptoss,252735160,51,3.7897932529449463
gptoss,252735212,51,4.667619228363037
gptoss,252762414,51,3.2389042377471924
gptoss,252780775,51,3.5150508880615234
gptoss,252815378,51,4.298867702484131
gptoss,252846273,51,2.7478604316711426
gptoss,252873593,51,4.652774810791016
gptoss,252907428,51,3.4212939739227295
gptoss,252967945,51,3.2008156776428223
gptoss,252992571,51,2.143733263015747
gptoss,253018348,51,3.39264178276062
gptoss,253097741,51,3.603473424911499
gptoss,253098632,51,3.097745656967163
gptoss,253107167,51,3.226301431655884
gptoss,253157899,51,3.3074567317962646
gptoss,253224433,51,3.9634311199188232
gptoss,253237701,51,5.423882484436035
gptoss,253244049,51,5.1694817543029785
gptoss,253420743,51,4.856842041015625
gptoss,253447251,51,2.987027883529663
gptoss,253510953,51,2.706643581390381
gptoss,253735139,51,3.7367851734161377
gptoss,253762071,51,4.458413124084473
gptoss,254275120,51,3.63897705078125
gptoss,254591242,51,5.9788079261779785
gptoss,254686088,51,3.0672881603240967
gptoss,254823156,51,3.4662044048309326
gptoss,254854009,51,3.2635161876678467
gptoss,254854257,51,3.053086519241333
gptoss,254854495,51,4.470493316650391
gptoss,254877229,51,3.201760768890381
gptoss,254877371,51,4.313086032867432
gptoss,254877569,51,4.271261692047119
gptoss,254877590,51,5.715852737426758
gptoss,256461033,51,3.4732871055603027
gptoss,257365015,51,5.4164886474609375
gptoss,257833897,51,3.003117561340332
gptoss,258352678,51,4.320353031158447
gptoss,258378275,51,3.93894362449646
gptoss,258480165,51,3.6545286178588867
gptoss,258547173,51,5.064244747161865
gptoss,258762343,51,4.239320278167725
gptoss,258822870,51,3.5899746417999268
gptoss,258832427,51,4.690694332122803
gptoss,258865558,51,3.210441827774048
gptoss,258887946,51,3.5139012336730957
gptoss,258947457,51,5.056911468505859
gptoss,258967265,51,3.899709939956665
gptoss,259251773,51,3.4362545013427734
gptoss,259370700,51,3.6808013916015625
gptoss,259370817,51,4.05377197265625
gptoss,259370847,51,5.258698463439941
gptoss,259847758,51,3.690772533416748
gptoss,260316324,51,3.2783403396606445
gptoss,260490640,51,3.9663589000701904
gptoss,260537993,51,3.402667999267578
gptoss,260557571,51,3.7243316173553467
gptoss,260704223,51,3.299691915512085
gptoss,261432085,51,3.724303960800171
gptoss,263266654,51,3.4716758728027344
gptoss,263334529,51,3.880697727203369
gptoss,263610040,51,3.678915500640869
gptoss,263797079,51,2.646418809890747
gptoss,263797641,51,4.380182266235352
gptoss,263864711,51,4.291995525360107
gptoss,263876556,51,3.5564582347869873
gptoss,263877300,51,2.752410888671875
gptoss,263883914,51,2.6269781589508057
gptoss,263883936,51,2.9396677017211914
gptoss,264147090,51,4.375845432281494
gptoss,264591429,51,7.011808395385742
gptoss,264719695,51,5.406460762023926
gptoss,265067269,51,3.0354902744293213
gptoss,265157516,51,4.39137077331543
gptoss,265157884,51,3.8347854614257812
gptoss,265212821,51,4.729791164398193
gptoss,265221210,51,4.04810094833374
gptoss,265607943,51,3.7373812198638916
gptoss,265608038,51,4.126278877258301
gptoss,265608057,51,2.5574140548706055
gptoss,265962751,51,5.518210411071777
gptoss,268357635,51,5.187073230743408
gptoss_medium,543,51,3.0322887897491455
gptoss_medium,1105,51,4.49360990524292
gptoss_medium,1587,51,2.5429673194885254
gptoss_medium,17355,51,2.6680593490600586
gptoss_medium,20744,51,3.2193655967712402
gptoss_medium,39011,51,2.8870115280151367
gptoss_medium,41263,51,3.3263919353485107
gptoss_medium,61274,51,2.776423692703247
gptoss_medium,89639,51,3.3690848350524902
gptoss_medium,92327,51,3.381485939025879
gptoss_medium,94285,51,3.5534939765930176
gptoss_medium,96824,51,3.486342430114746
gptoss_medium,106054,51,4.107572555541992
gptoss_medium,115174,51,4.655625820159912
gptoss_medium,122829,51,2.530085563659668
gptoss_medium,126584,51,2.2016918659210205
gptoss_medium,133195,51,3.8287930488586426
gptoss_medium,138716,51,3.005620002746582
gptoss_medium,139787,51,3.0649399757385254
gptoss_medium,141282,51,2.6647000312805176
gptoss_medium,142368,51,2.334343671798706
gptoss_medium,146843,51,2.526646375656128
gptoss_medium,151184,51,2.6686997413635254
gptoss_medium,162169,51,2.4111340045928955
gptoss_medium,173611,51,2.6928064823150635
gptoss_medium,203279,51,2.5499603748321533
gptoss_medium,207468,51,3.656907796859741
gptoss_medium,217895,51,2.3898024559020996
gptoss_medium,220553,51,2.39276123046875
gptoss_medium,223637,51,3.2586984634399414
gptoss_medium,230735,51,2.962053060531616
gptoss_medium,235645,51,2.638059139251709
gptoss_medium,247735,51,3.4028005599975586
gptoss_medium,256149,51,2.7315196990966797
gptoss_medium,259144,51,4.686973571777344
gptoss_medium,306227,51,3.7802932262420654
gptoss_medium,326903,51,3.657853603363037
gptoss_medium,337390,51,3.3583388328552246
gptoss_medium,338760,51,2.4612245559692383
gptoss_medium,340852,51,2.8108768463134766
gptoss_medium,384520,51,3.266375780105591
gptoss_medium,406026,51,2.767545223236084
gptoss_medium,414569,51,4.31021785736084
gptoss_medium,437687,51,2.9216902256011963
gptoss_medium,441563,51,3.1466290950775146
gptoss_medium,472478,51,3.4122493267059326
gptoss_medium,497108,51,3.628267526626587
gptoss_medium,524450,51,3.625530242919922
gptoss_medium,557620,51,2.9405038356781006
gptoss_medium,560565,51,2.8432159423828125
gptoss_medium,574574,51,3.1922457218170166
gptoss_medium,577805,51,3.707503318786621
gptoss_medium,600412,51,3.7779600620269775
gptoss_medium,605706,51,3.151003122329712
gptoss_medium,617993,51,3.8206818103790283
gptoss_medium,630188,51,3.5477101802825928
gptoss_medium,631855,51,3.4575538635253906
gptoss_medium,652921,51,3.0038344860076904
gptoss_medium,687037,51,2.7101221084594727
gptoss_medium,696805,51,3.1588964462280273
gptoss_medium,725590,51,4.312441825866699
gptoss_medium,744471,51,2.6169257164001465
gptoss_medium,747342,51,2.923468828201294
gptoss_medium,767485,51,2.555049419403076
gptoss_medium,836219,51,4.1496758460998535
gptoss_medium,842881,51,4.587496280670166
gptoss_medium,845121,51,2.357196569442749
gptoss_medium,857321,51,2.9270987510681152
gptoss_medium,862713,51,3.7800300121307373
gptoss_medium,870211,51,3.824340343475342
gptoss_medium,881437,51,3.0509579181671143
gptoss_medium,905565,51,3.9482827186584473
gptoss_medium,930231,51,3.4711475372314453
gptoss_medium,931054,51,3.631683349609375
gptoss_medium,940795,51,3.1335411071777344
gptoss_medium,950358,51,2.127056360244751
gptoss_medium,955518,51,3.442099094390869
gptoss_medium,969555,51,4.680006504058838
gptoss_medium,989439,51,2.8822357654571533
gptoss_medium,1040556,51,3.3346593379974365
gptoss_medium,1044865,51,2.922572612762451
gptoss_medium,1066490,51,2.6853089332580566
gptoss_medium,1077383,51,3.0670201778411865
gptoss_medium,1104123,51,4.5054545402526855
gptoss_medium,1117579,51,3.2592639923095703
gptoss_medium,1125916,51,2.9183716773986816
gptoss_medium,1137329,51,3.1825647354125977
gptoss_medium,1139225,51,2.599518060684204
gptoss_medium,1139492,51,3.373197555541992
gptoss_medium,1234375,51,2.594416856765747
gptoss_medium,1240016,51,2.4653098583221436
gptoss_medium,1254267,51,4.04247522354126
gptoss_medium,1260035,51,4.529680252075195
gptoss_medium,1267472,51,2.3695034980773926
gptoss_medium,1269020,51,2.3512279987335205
gptoss_medium,1311547,51,2.6543526649475098
gptoss_medium,1336493,51,2.9751996994018555
gptoss_medium,1356505,51,3.2597997188568115
gptoss_medium,1389483,51,3.6217455863952637
gptoss_medium,1434196,51,2.657898426055908
gptoss_medium,1499080,51,3.301854372024536
gptoss_medium,1508909,51,3.3074533939361572
gptoss_medium,1511192,51,3.129030227661133
gptoss_medium,1541076,51,3.0938310623168945
gptoss_medium,1553193,51,3.73103666305542
gptoss_medium,1563223,51,3.6370651721954346
gptoss_medium,1564278,51,2.979020833969116
gptoss_medium,1567400,51,2.8814704418182373
gptoss_medium,1570443,51,2.7724297046661377
gptoss_medium,1642392,51,3.000767230987549
gptoss_medium,1662415,51,3.803041458129883
gptoss_medium,1675452,51,2.6804275512695312
gptoss_medium,1689426,51,3.8721976280212402
gptoss_medium,1707814,51,4.337850093841553
gptoss_medium,1762731,51,4.131511688232422
gptoss_medium,1766244,51,3.290436029434204
gptoss_medium,1770102,51,3.229465961456299
gptoss_medium,1774259,51,3.4567782878875732
gptoss_medium,1828592,51,2.782222032546997
gptoss_medium,1828713,51,3.3815975189208984
gptoss_medium,1848109,51,2.8906190395355225
gptoss_medium,1854889,51,3.32002329826355
gptoss_medium,1862889,51,2.2641656398773193
gptoss_medium,1880070,51,3.373901844024658
gptoss_medium,1919756,51,3.4895308017730713
gptoss_medium,1929239,51,3.7284607887268066
gptoss_medium,1966079,51,3.3197696208953857
gptoss_medium,1969767,51,4.035251140594482
gptoss_medium,1992250,51,2.8141567707061768
gptoss_medium,2012188,51,2.9381461143493652
gptoss_medium,2021980,51,4.642629146575928
gptoss_medium,2061169,51,3.0030226707458496
gptoss_medium,2061341,51,3.6888315677642822
gptoss_medium,2131938,51,3.597050905227661
gptoss_medium,2140766,51,3.1431455612182617
gptoss_medium,2146847,51,5.308416366577148
gptoss_medium,2159818,51,4.734854221343994
gptoss_medium,2162648,51,3.109985828399658
gptoss_medium,2162860,51,3.489859104156494
gptoss_medium,2201909,51,2.7969088554382324
gptoss_medium,2204603,51,3.3783586025238037
gptoss_medium,2204967,51,3.022858142852783
gptoss_medium,2213896,51,3.435133218765259
gptoss_medium,2216180,51,2.051649570465088
gptoss_medium,2228719,51,4.114814281463623
gptoss_medium,2233498,51,2.968714475631714
gptoss_medium,2250656,51,2.5786402225494385
gptoss_medium,2267179,51,2.6907269954681396
gptoss_medium,2271146,51,2.3582682609558105
gptoss_medium,2302492,51,2.912802219390869
gptoss_medium,2303379,51,3.029629707336426
gptoss_medium,2317858,51,3.133366107940674
gptoss_medium,2318481,51,4.505000591278076
gptoss_medium,2325074,51,2.8700499534606934
gptoss_medium,2334067,51,2.4519076347351074
gptoss_medium,2367456,51,3.2406320571899414
gptoss_medium,2380086,51,3.123279094696045
gptoss_medium,2390655,51,2.762826442718506
gptoss_medium,2418468,51,3.415677785873413
gptoss_medium,2425494,51,3.233461380004883
gptoss_medium,2426309,51,3.5634827613830566
gptoss_medium,2434362,51,2.93546199798584
gptoss_medium,2454882,51,3.2040481567382812
gptoss_medium,2493033,51,2.535142660140991
gptoss_medium,2496355,51,3.1173949241638184
gptoss_medium,2556949,51,4.852354526519775
gptoss_medium,2574224,51,2.87760591506958
gptoss_medium,2592133,51,3.7353403568267822
gptoss_medium,2593903,51,2.8787102699279785
gptoss_medium,2597568,51,2.9465157985687256
gptoss_medium,2623009,51,3.1693003177642822
gptoss_medium,2625301,51,3.174747943878174
gptoss_medium,2654931,51,3.2914085388183594
gptoss_medium,2717698,51,3.9342706203460693
gptoss_medium,2742513,51,3.8231847286224365
gptoss_medium,2760254,51,3.3071563243865967
gptoss_medium,2782776,51,3.303267002105713
gptoss_medium,2783746,51,4.677533149719238
gptoss_medium,2790679,51,3.0804877281188965
gptoss_medium,2797612,51,3.2256808280944824
gptoss_medium,2812117,51,3.026027202606201
gptoss_medium,2816661,51,3.8431713581085205
gptoss_medium,2820782,51,3.894709348678589
gptoss_medium,2839348,51,3.148399829864502
gptoss_medium,2844066,51,2.7921042442321777
gptoss_medium,2867243,51,3.1882572174072266
gptoss_medium,2868247,51,2.4145967960357666
gptoss_medium,2882092,51,3.930483341217041
gptoss_medium,2887257,51,3.4520626068115234
gptoss_medium,2897037,51,2.4672632217407227
gptoss_medium,2905151,51,2.488452911376953
gptoss_medium,2937095,51,4.188724040985107
gptoss_medium,2944650,51,3.314297914505005
gptoss_medium,2948298,51,2.847278356552124
gptoss_medium,2952144,51,4.306965351104736
gptoss_medium,2973141,51,2.3826816082000732
gptoss_medium,2986205,51,3.2967746257781982
gptoss_medium,2990483,51,2.790510654449463
gptoss_medium,3016990,51,3.585824489593506
gptoss_medium,3033303,51,2.6842143535614014
gptoss_medium,3051772,51,4.179477214813232
gptoss_medium,3063394,51,2.8137316703796387
gptoss_medium,3065236,51,2.956854820251465
gptoss_medium,3083231,51,2.4648797512054443
gptoss_medium,3089175,51,2.477039098739624
gptoss_medium,3101865,51,4.09698486328125
gptoss_medium,3127682,51,4.292238235473633
gptoss_medium,3130692,51,3.8405940532684326
gptoss_medium,3132651,51,4.004003524780273
gptoss_medium,3144258,51,3.554300546646118
gptoss_medium,3160937,51,3.2829554080963135
gptoss_medium,3202289,51,4.489783763885498
gptoss_medium,3221856,51,3.2161927223205566
gptoss_medium,3222040,51,2.644829034805298
gptoss_medium,3257353,51,3.9120476245880127
gptoss_medium,3262717,51,2.865292549133301
gptoss_medium,3265924,51,4.085380554199219
gptoss_medium,3274110,51,3.4316658973693848
gptoss_medium,3278107,51,3.392786979675293
gptoss_medium,3282953,51,3.745494842529297
gptoss_medium,3291104,51,2.5222079753875732
gptoss_medium,3295641,51,3.310469150543213
gptoss_medium,3351788,51,3.0974035263061523
gptoss_medium,3401524,51,2.9643781185150146
gptoss_medium,3413244,51,3.4449784755706787
gptoss_medium,3426453,51,3.01213002204895
gptoss_medium,3438497,51,5.004677772521973
gptoss_medium,3504755,51,3.2235357761383057
gptoss_medium,3510042,51,2.81623911857605
gptoss_medium,3514435,51,3.133080244064331
gptoss_medium,3526062,51,2.9782681465148926
gptoss_medium,3526501,51,2.5923218727111816
gptoss_medium,3527244,51,3.4157662391662598
gptoss_medium,3527842,51,3.1239066123962402
gptoss_medium,3536005,51,3.1374855041503906
gptoss_medium,3555187,51,2.885788679122925
gptoss_medium,3565485,51,2.5784249305725098
gptoss_medium,3576631,51,2.989733934402466
gptoss_medium,3598758,51,3.7716968059539795
gptoss_medium,3623373,51,2.5140979290008545
gptoss_medium,3641676,51,4.044091701507568
gptoss_medium,3656086,51,2.6909983158111572
gptoss_medium,3662564,51,3.2278006076812744
gptoss_medium,3666937,51,3.198030471801758
gptoss_medium,3677429,51,4.193488121032715
gptoss_medium,3718988,51,4.38338565826416
gptoss_medium,3792324,51,3.022470474243164
gptoss_medium,3806582,51,3.810737133026123
gptoss_medium,3882054,51,3.9245617389678955
gptoss_medium,3896491,51,3.143150806427002
gptoss_medium,3913537,51,3.933607578277588
gptoss_medium,3932228,51,2.9191174507141113
gptoss_medium,3933075,51,2.8139498233795166
gptoss_medium,4248450,51,2.412163496017456
gptoss_medium,4310945,51,2.645111083984375
gptoss_medium,4311707,51,2.3826117515563965
gptoss_medium,4354069,51,2.3323895931243896
gptoss_medium,4406182,51,3.5345571041107178
gptoss_medium,4411469,51,3.0893990993499756
gptoss_medium,4460159,51,3.3774843215942383
gptoss_medium,4547415,51,4.7698588371276855
gptoss_medium,4588148,51,4.137397766113281
gptoss_medium,4623739,51,4.5875349044799805
gptoss_medium,4654482,51,2.833923101425171
gptoss_medium,4698173,51,3.1431214809417725
gptoss_medium,4702087,51,3.077996015548706
gptoss_medium,4715568,51,3.826620101928711
gptoss_medium,4732544,51,2.83070707321167
gptoss_medium,4792796,51,3.306872844696045
gptoss_medium,4829361,51,3.7634646892547607
gptoss_medium,4859003,51,2.488881826400757
gptoss_medium,4891749,51,3.5522003173828125
gptoss_medium,4894130,51,2.7552895545959473
gptoss_medium,4895939,51,3.109783172607422
gptoss_medium,4899062,51,3.0538790225982666
gptoss_medium,4929974,51,2.9263744354248047
gptoss_medium,4936344,51,3.7143874168395996
gptoss_medium,4942335,51,3.175173759460449
gptoss_medium,4948322,51,4.785516738891602
gptoss_medium,4953145,51,2.6708295345306396
gptoss_medium,4956100,51,4.037703514099121
gptoss_medium,4957155,51,3.2920751571655273
gptoss_medium,4975368,51,3.1496238708496094
gptoss_medium,4981128,51,3.0443997383117676
gptoss_medium,5001921,51,2.4698221683502197
gptoss_medium,5013006,51,4.178941249847412
gptoss_medium,5016370,51,2.6381211280822754
gptoss_medium,5019682,51,3.005537986755371
gptoss_medium,5020278,51,3.0475049018859863
gptoss_medium,5033484,51,3.082977294921875
gptoss_medium,5053850,51,3.3827290534973145
gptoss_medium,5062433,51,3.2165000438690186
gptoss_medium,5066019,51,3.6046342849731445
gptoss_medium,5068376,51,2.351375102996826
gptoss_medium,5068554,51,2.5100455284118652
gptoss_medium,5068596,51,3.5541188716888428
gptoss_medium,5071138,51,3.1819827556610107
gptoss_medium,5073886,51,3.3751015663146973
gptoss_medium,5092868,51,2.9942092895507812
gptoss_medium,5112038,51,3.015193462371826
gptoss_medium,5118729,51,3.604724168777466
gptoss_medium,5125975,51,2.4925334453582764
gptoss_medium,5163433,51,5.067865371704102
gptoss_medium,5165773,51,3.6162595748901367
gptoss_medium,5165854,51,3.542170286178589
gptoss_medium,5187426,51,2.865001678466797
gptoss_medium,5191821,51,2.9135847091674805
gptoss_medium,5204434,51,2.761237621307373
gptoss_medium,5213476,51,3.006805658340454
gptoss_medium,5234044,51,3.1322007179260254
gptoss_medium,5241137,51,3.9290611743927
gptoss_medium,5247929,51,2.5719363689422607
gptoss_medium,5252401,51,3.3392581939697266
gptoss_medium,5252952,51,4.447216033935547
gptoss_medium,5267356,51,2.9932355880737305
gptoss_medium,5403702,51,3.606348752975464
gptoss_medium,5410083,51,2.7857184410095215
gptoss_medium,5462493,51,2.500607490539551
gptoss_medium,5509911,51,2.8160629272460938
gptoss_medium,5519060,51,3.910555124282837
gptoss_medium,5535381,51,4.126046180725098
gptoss_medium,5557854,51,3.636712074279785
gptoss_medium,5591459,51,4.528244495391846
gptoss_medium,5617603,51,2.4963183403015137
gptoss_medium,5628616,51,4.321682929992676
gptoss_medium,5632184,51,2.7523653507232666
gptoss_medium,5636935,51,3.218991279602051
gptoss_medium,5649853,51,2.9205615520477295
gptoss_medium,5673925,51,2.99196720123291
gptoss_medium,5729159,51,3.1305439472198486
gptoss_medium,5737359,51,2.3323957920074463
gptoss_medium,5740960,51,3.8481643199920654
gptoss_medium,5761781,51,3.4781441688537598
gptoss_medium,5776384,51,2.422285318374634
gptoss_medium,5779419,51,2.5367836952209473
gptoss_medium,5802667,51,3.050157070159912
gptoss_medium,5815755,51,4.004495143890381
gptoss_medium,5816303,51,2.458449125289917
gptoss_medium,5818711,51,3.1941795349121094
gptoss_medium,5821457,51,3.235626697540283
gptoss_medium,5825949,51,3.2322938442230225
gptoss_medium,5859332,51,2.283923625946045
gptoss_medium,5968971,51,4.206367015838623
gptoss_medium,5993783,51,2.3427717685699463
gptoss_medium,6008960,51,4.411171913146973
gptoss_medium,6118285,51,2.4478325843811035
gptoss_medium,6157828,51,2.95239520072937
gptoss_medium,6183556,51,2.9264166355133057
gptoss_medium,6197592,51,3.4045207500457764
gptoss_medium,6206777,51,2.37555193901062
gptoss_medium,6222768,51,3.7371573448181152
gptoss_medium,6235360,51,2.701876163482666
gptoss_medium,6237722,51,3.057574987411499
gptoss_medium,6246116,51,3.4443271160125732
gptoss_medium,6246996,51,3.7690422534942627
gptoss_medium,6249194,51,3.5631563663482666
gptoss_medium,6263378,51,2.8733742237091064
gptoss_medium,6278207,51,2.636449098587036
gptoss_medium,6311642,51,3.280409336090088
gptoss_medium,6359641,51,3.042959690093994
gptoss_medium,6360322,51,4.042105197906494
gptoss_medium,6364632,51,2.53216814994812
gptoss_medium,6380915,51,2.8348705768585205
gptoss_medium,6397026,51,2.6049740314483643
gptoss_medium,6428039,51,2.360673666000366
gptoss_medium,6430837,51,3.0985779762268066
gptoss_medium,6441832,51,2.8646702766418457
gptoss_medium,6452487,51,2.7778828144073486
gptoss_medium,6453515,51,2.4413998126983643
gptoss_medium,6468765,51,3.214521646499634
gptoss_medium,6506243,51,5.051925182342529
gptoss_medium,6508854,51,2.8666276931762695
gptoss_medium,6529193,51,3.985058069229126
gptoss_medium,6532096,51,2.8649239540100098
gptoss_medium,6540287,51,3.0201497077941895
gptoss_medium,6541910,51,3.996913194656372
gptoss_medium,6551751,51,3.74290132522583
gptoss_medium,6561519,51,3.2673189640045166
gptoss_medium,6618571,51,3.1825945377349854
gptoss_medium,6627923,51,3.325937032699585
gptoss_medium,6660863,51,3.3747200965881348
gptoss_medium,6666052,51,3.240387439727783
gptoss_medium,6683636,51,3.2081971168518066
gptoss_medium,6713076,51,4.1747941970825195
gptoss_medium,6728280,51,3.1732449531555176
gptoss_medium,6737909,51,3.5822911262512207
gptoss_medium,6772589,51,2.4940707683563232
gptoss_medium,6797800,51,2.815756320953369
gptoss_medium,6803340,51,3.0913612842559814
gptoss_medium,6879481,51,2.076401948928833
gptoss_medium,6881637,51,2.931514263153076
gptoss_medium,6922426,51,2.5001206398010254
gptoss_medium,6981674,51,3.0432608127593994
gptoss_medium,7013414,51,2.228135108947754
gptoss_medium,7074119,51,3.3626391887664795
gptoss_medium,7100502,51,2.649493455886841
gptoss_medium,7139779,51,2.8770620822906494
gptoss_medium,7146903,51,4.752076148986816
gptoss_medium,7172294,51,3.7769839763641357
gptoss_medium,7182393,51,3.098724126815796
gptoss_medium,7197241,51,3.7773046493530273
gptoss_medium,7197724,51,2.686038017272949
gptoss_medium,7212585,51,2.900878429412842
gptoss_medium,7218315,51,3.772382974624634
gptoss_medium,7294125,51,2.731358289718628
gptoss_medium,7294316,51,4.1243157386779785
gptoss_medium,7311195,51,2.9475090503692627
gptoss_medium,7397938,51,3.7846293449401855
gptoss_medium,7403346,51,4.454502105712891
gptoss_medium,7410732,51,2.6335387229919434
gptoss_medium,7413367,51,3.168401002883911
gptoss_medium,7417943,51,3.382904052734375
gptoss_medium,7421176,51,2.900786876678467
gptoss_medium,7454072,51,3.3849103450775146
gptoss_medium,7473831,51,2.8589556217193604
gptoss_medium,7475429,51,3.50402569770813
gptoss_medium,7490434,51,2.956841230392456
gptoss_medium,7497218,51,2.6509082317352295
gptoss_medium,7499734,51,2.6736977100372314
gptoss_medium,7516595,51,2.361826181411743
gptoss_medium,7557552,51,3.2391812801361084
gptoss_medium,7617879,51,4.538306713104248
gptoss_medium,7658338,51,3.2275242805480957
gptoss_medium,7663461,51,5.480447292327881
gptoss_medium,7665329,51,2.653172254562378
gptoss_medium,7680936,51,3.155961751937866
gptoss_medium,7699280,51,2.5854058265686035
gptoss_medium,7708374,51,2.731067657470703
gptoss_medium,7752968,51,2.6671512126922607
gptoss_medium,7785983,51,3.693787097930908
gptoss_medium,7819714,51,3.2682385444641113
gptoss_medium,7890036,51,5.614629745483398
gptoss_medium,7988167,51,3.4307122230529785
gptoss_medium,8008954,51,2.6038074493408203
gptoss_medium,8012781,51,2.2466988563537598
gptoss_medium,8021351,51,3.0988614559173584
gptoss_medium,8031974,51,2.999138116836548
gptoss_medium,8052901,51,2.780975103378296
gptoss_medium,8066499,51,2.608837127685547
gptoss_medium,8198608,51,2.8514397144317627
gptoss_medium,8202418,51,3.7611756324768066
gptoss_medium,8229552,51,3.2398571968078613
gptoss_medium,8280711,51,2.5775954723358154
gptoss_medium,8387007,51,2.8299386501312256
gptoss_medium,8395799,51,2.925751209259033
gptoss_medium,8523995,51,2.722900152206421
gptoss_medium,8528301,51,2.622313976287842
gptoss_medium,8586038,51,3.859473943710327
gptoss_medium,8677917,51,3.233705520629883
gptoss_medium,8723181,51,2.776611089706421
gptoss_medium,8723311,51,3.5142953395843506
gptoss_medium,8821211,51,2.564234972000122
gptoss_medium,8940645,51,3.0992486476898193
gptoss_medium,9124334,51,2.8156816959381104
gptoss_medium,9134916,51,3.273846387863159
gptoss_medium,9135033,51,2.6602134704589844
gptoss_medium,9137624,51,2.2886078357696533
gptoss_medium,9163756,51,2.8898873329162598
gptoss_medium,9164793,51,2.7977380752563477
gptoss_medium,9187880,51,3.043421745300293
gptoss_medium,9192723,51,3.293494701385498
gptoss_medium,9197196,51,3.3214235305786133
gptoss_medium,9205021,51,3.882579803466797
gptoss_medium,9251622,51,2.876378297805786
gptoss_medium,9268430,51,3.851551055908203
gptoss_medium,9285053,51,3.147735357284546
gptoss_medium,9340391,51,3.7724475860595703
gptoss_medium,9345583,51,3.742117404937744
gptoss_medium,9385494,51,3.5118136405944824
gptoss_medium,9387600,51,2.912835121154785
gptoss_medium,9397697,51,4.626170635223389
gptoss_medium,9471817,51,3.1125967502593994
gptoss_medium,9471964,51,4.848928928375244
gptoss_medium,9483510,51,3.049478769302368
gptoss_medium,9524495,51,3.962437629699707
gptoss_medium,9591035,51,2.7504818439483643
gptoss_medium,9615470,51,3.4249024391174316
gptoss_medium,9626793,51,3.1130003929138184
gptoss_medium,9662636,51,3.7720000743865967
gptoss_medium,9700115,51,3.518653392791748
gptoss_medium,9711750,51,3.1703968048095703
gptoss_medium,9737200,51,2.95308780670166
gptoss_medium,9751546,51,2.524022102355957
gptoss_medium,9752897,51,2.8965556621551514
gptoss_medium,9767487,51,2.8665971755981445
gptoss_medium,9768369,51,3.313203811645508
gptoss_medium,9778036,51,2.57058048248291
gptoss_medium,9818013,51,4.383669853210449
gptoss_medium,9884935,51,3.7139809131622314
gptoss_medium,9917468,51,2.8453409671783447
gptoss_medium,9963298,51,3.02044677734375
gptoss_medium,10076790,51,3.307918071746826
gptoss_medium,10103200,51,3.7061102390289307
gptoss_medium,10135300,51,3.398930072784424
gptoss_medium,10186140,51,3.2851614952087402
gptoss_medium,10202504,51,3.1230034828186035
gptoss_medium,10281325,51,3.396467685699463
gptoss_medium,10348155,51,2.8485333919525146
gptoss_medium,10361075,51,4.2228007316589355
gptoss_medium,10366378,51,3.0790722370147705
gptoss_medium,10367294,51,3.424207925796509
gptoss_medium,10401980,51,2.445636510848999
gptoss_medium,10436313,51,3.0255613327026367
gptoss_medium,10480989,51,2.9571938514709473
gptoss_medium,10494183,51,2.8548810482025146
gptoss_medium,10509498,51,2.8065884113311768
gptoss_medium,10523208,51,2.8706576824188232
gptoss_medium,10573012,51,2.84458589553833
gptoss_medium,10606201,51,3.532116651535034
gptoss_medium,10643243,51,2.4881856441497803
gptoss_medium,10649571,51,2.9845383167266846
gptoss_medium,10691183,51,4.474225044250488
gptoss_medium,10728540,51,5.187845230102539
gptoss_medium,10898149,51,4.281766414642334
gptoss_medium,10913456,51,3.4809372425079346
gptoss_medium,11004224,51,2.8694188594818115
gptoss_medium,11022639,51,3.6286516189575195
gptoss_medium,11054023,51,3.1929335594177246
gptoss_medium,11074539,51,3.8522024154663086
gptoss_medium,11091552,51,3.4914965629577637
gptoss_medium,11128248,51,2.7897872924804688
gptoss_medium,11142668,51,2.593048095703125
gptoss_medium,11152489,51,2.0062451362609863
gptoss_medium,11157751,51,3.5619723796844482
gptoss_medium,11202365,51,3.0844855308532715
gptoss_medium,11262376,51,5.9586005210876465
gptoss_medium,11270374,51,5.278422832489014
gptoss_medium,11365698,51,3.07338547706604
gptoss_medium,11387463,51,2.4159510135650635
gptoss_medium,11391667,51,2.441997766494751
gptoss_medium,11505828,51,2.7213759422302246
gptoss_medium,11595344,51,3.387890338897705
gptoss_medium,11597846,51,2.6153361797332764
gptoss_medium,11626649,51,3.4018216133117676
gptoss_medium,11644259,51,3.1064517498016357
gptoss_medium,11650107,51,2.7462174892425537
gptoss_medium,11751039,51,3.4931368827819824
gptoss_medium,11754890,51,4.350423336029053
gptoss_medium,11771220,51,2.584678888320923
gptoss_medium,11777996,51,3.82116436958313
gptoss_medium,11805625,51,2.830918073654175
gptoss_medium,11866664,51,4.0628132820129395
gptoss_medium,11872486,51,2.8307957649230957
gptoss_medium,11879061,51,2.5933094024658203
gptoss_medium,12075649,51,3.840517044067383
gptoss_medium,12122749,51,2.8774876594543457
gptoss_medium,12187767,51,3.697129726409912
gptoss_medium,12203896,51,3.573955535888672
gptoss_medium,12220417,51,2.635812997817993
gptoss_medium,12230893,51,3.695798397064209
gptoss_medium,12241221,51,3.352053165435791
gptoss_medium,12245213,51,3.668083667755127
gptoss_medium,12266201,51,2.820202589035034
gptoss_medium,12294387,51,2.5686943531036377
gptoss_medium,12304778,51,3.5469536781311035
gptoss_medium,12320170,51,4.0102949142456055
gptoss_medium,12332957,51,3.333587646484375
gptoss_medium,12345746,51,3.1832780838012695
gptoss_medium,12355828,51,3.4208309650421143
gptoss_medium,12440940,51,3.2622931003570557
gptoss_medium,12451537,51,2.524740219116211
gptoss_medium,12585424,51,3.95461368560791
gptoss_medium,12586316,51,2.581103563308716
gptoss_medium,12588798,51,2.7298436164855957
gptoss_medium,12603385,51,2.5466763973236084
gptoss_medium,12607082,51,2.867217540740967
gptoss_medium,12615602,51,3.4579856395721436
gptoss_medium,12688069,51,2.8474667072296143
gptoss_medium,12744871,51,3.668332099914551
gptoss_medium,12807398,51,3.118135452270508
gptoss_medium,12847491,51,3.2466304302215576
gptoss_medium,12851711,51,2.5938525199890137
gptoss_medium,12926055,51,3.460583448410034
gptoss_medium,12938495,51,3.0613112449645996
gptoss_medium,12964363,51,2.6827781200408936
gptoss_medium,12998432,51,3.1943283081054688
gptoss_medium,13030311,51,3.9446375370025635
gptoss_medium,13100783,51,3.407097816467285
gptoss_medium,13214003,51,3.7210960388183594
gptoss_medium,13239813,51,3.029297113418579
gptoss_medium,13335042,51,3.617236852645874
gptoss_medium,13350236,51,2.8934667110443115
gptoss_medium,13495961,51,3.0750293731689453
gptoss_medium,13529592,51,4.518017292022705
gptoss_medium,13603998,51,3.1847987174987793
gptoss_medium,13675482,51,2.5562074184417725
gptoss_medium,13690180,51,3.095834732055664
gptoss_medium,13692090,51,3.101942777633667
gptoss_medium,13694466,51,5.1851277351379395
gptoss_medium,13696741,51,4.768383979797363
gptoss_medium,13701579,51,4.962941646575928
gptoss_medium,13745156,51,3.1780683994293213
gptoss_medium,13746570,51,2.7917544841766357
gptoss_medium,13746581,51,3.638702630996704
gptoss_medium,13746789,51,3.7307701110839844
gptoss_medium,13747425,51,4.105965614318848
gptoss_medium,13747961,51,3.0801703929901123
gptoss_medium,13748720,51,2.872380018234253
gptoss_medium,13751352,51,3.0020291805267334
gptoss_medium,13752894,51,2.8204145431518555
gptoss_medium,13753905,51,3.5892844200134277
gptoss_medium,13756572,51,2.341871500015259
gptoss_medium,13858533,51,3.3215723037719727
gptoss_medium,13916015,51,2.9190592765808105
gptoss_medium,13937253,51,2.697993278503418
gptoss_medium,13959787,51,3.3452799320220947
gptoss_medium,13972671,51,3.0326850414276123
gptoss_medium,14068705,51,3.7378158569335938
gptoss_medium,14091946,51,2.857409715652466
gptoss_medium,14099741,51,2.933459520339966
gptoss_medium,14141143,51,2.794508218765259
gptoss_medium,14155276,51,3.457958936691284
gptoss_medium,14169402,51,3.4029674530029297
gptoss_medium,14170854,51,3.161302328109741
gptoss_medium,14176162,51,3.0560147762298584
gptoss_medium,14186198,51,3.5315635204315186
gptoss_medium,14259080,51,2.9176902770996094
gptoss_medium,14291750,51,7.520380020141602
gptoss_medium,14301751,51,2.842682123184204
gptoss_medium,14328180,51,2.3397185802459717
gptoss_medium,14341841,51,3.2324345111846924
gptoss_medium,14358598,51,3.104656934738159
gptoss_medium,14404227,51,3.937847137451172
gptoss_medium,14407737,51,2.736332416534424
gptoss_medium,14421595,51,4.499423503875732
gptoss_medium,14429450,51,4.2196946144104
gptoss_medium,14434979,51,4.743672847747803
gptoss_medium,14441283,51,2.5500247478485107
gptoss_medium,14454803,51,3.7839176654815674
gptoss_medium,14472576,51,3.558178663253784
gptoss_medium,14500933,51,2.41750168800354
gptoss_medium,14502960,51,3.5255234241485596
gptoss_medium,14554263,51,3.588902473449707
gptoss_medium,14579508,51,3.826589584350586
gptoss_medium,14584778,51,2.600512981414795
gptoss_medium,14680675,51,3.398099422454834
gptoss_medium,14743706,51,3.582639694213867
gptoss_medium,14745914,51,3.1550447940826416
gptoss_medium,14760908,51,2.425783634185791
gptoss_medium,14776729,51,3.488076686859131
gptoss_medium,14800090,51,3.3756189346313477
gptoss_medium,14807742,51,2.9603867530822754
gptoss_medium,14818452,51,2.3939433097839355
gptoss_medium,14819490,51,2.809805393218994
gptoss_medium,14874026,51,2.9016501903533936
gptoss_medium,14878319,51,2.4960803985595703
gptoss_medium,14878646,51,2.9020235538482666
gptoss_medium,14879921,51,2.4988341331481934
gptoss_medium,15026764,51,2.7845089435577393
gptoss_medium,15040286,51,3.959739923477173
gptoss_medium,15065468,51,2.7469072341918945
gptoss_medium,15139323,51,2.7459521293640137
gptoss_medium,15197674,51,3.507755994796753
gptoss_medium,15201331,51,4.6601409912109375
gptoss_medium,15202196,51,2.6084702014923096
gptoss_medium,15213991,51,3.130419969558716
gptoss_medium,15220741,51,3.082002878189087
gptoss_medium,15279538,51,3.79196834564209
gptoss_medium,15281193,51,2.466998815536499
gptoss_medium,15281983,51,5.016549110412598
gptoss_medium,15324422,51,3.1891164779663086
gptoss_medium,15344879,51,2.3781025409698486
gptoss_medium,15376317,51,2.576897144317627
gptoss_medium,15382836,51,2.9830546379089355
gptoss_medium,15407650,51,2.711069107055664
gptoss_medium,15412473,51,3.962825298309326
gptoss_medium,15484870,51,3.023486852645874
gptoss_medium,15489071,51,2.527219772338867
gptoss_medium,15548746,51,2.7916812896728516
gptoss_medium,15600287,51,2.2964842319488525
gptoss_medium,15603670,51,4.47537899017334
gptoss_medium,15607400,51,2.6497108936309814
gptoss_medium,15620570,51,3.7311105728149414
gptoss_medium,15687295,51,3.426156759262085
gptoss_medium,15720214,51,2.9344468116760254
gptoss_medium,15728911,51,2.557533025741577
gptoss_medium,15757897,51,2.9809515476226807
gptoss_medium,15768663,51,2.393824815750122
gptoss_medium,15817938,51,3.4307751655578613
gptoss_medium,15828278,51,2.9678103923797607
gptoss_medium,15829781,51,2.8785672187805176
gptoss_medium,15842085,51,2.2751500606536865
gptoss_medium,15870937,51,3.458211898803711
gptoss_medium,15939234,51,3.0302934646606445
gptoss_medium,15961108,51,3.004873752593994
gptoss_medium,15976919,51,3.171717405319214
gptoss_medium,15980568,51,2.4521584510803223
gptoss_medium,15986631,51,3.7962656021118164
gptoss_medium,16039645,51,2.5588626861572266
gptoss_medium,16124522,51,3.488915205001831
gptoss_medium,16126936,51,3.021182060241699
gptoss_medium,16141969,51,2.6590893268585205
gptoss_medium,16227864,51,2.3668484687805176
gptoss_medium,16251657,51,3.8045687675476074
gptoss_medium,16290774,51,3.4580302238464355
gptoss_medium,16386838,51,3.6630027294158936
gptoss_medium,16391334,51,2.4249348640441895
gptoss_medium,16399303,51,3.246907949447632
gptoss_medium,16404002,51,2.7730207443237305
gptoss_medium,16504570,51,2.791584014892578
gptoss_medium,16509032,51,2.8902125358581543
gptoss_medium,16537814,51,2.777892827987671
gptoss_medium,16571013,51,2.451183319091797
gptoss_medium,16631020,51,2.7707407474517822
gptoss_medium,16661147,51,3.424656867980957
gptoss_medium,16766006,51,2.9467368125915527
gptoss_medium,16766506,51,3.4717049598693848
gptoss_medium,16787742,51,3.637260675430298
gptoss_medium,16788431,51,2.6783559322357178
gptoss_medium,16839291,51,3.1491873264312744
gptoss_medium,16839927,51,4.03260612487793
gptoss_medium,16863934,51,3.8664019107818604
gptoss_medium,16872779,51,2.050846576690674
gptoss_medium,16915526,51,3.0831127166748047
gptoss_medium,16998656,51,3.5314464569091797
gptoss_medium,17039365,51,2.638756036758423
gptoss_medium,17175925,51,2.952390432357788
gptoss_medium,17202384,51,2.830677032470703
gptoss_medium,17360001,51,2.947988986968994
gptoss_medium,17364624,51,3.935044050216675
gptoss_medium,17370242,51,3.272448778152466
gptoss_medium,17375754,51,2.20029616355896
gptoss_medium,17458010,51,3.9112908840179443
gptoss_medium,17464854,51,4.5885796546936035
gptoss_medium,17476563,51,3.529679775238037
gptoss_medium,17507793,51,3.6679799556732178
gptoss_medium,17515275,51,2.707468271255493
gptoss_medium,17553490,51,2.9518468379974365
gptoss_medium,17578970,51,3.4354379177093506
gptoss_medium,17584674,51,2.663072347640991
gptoss_medium,17589422,51,3.578386068344116
gptoss_medium,17606580,51,3.175173044204712
gptoss_medium,17625727,51,3.774783134460449
gptoss_medium,17667087,51,2.7841217517852783
gptoss_medium,17716605,51,2.8009698390960693
gptoss_medium,17784265,51,3.2082631587982178
gptoss_medium,17865105,51,2.725541591644287
gptoss_medium,17884437,51,2.4451446533203125
gptoss_medium,17889549,51,2.855287551879883
gptoss_medium,17909922,51,2.375985860824585
gptoss_medium,17961054,51,3.321080207824707
gptoss_medium,18083801,51,3.9884040355682373
gptoss_medium,18214317,51,3.1521384716033936
gptoss_medium,18296459,51,2.583879232406616
gptoss_medium,18312025,51,2.394548177719116
gptoss_medium,18431463,51,4.444437026977539
gptoss_medium,18449288,51,3.9010961055755615
gptoss_medium,18468577,51,2.8196520805358887
gptoss_medium,18483718,51,2.73337721824646
gptoss_medium,18505561,51,2.7723348140716553
gptoss_medium,18613906,51,2.4355740547180176
gptoss_medium,18634877,51,2.1749072074890137
gptoss_medium,18733074,51,3.4678962230682373
gptoss_medium,18750779,51,4.073390007019043
gptoss_medium,18907802,51,3.017892360687256
gptoss_medium,19170988,51,3.613689422607422
gptoss_medium,19172224,51,3.517387628555298
gptoss_medium,19175261,51,5.295591354370117
gptoss_medium,19186315,51,3.1561195850372314
gptoss_medium,19187663,51,3.3319599628448486
gptoss_medium,19204066,51,2.990023374557495
gptoss_medium,19206893,51,2.791951894760132
gptoss_medium,19263469,51,2.782837152481079
gptoss_medium,19263554,51,3.1989476680755615
gptoss_medium,19435386,51,3.2174875736236572
gptoss_medium,19485843,51,2.850947856903076
gptoss_medium,19624082,51,3.0097715854644775
gptoss_medium,20335790,51,3.095827102661133
gptoss_medium,20503654,51,3.063772201538086
gptoss_medium,21015570,51,3.194875478744507
gptoss_medium,21275504,51,3.4462087154388428
gptoss_medium,21382535,51,3.2366280555725098
gptoss_medium,21428581,51,4.935503005981445
gptoss_medium,21616326,51,3.205379009246826
gptoss_medium,21646317,51,3.0561866760253906
gptoss_medium,21665298,51,3.8244378566741943
gptoss_medium,21668994,51,3.284027576446533
gptoss_medium,21669304,51,5.740166187286377
gptoss_medium,21670658,51,3.139906167984009
gptoss_medium,21689288,51,2.9258530139923096
gptoss_medium,21697629,51,3.6068055629730225
gptoss_medium,21697648,51,3.7582836151123047
gptoss_medium,21700944,51,3.2015044689178467
gptoss_medium,21702856,51,3.091887950897217
gptoss_medium,21709048,51,3.4873228073120117
gptoss_medium,21715690,51,2.9534707069396973
gptoss_medium,21716001,51,2.694859743118286
gptoss_medium,21721135,51,2.7678520679473877
gptoss_medium,21723747,51,3.447718620300293
gptoss_medium,21725995,51,3.8588104248046875
gptoss_medium,21726583,51,3.376688003540039
gptoss_medium,21726677,51,2.8021368980407715
gptoss_medium,21730065,51,3.0802011489868164
gptoss_medium,21730715,51,2.793137550354004
gptoss_medium,21731209,51,4.028375148773193
gptoss_medium,21732778,51,2.681128978729248
gptoss_medium,21735129,51,3.4080862998962402
gptoss_medium,21740766,51,4.392289161682129
gptoss_medium,22272492,51,5.892291069030762
gptoss_medium,22716243,51,3.725165843963623
gptoss_medium,23204325,51,3.7456471920013428
gptoss_medium,23678406,51,3.3040199279785156
gptoss_medium,24202507,51,3.5712947845458984
gptoss_medium,24901977,51,2.986690044403076
gptoss_medium,25111673,51,2.5438053607940674
gptoss_medium,25113027,51,3.9687201976776123
gptoss_medium,26538892,51,3.978503704071045
gptoss_medium,26698484,51,2.928717851638794
gptoss_medium,26873455,51,3.0400590896606445
gptoss_medium,26988506,51,3.1999905109405518
gptoss_medium,27249900,51,3.6117453575134277
gptoss_medium,27274148,51,3.641390800476074
gptoss_medium,27843613,51,2.7770426273345947
gptoss_medium,28044836,51,2.6442618370056152
gptoss_medium,28193461,51,2.761671543121338
gptoss_medium,28232901,51,4.558462142944336
gptoss_medium,28323588,51,2.957875967025757
gptoss_medium,28616370,51,2.6407694816589355
gptoss_medium,29149810,51,3.649203300476074
gptoss_medium,29161506,51,4.003445148468018
gptoss_medium,29162291,51,2.930175304412842
gptoss_medium,29162884,51,4.029007434844971
gptoss_medium,29191669,51,5.146117210388184
gptoss_medium,29259081,51,3.600170850753784
gptoss_medium,29298828,51,2.9502909183502197
gptoss_medium,29407280,51,3.5329673290252686
gptoss_medium,29413033,51,2.853867530822754
gptoss_medium,29907166,51,2.7846555709838867
gptoss_medium,30042437,51,2.6742818355560303
gptoss_medium,30129590,51,2.524834632873535
gptoss_medium,30164212,51,3.013787269592285
gptoss_medium,31150453,51,3.555994749069214
gptoss_medium,31713824,51,2.881539821624756
gptoss_medium,32821791,51,2.890981912612915
gptoss_medium,32923127,51,3.0930898189544678
gptoss_medium,33626727,51,2.662694215774536
gptoss_medium,33777646,51,2.296722173690796
gptoss_medium,33864324,51,3.8722496032714844
gptoss_medium,34190303,51,3.0300424098968506
gptoss_medium,35386653,51,2.555023431777954
gptoss_medium,36364048,51,2.7398550510406494
gptoss_medium,37405481,51,2.8211982250213623
gptoss_medium,38132419,51,2.3157315254211426
gptoss_medium,38234032,51,2.6069304943084717
gptoss_medium,38934160,51,2.988182306289673
gptoss_medium,39871772,51,4.903278827667236
gptoss_medium,40166767,51,3.0357160568237305
gptoss_medium,40501690,51,3.0564403533935547
gptoss_medium,41332060,51,3.923389196395874
gptoss_medium,43059601,51,3.107147455215454
gptoss_medium,43282987,51,2.7862327098846436
gptoss_medium,43289219,51,3.548246145248413
gptoss_medium,43959086,51,3.0091328620910645
gptoss_medium,44009215,51,3.4124956130981445
gptoss_medium,44062236,51,3.033341884613037
gptoss_medium,44063972,51,2.996002197265625
gptoss_medium,44069187,51,2.4164743423461914
gptoss_medium,44077201,51,2.51523494720459
gptoss_medium,44080449,51,4.011188507080078
gptoss_medium,44087711,51,3.4315133094787598
gptoss_medium,44090948,51,3.684512138366699
gptoss_medium,44105851,51,3.383650779724121
gptoss_medium,44115640,51,3.333085298538208
gptoss_medium,44129061,51,3.443405866622925
gptoss_medium,44130060,51,3.351419448852539
gptoss_medium,44131019,51,2.7462689876556396
gptoss_medium,44134207,51,2.418116331100464
gptoss_medium,44144625,51,3.0414981842041016
gptoss_medium,44145304,51,2.8319342136383057
gptoss_medium,44145664,51,2.6184353828430176
gptoss_medium,44145776,51,2.768328905105591
gptoss_medium,44145836,51,2.3490097522735596
gptoss_medium,44151916,51,2.9748966693878174
gptoss_medium,44152851,51,2.8282434940338135
gptoss_medium,44161048,51,2.6299009323120117
gptoss_medium,44163645,51,2.7104477882385254
gptoss_medium,44164810,51,3.2460381984710693
gptoss_medium,44167998,51,4.322305679321289
gptoss_medium,44169697,51,2.4393563270568848
gptoss_medium,44170949,51,2.515230178833008
gptoss_medium,44174597,51,3.9411075115203857
gptoss_medium,44178763,51,3.143496513366699
gptoss_medium,44220219,51,3.172961711883545
gptoss_medium,44243501,51,2.861144781112671
gptoss_medium,46889991,51,3.7039244174957275
gptoss_medium,46927617,51,3.6339237689971924
gptoss_medium,46932607,51,3.0175936222076416
gptoss_medium,46937952,51,2.66135311126709
gptoss_medium,46939026,51,2.644341468811035
gptoss_medium,46953263,51,3.172839879989624
gptoss_medium,46959165,51,2.8210012912750244
gptoss_medium,47016219,51,2.611891508102417
gptoss_medium,47018172,51,2.7845873832702637
gptoss_medium,47020074,51,3.237971067428589
gptoss_medium,48352299,51,3.774219512939453
gptoss_medium,48353672,51,2.769556999206543
gptoss_medium,48353884,51,2.777912139892578
gptoss_medium,48357955,51,2.2995214462280273
gptoss_medium,49191384,51,4.282697677612305
gptoss_medium,49208337,51,3.812520742416382
gptoss_medium,49212016,51,2.9942729473114014
gptoss_medium,49212861,51,3.082071542739868
gptoss_medium,49215746,51,4.2743048667907715
gptoss_medium,49411029,51,3.576352834701538
gptoss_medium,49413369,51,2.3961613178253174
gptoss_medium,49417344,51,3.089346408843994
gptoss_medium,49420146,51,3.0123488903045654
gptoss_medium,49430466,51,2.928086519241333
gptoss_medium,49430686,51,4.57572603225708
gptoss_medium,49578052,51,2.9119021892547607
gptoss_medium,49587276,51,4.281038761138916
gptoss_medium,49656421,51,2.7463021278381348
gptoss_medium,49656757,51,3.008479118347168
gptoss_medium,49664123,51,2.4476211071014404
gptoss_medium,49742509,51,4.714427471160889
gptoss_medium,49742988,51,2.923631191253662
gptoss_medium,49865411,51,2.703226089477539
gptoss_medium,51862727,51,3.9236814975738525
gptoss_medium,51867514,51,3.500223398208618
gptoss_medium,51867574,51,4.096941947937012
gptoss_medium,51869205,51,3.5172858238220215
gptoss_medium,51870078,51,3.457519054412842
gptoss_medium,51870827,51,3.2208023071289062
gptoss_medium,51871042,51,4.909440994262695
gptoss_medium,51871198,51,2.74300217628479
gptoss_medium,51873719,51,3.2058303356170654
gptoss_medium,51873882,51,2.571556806564331
gptoss_medium,51875405,51,3.21658992767334
gptoss_medium,51875413,51,4.945054531097412
gptoss_medium,51875856,51,3.785968780517578
gptoss_medium,51877568,51,3.3388190269470215
gptoss_medium,51878172,51,2.737689256668091
gptoss_medium,51878335,51,2.88299298286438
gptoss_medium,51878395,51,2.2370216846466064
gptoss_medium,51878811,51,3.694755792617798
gptoss_medium,51879191,51,2.707698106765747
gptoss_medium,51880064,51,3.439206123352051
gptoss_medium,51880268,51,2.7290854454040527
gptoss_medium,51880850,51,3.3553619384765625
gptoss_medium,51881821,51,2.1464571952819824
gptoss_medium,51881992,51,2.7901339530944824
gptoss_medium,51882074,51,3.251640558242798
gptoss_medium,51917388,51,3.5432369709014893
gptoss_medium,51977305,51,4.111756324768066
gptoss_medium,51978342,51,3.587376594543457
gptoss_medium,51982253,51,3.993865489959717
gptoss_medium,51984717,51,4.049849510192871
gptoss_medium,51990373,51,2.859015941619873
gptoss_medium,52000761,51,2.7254798412323
gptoss_medium,52003282,51,4.608092784881592
gptoss_medium,52006529,51,3.2326295375823975
gptoss_medium,52009840,51,3.7799794673919678
gptoss_medium,52011616,51,4.554139137268066
gptoss_medium,52019251,51,4.306088447570801
gptoss_medium,52044834,51,3.272068977355957
gptoss_medium,52046908,51,2.984596014022827
gptoss_medium,52047587,51,3.435995101928711
gptoss_medium,52054914,51,3.4062540531158447
gptoss_medium,52056513,51,3.508373975753784
gptoss_medium,52069762,51,3.251272439956665
gptoss_medium,52070035,51,2.656416893005371
gptoss_medium,52070657,51,3.4957520961761475
gptoss_medium,52073201,51,3.165148973464966
gptoss_medium,52074346,51,3.392418622970581
gptoss_medium,52078335,51,3.722834825515747
gptoss_medium,52098907,51,4.828247547149658
gptoss_medium,52100101,51,2.8574960231781006
gptoss_medium,52100117,51,3.9066221714019775
gptoss_medium,52100616,51,2.9897377490997314
gptoss_medium,52100878,51,2.7994656562805176
gptoss_medium,52110037,51,3.1919198036193848
gptoss_medium,52113185,51,3.1278750896453857
gptoss_medium,52115097,51,2.851785898208618
gptoss_medium,52115592,51,2.853161096572876
gptoss_medium,52116920,51,3.535789728164673
gptoss_medium,52119091,51,3.0444846153259277
gptoss_medium,52119483,51,2.6238298416137695
gptoss_medium,52119752,51,3.489553689956665
gptoss_medium,52135124,51,4.649184703826904
gptoss_medium,52136564,51,3.126814603805542
gptoss_medium,52143204,51,3.4178519248962402
gptoss_medium,52143467,51,3.322864055633545
gptoss_medium,52144157,51,3.6855223178863525
gptoss_medium,52145657,51,4.784367561340332
gptoss_medium,52153656,51,2.6977062225341797
gptoss_medium,52154254,51,3.2936320304870605
gptoss_medium,52154304,51,3.716946601867676
gptoss_medium,52155427,51,2.552243947982788
gptoss_medium,52156147,51,2.302021026611328
gptoss_medium,52156206,51,2.8113062381744385
gptoss_medium,52156433,51,2.551095962524414
gptoss_medium,52158121,51,2.9834935665130615
gptoss_medium,52158178,51,3.356891393661499
gptoss_medium,52160439,51,2.3446576595306396
gptoss_medium,52160797,51,3.3850343227386475
gptoss_medium,52161864,51,3.1679344177246094
gptoss_medium,52162540,51,2.608931064605713
gptoss_medium,52165754,51,3.278918981552124
gptoss_medium,52166626,51,3.992488145828247
gptoss_medium,52166727,51,2.9361398220062256
gptoss_medium,52167799,51,3.3777663707733154
gptoss_medium,52171279,51,3.4741153717041016
gptoss_medium,52171904,51,3.652759552001953
gptoss_medium,52176498,51,2.475534439086914
gptoss_medium,52178689,51,4.497055530548096
gptoss_medium,52182989,51,3.829223394393921
gptoss_medium,52183384,51,2.6393802165985107
gptoss_medium,52183483,51,2.4089789390563965
gptoss_medium,52188604,51,4.065593242645264
gptoss_medium,52190376,51,3.075543165206909
gptoss_medium,52194540,51,3.221595048904419
gptoss_medium,52215843,51,3.6058766841888428
gptoss_medium,52221821,51,4.974127292633057
gptoss_medium,52255687,51,3.6570115089416504
gptoss_medium,52298363,51,2.3592865467071533
gptoss_medium,52307098,51,3.3530523777008057
gptoss_medium,52310274,51,2.680584669113159
gptoss_medium,52333947,51,2.9642930030822754
gptoss_medium,52811641,51,4.753149509429932
gptoss_medium,52815006,51,4.405078887939453
gptoss_medium,52816033,51,3.1286826133728027
gptoss_medium,52843977,51,2.4418890476226807
gptoss_medium,52895001,51,2.4909720420837402
gptoss_medium,52900003,51,2.9065630435943604
gptoss_medium,52916675,51,3.4738428592681885
gptoss_medium,52917952,51,3.0750892162323
gptoss_medium,52920257,51,3.229379892349243
gptoss_medium,52926380,51,4.665157794952393
gptoss_medium,52938038,51,2.9152047634124756
gptoss_medium,52943615,51,3.9894604682922363
gptoss_medium,52979524,51,2.9525253772735596
gptoss_medium,52984852,51,2.855809450149536
gptoss_medium,53017700,51,2.6659433841705322
gptoss_medium,53019653,51,2.916015863418579
gptoss_medium,53034346,51,4.075867652893066
gptoss_medium,53035038,51,3.0666160583496094
gptoss_medium,53037336,51,2.636218547821045
gptoss_medium,53064621,51,3.0441014766693115
gptoss_medium,53079301,51,3.008227825164795
gptoss_medium,53079601,51,3.3223350048065186
gptoss_medium,53079743,51,2.385836362838745
gptoss_medium,53079799,51,2.637132167816162
gptoss_medium,53079972,51,3.1459991931915283
gptoss_medium,53080156,51,3.206958532333374
gptoss_medium,53080384,51,3.205003023147583
gptoss_medium,53080764,51,4.2629923820495605
gptoss_medium,53080784,51,2.9463655948638916
gptoss_medium,53080846,51,2.61722731590271
gptoss_medium,53081209,51,3.7717394828796387
gptoss_medium,53081291,51,3.318114757537842
gptoss_medium,53081318,51,3.5347938537597656
gptoss_medium,53081403,51,4.409642696380615
gptoss_medium,53081407,51,3.3914473056793213
gptoss_medium,53081627,51,2.5110127925872803
gptoss_medium,53081634,51,3.870217800140381
gptoss_medium,53082197,51,2.812429904937744
gptoss_medium,53082257,51,2.7826461791992188
gptoss_medium,53082972,51,3.9203860759735107
gptoss_medium,53083054,51,3.6487855911254883
gptoss_medium,53083061,51,2.678990125656128
gptoss_medium,53083122,51,3.813169240951538
gptoss_medium,53083232,51,2.7710273265838623
gptoss_medium,53083305,51,3.0215935707092285
gptoss_medium,53083475,51,2.76065993309021
gptoss_medium,53083677,51,3.647179365158081
gptoss_medium,53095207,51,3.2308061122894287
gptoss_medium,53099899,51,2.7033519744873047
gptoss_medium,53109787,51,4.634942531585693
gptoss_medium,53110354,51,2.5882678031921387
gptoss_medium,53178856,51,3.0963146686553955
gptoss_medium,53217060,51,3.2815659046173096
gptoss_medium,53223679,51,4.875036716461182
gptoss_medium,53247198,51,4.287014007568359
gptoss_medium,53295957,51,3.3583171367645264
gptoss_medium,53298765,51,2.88857364654541
gptoss_medium,53298878,51,3.014587879180908
gptoss_medium,53578487,51,2.8180465698242188
gptoss_medium,53640239,51,2.8087878227233887
gptoss_medium,53645946,51,2.648528814315796
gptoss_medium,54893641,51,2.504495143890381
gptoss_medium,56657817,51,4.4465227127075195
gptoss_medium,56657857,51,4.514577388763428
gptoss_medium,56895551,51,2.695707321166992
gptoss_medium,57189558,51,2.3894035816192627
gptoss_medium,57564106,51,3.234584331512451
gptoss_medium,57570672,51,3.5833349227905273
gptoss_medium,59553499,51,2.7441415786743164
gptoss_medium,59553563,51,3.1593213081359863
gptoss_medium,59599633,51,3.216243267059326
gptoss_medium,59599706,51,3.981802225112915
gptoss_medium,59599940,51,3.039719820022583
gptoss_medium,59604492,51,3.2220029830932617
gptoss_medium,60441316,51,4.187027931213379
gptoss_medium,61153666,51,3.4120829105377197
gptoss_medium,61874237,51,2.6491103172302246
gptoss_medium,62637241,51,2.9907379150390625
gptoss_medium,65038030,51,2.959559202194214
gptoss_medium,67788603,51,4.641829013824463
gptoss_medium,67855815,51,3.6175899505615234
gptoss_medium,67855860,51,3.829759359359741
gptoss_medium,67855893,51,3.7717719078063965
gptoss_medium,67855999,51,3.752903699874878
gptoss_medium,67856005,51,3.507701873779297
gptoss_medium,67856013,51,2.742676258087158
gptoss_medium,67856167,51,3.1471872329711914
gptoss_medium,67856324,51,2.8881537914276123
gptoss_medium,67856607,51,3.388261556625366
gptoss_medium,67856712,51,2.5243825912475586
gptoss_medium,67877016,51,2.8658432960510254
gptoss_medium,68167178,51,4.8690266609191895
gptoss_medium,70349933,51,3.006225109100342
gptoss_medium,71144630,51,2.905738353729248
gptoss_medium,71147690,51,3.191678524017334
gptoss_medium,73729169,51,2.780357837677002
gptoss_medium,76666127,51,4.161230564117432
gptoss_medium,80628347,51,3.487426519393921
gptoss_medium,80628357,51,3.476590156555176
gptoss_medium,83458715,51,4.387446880340576
gptoss_medium,84842989,51,2.772707462310791
gptoss_medium,84843987,51,3.321943759918213
gptoss_medium,85459677,51,2.8650596141815186
gptoss_medium,85464175,51,3.3858985900878906
gptoss_medium,85498775,51,3.0084846019744873
gptoss_medium,85501317,51,4.671286106109619
gptoss_medium,85518027,51,3.0592119693756104
gptoss_medium,85528598,51,3.5621025562286377
gptoss_medium,85531331,51,3.531796932220459
gptoss_medium,86716257,51,3.244554281234741
gptoss_medium,91183938,51,3.089290142059326
gptoss_medium,91184042,51,3.223315954208374
gptoss_medium,102350590,51,4.581756114959717
gptoss_medium,102350747,51,3.178436756134033
gptoss_medium,102350767,51,4.412750720977783
gptoss_medium,102350941,51,2.671339273452759
gptoss_medium,102350997,51,3.0324437618255615
gptoss_medium,102351463,51,3.4342145919799805
gptoss_medium,102351547,51,3.2597100734710693
gptoss_medium,102351717,51,2.9417996406555176
gptoss_medium,102352060,51,3.0407516956329346
gptoss_medium,102352698,51,3.6448421478271484
gptoss_medium,102352788,51,2.6531293392181396
gptoss_medium,102352962,51,2.742276191711426
gptoss_medium,102353817,51,3.4209342002868652
gptoss_medium,102353837,51,3.224911689758301
gptoss_medium,102353852,51,4.192841053009033
gptoss_medium,102354384,51,2.9155569076538086
gptoss_medium,102354395,51,3.6956214904785156
gptoss_medium,102354583,51,3.1312453746795654
gptoss_medium,102354588,51,4.373114585876465
gptoss_medium,102354684,51,3.814270257949829
gptoss_medium,102483154,51,2.7766199111938477
gptoss_medium,106402715,51,2.8317630290985107
gptoss_medium,109933467,51,2.3842246532440186
gptoss_medium,116880070,51,3.401188611984253
gptoss_medium,118674834,51,3.771197557449341
gptoss_medium,118680003,51,2.7130143642425537
gptoss_medium,119308902,51,3.046877861022949
gptoss_medium,119309472,51,2.3745760917663574
gptoss_medium,120224153,51,2.679762601852417
gptoss_medium,126167342,51,3.952108860015869
gptoss_medium,126181046,51,3.0448105335235596
gptoss_medium,128000127,51,4.193065166473389
gptoss_medium,128345225,51,3.8505425453186035
gptoss_medium,128345548,51,4.225268363952637
gptoss_medium,129945216,51,3.1144261360168457
gptoss_medium,133306280,51,3.371975898742676
gptoss_medium,133597585,51,4.62587308883667
gptoss_medium,135466290,51,2.798633337020874
gptoss_medium,153312535,51,3.5626206398010254
gptoss_medium,153312687,51,3.588688373565674
gptoss_medium,153313061,51,3.9911162853240967
gptoss_medium,153313159,51,4.375494956970215
gptoss_medium,153313581,51,3.1024413108825684
gptoss_medium,155089817,51,2.6989316940307617
gptoss_medium,155091369,51,3.0005528926849365
gptoss_medium,155092736,51,2.5061113834381104
gptoss_medium,155100086,51,3.6155049800872803
gptoss_medium,155100120,51,3.6068267822265625
gptoss_medium,159041042,51,3.011838912963867
gptoss_medium,159041048,51,5.745807647705078
gptoss_medium,159041867,51,4.80539608001709
gptoss_medium,160009452,51,2.6882989406585693
gptoss_medium,160009896,51,2.801999568939209
gptoss_medium,162183964,51,3.726577043533325
gptoss_medium,165163819,51,3.05469012260437
gptoss_medium,166228669,51,3.4838156700134277
gptoss_medium,167217355,51,3.693621873855591
gptoss_medium,167217367,51,3.14814829826355
gptoss_medium,167217453,51,2.065978765487671
gptoss_medium,168169888,51,2.7377943992614746
gptoss_medium,170078653,51,3.7992451190948486
gptoss_medium,170078772,51,3.020277500152588
gptoss_medium,170079112,51,3.1159794330596924
gptoss_medium,173188048,51,2.962949514389038
gptoss_medium,173188803,51,2.5699639320373535
gptoss_medium,173990423,51,3.573044538497925
gptoss_medium,173990455,51,3.1117544174194336
gptoss_medium,173990506,51,2.2324187755584717
gptoss_medium,173990585,51,3.0160140991210938
gptoss_medium,173991101,51,2.578927993774414
gptoss_medium,174797737,51,3.3850209712982178
gptoss_medium,174797747,51,4.101052761077881
gptoss_medium,174797886,51,3.467790365219116
gptoss_medium,174798153,51,2.4630637168884277
gptoss_medium,174798218,51,3.038585901260376
gptoss_medium,174798293,51,2.4796738624572754
gptoss_medium,174798321,51,3.170872211456299
gptoss_medium,174798410,51,3.394094705581665
gptoss_medium,174799117,51,2.534842014312744
gptoss_medium,174799262,51,2.8590080738067627
gptoss_medium,174799301,51,1.9785009622573853
gptoss_medium,174799304,51,2.9069364070892334
gptoss_medium,174799346,51,3.4363019466400146
gptoss_medium,174799399,51,4.56498908996582
gptoss_medium,174799702,51,3.891435384750366
gptoss_medium,174799768,51,2.880019426345825
gptoss_medium,174799793,51,2.2899839878082275
gptoss_medium,174799844,51,4.058562278747559
gptoss_medium,174799895,51,3.2184484004974365
gptoss_medium,174799974,51,2.703075408935547
gptoss_medium,174800106,51,3.0402565002441406
gptoss_medium,174800272,51,2.3820700645446777
gptoss_medium,174800458,51,3.682659387588501
gptoss_medium,174800839,51,3.4638426303863525
gptoss_medium,174800890,51,3.202277660369873
gptoss_medium,174800963,51,2.902507781982422
gptoss_medium,174801080,51,3.293457508087158
gptoss_medium,174801222,51,2.641490936279297
gptoss_medium,174801388,51,5.518643856048584
gptoss_medium,174801519,51,3.2097325325012207
gptoss_medium,174801632,51,2.7821969985961914
gptoss_medium,174801764,51,2.8673973083496094
gptoss_medium,174802397,51,3.0660524368286133
gptoss_medium,174802484,51,2.4124350547790527
gptoss_medium,174802848,51,3.5481510162353516
gptoss_medium,174802873,51,2.5861189365386963
gptoss_medium,174803111,51,4.085341453552246
gptoss_medium,174803587,51,4.155750751495361
gptoss_medium,181704107,51,5.082086563110352
gptoss_medium,182952458,51,3.3539316654205322
gptoss_medium,182952800,51,2.6506552696228027
gptoss_medium,182952848,51,4.473482131958008
gptoss_medium,182952892,51,3.3421828746795654
gptoss_medium,182953113,51,4.058442115783691
gptoss_medium,182953211,51,2.045722484588623
gptoss_medium,182953250,51,3.550128698348999
gptoss_medium,184482578,51,2.840009927749634
gptoss_medium,184483123,51,2.559852123260498
gptoss_medium,184483331,51,2.632244110107422
gptoss_medium,184486755,51,3.549541711807251
gptoss_medium,184486914,51,2.6105237007141113
gptoss_medium,184487171,51,2.8490612506866455
gptoss_medium,184487889,51,3.2896437644958496
gptoss_medium,186206211,51,5.202543258666992
gptoss_medium,186206508,51,3.255110740661621
gptoss_medium,186206974,51,2.5798654556274414
gptoss_medium,189762009,51,3.482811212539673
gptoss_medium,189762068,51,3.209012985229492
gptoss_medium,189762081,51,3.21382737159729
gptoss_medium,189762189,51,2.351605176925659
gptoss_medium,189762341,51,3.129758596420288
gptoss_medium,189762487,51,2.813444137573242
gptoss_medium,189762556,51,4.1749043464660645
gptoss_medium,189927911,51,2.3989717960357666
gptoss_medium,189928008,51,3.039520740509033
gptoss_medium,189928148,51,2.986656904220581
gptoss_medium,189928186,51,3.2799179553985596
gptoss_medium,189928248,51,2.7842366695404053
gptoss_medium,189928358,51,2.863072395324707
gptoss_medium,189928395,51,3.332484006881714
gptoss_medium,189999088,51,2.686577320098877
gptoss_medium,189999659,51,2.8380160331726074
gptoss_medium,190000105,51,3.0785536766052246
gptoss_medium,190001673,51,3.6138949394226074
gptoss_medium,192530110,51,4.529540061950684
gptoss_medium,195064954,51,5.5534281730651855
gptoss_medium,195068920,51,3.062814235687256
gptoss_medium,195069071,51,3.6828882694244385
gptoss_medium,195069392,51,2.5666391849517822
gptoss_medium,195218574,51,3.2953526973724365
gptoss_medium,195218693,51,4.667042255401611
gptoss_medium,195316733,51,3.576139450073242
gptoss_medium,195345077,51,3.487640380859375
gptoss_medium,195345094,51,3.6875109672546387
gptoss_medium,195345201,51,3.2168540954589844
gptoss_medium,195345563,51,3.190889596939087
gptoss_medium,195477534,51,3.588972330093384
gptoss_medium,195504787,51,2.513847827911377
gptoss_medium,195584320,51,3.1924009323120117
gptoss_medium,195766884,51,2.6031291484832764
gptoss_medium,195776147,51,2.7119452953338623
gptoss_medium,195776229,51,2.866746425628662
gptoss_medium,195820682,51,2.6794514656066895
gptoss_medium,195847811,51,2.7865898609161377
gptoss_medium,195848217,51,3.6902523040771484
gptoss_medium,195886246,51,3.7278223037719727
gptoss_medium,196167277,51,5.1644768714904785
gptoss_medium,196171551,51,3.2184460163116455
gptoss_medium,196171668,51,2.342954635620117
gptoss_medium,196172197,51,3.253535032272339
gptoss_medium,196175184,51,5.234557151794434
gptoss_medium,196176000,51,3.632417678833008
gptoss_medium,196176396,51,3.5376434326171875
gptoss_medium,196176628,51,2.4104466438293457
gptoss_medium,196178484,51,4.001255035400391
gptoss_medium,196178503,51,2.669450283050537
gptoss_medium,196181315,51,2.8938558101654053
gptoss_medium,196181536,51,3.1425046920776367
gptoss_medium,196181811,51,2.858103036880493
gptoss_medium,196181887,51,3.278876304626465
gptoss_medium,196182395,51,2.4815316200256348
gptoss_medium,196183158,51,3.215191602706909
gptoss_medium,196183669,51,4.139172554016113
gptoss_medium,196184679,51,2.9562065601348877
gptoss_medium,196185038,51,3.159803867340088
gptoss_medium,196186167,51,2.6541221141815186
gptoss_medium,196186961,51,3.9347715377807617
gptoss_medium,196187162,51,2.5668578147888184
gptoss_medium,196187316,51,2.3866188526153564
gptoss_medium,196187320,51,3.139127016067505
gptoss_medium,196188501,51,2.968740701675415
gptoss_medium,196188987,51,2.2529470920562744
gptoss_medium,196189567,51,2.77933931350708
gptoss_medium,196189661,51,2.769284248352051
gptoss_medium,196192979,51,2.834653854370117
gptoss_medium,196193055,51,3.4305460453033447
gptoss_medium,196194557,51,3.7104761600494385
gptoss_medium,196197006,51,3.8065638542175293
gptoss_medium,196198494,51,2.813222646713257
gptoss_medium,196199713,51,2.849820137023926
gptoss_medium,196205749,51,3.0362932682037354
gptoss_medium,196206886,51,3.4454915523529053
gptoss_medium,196209746,51,3.1387131214141846
gptoss_medium,196210081,51,3.7410714626312256
gptoss_medium,196210782,51,2.727755308151245
gptoss_medium,196211238,51,2.3136768341064453
gptoss_medium,196211486,51,3.4306466579437256
gptoss_medium,196211550,51,2.597989797592163
gptoss_medium,196217527,51,3.0959906578063965
gptoss_medium,196471188,51,3.6704678535461426
gptoss_medium,196471198,51,3.7533414363861084
gptoss_medium,196621534,51,2.8571596145629883
gptoss_medium,196621535,51,3.0568602085113525
gptoss_medium,198179946,51,3.9583208560943604
gptoss_medium,198184456,51,3.145791530609131
gptoss_medium,198184729,51,3.0707149505615234
gptoss_medium,198939259,51,2.572381019592285
gptoss_medium,198967754,51,3.3793373107910156
gptoss_medium,198973187,51,2.8527169227600098
gptoss_medium,199001173,51,3.800697088241577
gptoss_medium,199022396,51,3.6838316917419434
gptoss_medium,199371491,51,2.738929033279419
gptoss_medium,199371687,51,2.574129343032837
gptoss_medium,199379359,51,3.6444685459136963
gptoss_medium,199452955,51,2.961294651031494
gptoss_medium,199523733,51,2.2672739028930664
gptoss_medium,199529989,51,2.2703444957733154
gptoss_medium,199552244,51,3.2569000720977783
gptoss_medium,199577588,51,2.8153584003448486
gptoss_medium,199577634,51,3.3238508701324463
gptoss_medium,199668626,51,3.673736095428467
gptoss_medium,199668753,51,3.6585187911987305
gptoss_medium,201058596,51,2.6396484375
gptoss_medium,201058633,51,3.1981632709503174
gptoss_medium,201058720,51,3.0892698764801025
gptoss_medium,201070022,51,3.049862861633301
gptoss_medium,201070265,51,3.869295120239258
gptoss_medium,201103745,51,2.669840097427368
gptoss_medium,201124425,51,2.9912030696868896
gptoss_medium,201307832,51,3.262263298034668
gptoss_medium,201645145,51,3.4473876953125
gptoss_medium,201646223,51,2.448599338531494
gptoss_medium,201646551,51,2.850851535797119
gptoss_medium,201651596,51,2.8446855545043945
gptoss_medium,201657818,51,3.5187900066375732
gptoss_medium,201666437,51,3.435764789581299
gptoss_medium,201666620,51,3.481750011444092
gptoss_medium,201668205,51,2.7165169715881348
gptoss_medium,201669180,51,2.415276527404785
gptoss_medium,201670412,51,4.152423858642578
gptoss_medium,201676778,51,3.908229112625122
gptoss_medium,201691562,51,2.285160779953003
gptoss_medium,201697450,51,3.680415153503418
gptoss_medium,201698093,51,2.328320026397705
gptoss_medium,201698197,51,3.1205904483795166
gptoss_medium,201698258,51,3.81998872756958
gptoss_medium,201698358,51,5.406558036804199
gptoss_medium,201741133,51,4.362698078155518
gptoss_medium,201742252,51,2.6298398971557617
gptoss_medium,201742578,51,3.2024710178375244
gptoss_medium,202120468,51,3.495281934738159
gptoss_medium,202120592,51,3.7673914432525635
gptoss_medium,202121966,51,2.274019956588745
gptoss_medium,202235037,51,6.226058006286621
gptoss_medium,202235596,51,4.528384685516357
gptoss_medium,202537031,51,3.2224414348602295
gptoss_medium,202537041,51,3.296718120574951
gptoss_medium,202537179,51,2.9362869262695312
gptoss_medium,202537221,51,4.0800557136535645
gptoss_medium,202537332,51,3.990795135498047
gptoss_medium,202537477,51,2.8827426433563232
gptoss_medium,202537499,51,2.6455206871032715
gptoss_medium,202537890,51,2.9090287685394287
gptoss_medium,202538141,51,3.290189027786255
gptoss_medium,202538495,51,5.128030776977539
gptoss_medium,202538609,51,3.0929901599884033
gptoss_medium,202538897,51,3.0599303245544434
gptoss_medium,202539004,51,3.2276530265808105
gptoss_medium,202539031,51,5.519974231719971
gptoss_medium,202539063,51,4.322041988372803
gptoss_medium,202539354,51,2.610546350479126
gptoss_medium,202539496,51,3.2047274112701416
gptoss_medium,202539540,51,3.28413724899292
gptoss_medium,202540033,51,4.43667459487915
gptoss_medium,202540088,51,3.2993645668029785
gptoss_medium,202540096,51,3.636929750442505
gptoss_medium,202540203,51,2.5560855865478516
gptoss_medium,202540590,51,3.212214946746826
gptoss_medium,202540591,51,4.254613399505615
gptoss_medium,202540640,51,2.8538615703582764
gptoss_medium,202540793,51,2.6128783226013184
gptoss_medium,202540839,51,2.758305549621582
gptoss_medium,202541009,51,3.973249912261963
gptoss_medium,202541012,51,4.029850482940674
gptoss_medium,202541043,51,3.6379706859588623
gptoss_medium,202541147,51,4.387133598327637
gptoss_medium,202541184,51,2.894411087036133
gptoss_medium,202541185,51,2.9271020889282227
gptoss_medium,202541352,51,2.7167797088623047
gptoss_medium,202541363,51,2.832221508026123
gptoss_medium,202541447,51,2.9912495613098145
gptoss_medium,202541473,51,2.63504695892334
gptoss_medium,202541491,51,2.8101422786712646
gptoss_medium,202541545,51,4.511807441711426
gptoss_medium,202541569,51,2.6575825214385986
gptoss_medium,202541578,51,3.7106151580810547
gptoss_medium,202541610,51,3.6534483432769775
gptoss_medium,202541654,51,2.8793752193450928
gptoss_medium,202542261,51,4.513163089752197
gptoss_medium,202542397,51,2.776334524154663
gptoss_medium,202542569,51,3.2939488887786865
gptoss_medium,202542757,51,3.8956141471862793
gptoss_medium,202558451,51,3.807631015777588
gptoss_medium,202558815,51,4.140718460083008
gptoss_medium,202565485,51,4.639323711395264
gptoss_medium,202565569,51,3.4945359230041504
gptoss_medium,202565697,51,2.236356496810913
gptoss_medium,202572810,51,3.883572816848755
gptoss_medium,202577372,51,3.736971378326416
gptoss_medium,202577934,51,3.0720958709716797
gptoss_medium,202583694,51,2.9563918113708496
gptoss_medium,202635721,51,3.2933740615844727
gptoss_medium,202660724,51,3.957233190536499
gptoss_medium,202660912,51,3.0487277507781982
gptoss_medium,202661048,51,2.379310131072998
gptoss_medium,202712648,51,2.8971822261810303
gptoss_medium,202718954,51,2.9643123149871826
gptoss_medium,202734183,51,3.350281000137329
gptoss_medium,202734592,51,3.341306686401367
gptoss_medium,202763602,51,3.064697742462158
gptoss_medium,202765126,51,4.924602031707764
gptoss_medium,202765253,51,3.434635877609253
gptoss_medium,202765548,51,4.107503414154053
gptoss_medium,202769823,51,2.953014373779297
gptoss_medium,202770936,51,2.6003520488739014
gptoss_medium,202771124,51,2.881603956222534
gptoss_medium,202771535,51,4.122185230255127
gptoss_medium,202773239,51,3.0660507678985596
gptoss_medium,202773689,51,2.9580981731414795
gptoss_medium,202774375,51,3.4268460273742676
gptoss_medium,202774468,51,3.085657835006714
gptoss_medium,202776122,51,3.189789295196533
gptoss_medium,202776447,51,3.4053609371185303
gptoss_medium,202776649,51,3.455381155014038
gptoss_medium,202781392,51,2.7896299362182617
gptoss_medium,202783478,51,3.602785348892212
gptoss_medium,202784449,51,3.1388018131256104
gptoss_medium,202785255,51,2.5328428745269775
gptoss_medium,202785879,51,3.1498653888702393
gptoss_medium,202786066,51,2.8417680263519287
gptoss_medium,202786882,51,3.250312328338623
gptoss_medium,202788490,51,3.7545738220214844
gptoss_medium,202788575,51,3.0520381927490234
gptoss_medium,202789603,51,2.2031233310699463
gptoss_medium,203146520,51,2.9831759929656982
gptoss_medium,203150358,51,3.284791946411133
gptoss_medium,203610181,51,2.3464481830596924
gptoss_medium,203626520,51,2.92008638381958
gptoss_medium,203836056,51,3.4686408042907715
gptoss_medium,203836888,51,4.848664283752441
gptoss_medium,203905404,51,3.1762490272521973
gptoss_medium,204009154,51,3.4356119632720947
gptoss_medium,204512247,51,4.310506343841553
gptoss_medium,204744108,51,4.040901184082031
gptoss_medium,204823992,51,3.4831230640411377
gptoss_medium,204902024,51,3.477248430252075
gptoss_medium,204949631,51,3.2818968296051025
gptoss_medium,207794190,51,3.356776714324951
gptoss_medium,207847197,51,3.0795609951019287
gptoss_medium,207847250,51,6.173806667327881
gptoss_medium,207847598,51,4.1470947265625
gptoss_medium,207847960,51,3.4739322662353516
gptoss_medium,207852358,51,3.399705171585083
gptoss_medium,207852450,51,3.301400661468506
gptoss_medium,207852597,51,3.1867425441741943
gptoss_medium,207852642,51,4.0787672996521
gptoss_medium,207853017,51,3.4951748847961426
gptoss_medium,207853111,51,4.080738544464111
gptoss_medium,207853145,51,3.052642822265625
gptoss_medium,207853191,51,4.066366195678711
gptoss_medium,207853290,51,3.3101344108581543
gptoss_medium,207853300,51,3.605562448501587
gptoss_medium,207853304,51,4.545022010803223
gptoss_medium,207863306,51,3.753399133682251
gptoss_medium,207870323,51,3.8758544921875
gptoss_medium,207870937,51,2.547194242477417
gptoss_medium,207901226,51,3.0530855655670166
gptoss_medium,207925651,51,3.3285086154937744
gptoss_medium,207996257,51,3.216399908065796
gptoss_medium,208001011,51,3.1655426025390625
gptoss_medium,208006253,51,3.0862276554107666
gptoss_medium,208191596,51,3.4252116680145264
gptoss_medium,208527026,51,3.006690502166748
gptoss_medium,208547632,51,2.7778878211975098
gptoss_medium,209009596,51,5.3767170906066895
gptoss_medium,209054931,51,2.5135209560394287
gptoss_medium,209202658,51,4.120674133300781
gptoss_medium,210164439,51,3.1121292114257812
gptoss_medium,210164665,51,5.323226451873779
gptoss_medium,210701352,51,3.0344324111938477
gptoss_medium,210714061,51,4.4666337966918945
gptoss_medium,211003735,51,4.009525775909424
gptoss_medium,211029226,51,4.776587009429932
gptoss_medium,211031933,51,4.10751485824585
gptoss_medium,211066200,51,4.7351460456848145
gptoss_medium,211082681,51,4.712674140930176
gptoss_medium,211126910,51,2.7053253650665283
gptoss_medium,211258645,51,3.6859607696533203
gptoss_medium,211532588,51,3.357273817062378
gptoss_medium,211677475,51,4.771423816680908
gptoss_medium,211987786,51,4.832068920135498
gptoss_medium,212718077,51,4.336202144622803
gptoss_medium,212725806,51,2.9635813236236572
gptoss_medium,212747810,51,3.5965352058410645
gptoss_medium,212800438,51,3.0806667804718018
gptoss_medium,213982630,51,4.347816467285156
gptoss_medium,214623124,51,5.81001615524292
gptoss_medium,214693050,51,3.968794107437134
gptoss_medium,214794966,51,3.0239906311035156
gptoss_medium,214802401,51,4.221624851226807
gptoss_medium,214802500,51,2.980501651763916
gptoss_medium,214802514,51,4.342625617980957
gptoss_medium,214802587,51,3.0729587078094482
gptoss_medium,214802624,51,2.412781238555908
gptoss_medium,214802812,51,2.859438419342041
gptoss_medium,214802856,51,4.599923133850098
gptoss_medium,214802887,51,4.784059524536133
gptoss_medium,214803082,51,2.6252479553222656
gptoss_medium,215191351,51,5.4733052253723145
gptoss_medium,215238391,51,3.1525533199310303
gptoss_medium,215238965,51,3.1750705242156982
gptoss_medium,215415911,51,3.5305256843566895
gptoss_medium,215415968,51,2.7021493911743164
gptoss_medium,215416110,51,2.970752239227295
gptoss_medium,215416175,51,2.927518129348755
gptoss_medium,215416349,51,5.423427104949951
gptoss_medium,215547988,51,3.359013795852661
gptoss_medium,215548041,51,3.878204584121704
gptoss_medium,215548215,51,3.1661810874938965
gptoss_medium,215548225,51,4.232853412628174
gptoss_medium,215548916,51,2.5375635623931885
gptoss_medium,215737001,51,2.537132978439331
gptoss_medium,215744806,51,2.6211068630218506
gptoss_medium,215744924,51,3.508723735809326
gptoss_medium,215744944,51,2.9330129623413086
gptoss_medium,215745286,51,3.8081204891204834
gptoss_medium,215745290,51,3.6862621307373047
gptoss_medium,215745354,51,3.480814218521118
gptoss_medium,215745536,51,3.341369390487671
gptoss_medium,215768766,51,3.964522361755371
gptoss_medium,215768768,51,4.324119567871094
gptoss_medium,215768769,51,3.588634490966797
gptoss_medium,215768835,51,3.195610523223877
gptoss_medium,215785828,51,2.961118221282959
gptoss_medium,215785895,51,4.76359224319458
gptoss_medium,215786391,51,3.182284355163574
gptoss_medium,215806653,51,3.493623733520508
gptoss_medium,215811473,51,2.9124069213867188
gptoss_medium,215814290,51,2.445143222808838
gptoss_medium,215814515,51,3.5159122943878174
gptoss_medium,215826646,51,2.7711360454559326
gptoss_medium,215827207,51,3.8556666374206543
gptoss_medium,215827461,51,4.116683006286621
gptoss_medium,215827653,51,3.1226296424865723
gptoss_medium,215827766,51,3.733595371246338
gptoss_medium,215827807,51,3.452831983566284
gptoss_medium,215827989,51,2.3637118339538574
gptoss_medium,215828313,51,3.0132768154144287
gptoss_medium,215828384,51,3.509016752243042
gptoss_medium,215828553,51,3.3667004108428955
gptoss_medium,216035773,51,2.3683886528015137
gptoss_medium,216056240,51,3.843980312347412
gptoss_medium,216056269,51,2.9327316284179688
gptoss_medium,216056453,51,3.322335720062256
gptoss_medium,216056509,51,2.5551352500915527
gptoss_medium,216080642,51,3.480048656463623
gptoss_medium,216080701,51,3.3612115383148193
gptoss_medium,216080986,51,2.8724544048309326
gptoss_medium,216144439,51,3.5641958713531494
gptoss_medium,216144503,51,3.7236368656158447
gptoss_medium,216144770,51,2.9084107875823975
gptoss_medium,216552849,51,2.8062074184417725
gptoss_medium,216552854,51,3.96659517288208
gptoss_medium,216552897,51,4.871813774108887
gptoss_medium,216552978,51,3.6346070766448975
gptoss_medium,216553067,51,4.021483421325684
gptoss_medium,216553182,51,3.7157275676727295
gptoss_medium,216553210,51,3.8956010341644287
gptoss_medium,216553264,51,2.6370630264282227
gptoss_medium,216557637,51,2.827928304672241
gptoss_medium,216562233,51,3.6952836513519287
gptoss_medium,216562330,51,2.8183248043060303
gptoss_medium,216562386,51,3.2965800762176514
gptoss_medium,216562638,51,2.9653706550598145
gptoss_medium,216562779,51,2.9543778896331787
gptoss_medium,216562785,51,3.3433449268341064
gptoss_medium,216636598,51,2.990813732147217
gptoss_medium,216641736,51,3.1154050827026367
gptoss_medium,216641773,51,4.447772979736328
gptoss_medium,216641842,51,2.5402002334594727
gptoss_medium,216641848,51,4.440963268280029
gptoss_medium,216641852,51,3.1683390140533447
gptoss_medium,216641956,51,3.0373010635375977
gptoss_medium,216642043,51,2.672473430633545
gptoss_medium,216642230,51,3.0262417793273926
gptoss_medium,216867622,51,3.009921073913574
gptoss_medium,216868180,51,4.597936630249023
gptoss_medium,216868234,51,2.5426025390625
gptoss_medium,216868259,51,2.451829195022583
gptoss_medium,216868472,51,3.434969663619995
gptoss_medium,216868486,51,2.8611223697662354
gptoss_medium,216868525,51,3.614307403564453
gptoss_medium,216868592,51,3.496267080307007
gptoss_medium,216868683,51,3.3564908504486084
gptoss_medium,216868725,51,2.927492141723633
gptoss_medium,216869183,51,2.9259955883026123
gptoss_medium,216869577,51,4.8895721435546875
gptoss_medium,216914409,51,2.744750499725342
gptoss_medium,216914626,51,3.7959136962890625
gptoss_medium,216914911,51,3.123048782348633
gptoss_medium,218076648,51,3.380880117416382
gptoss_medium,218470058,51,3.4375600814819336
gptoss_medium,218470122,51,2.4419124126434326
gptoss_medium,218470125,51,2.6845240592956543
gptoss_medium,218470144,51,3.870980739593506
gptoss_medium,218470237,51,2.320587158203125
gptoss_medium,218470359,51,6.257297515869141
gptoss_medium,218470427,51,2.7946038246154785
gptoss_medium,218470517,51,3.97770619392395
gptoss_medium,218486837,51,3.5223209857940674
gptoss_medium,218487098,51,3.9136786460876465
gptoss_medium,218487100,51,3.148360252380371
gptoss_medium,218487136,51,3.0065295696258545
gptoss_medium,218487168,51,3.0675837993621826
gptoss_medium,218487230,51,2.677042007446289
gptoss_medium,218487237,51,2.9830265045166016
gptoss_medium,218487279,51,3.595834732055664
gptoss_medium,218487288,51,3.687922954559326
gptoss_medium,218487373,51,4.1383748054504395
gptoss_medium,218487454,51,3.514685869216919
gptoss_medium,218487506,51,3.4171013832092285
gptoss_medium,218487696,51,4.046682357788086
gptoss_medium,218487733,51,3.3487234115600586
gptoss_medium,218500588,51,3.179682731628418
gptoss_medium,218501728,51,2.857952117919922
gptoss_medium,218502350,51,4.241470813751221
gptoss_medium,218517044,51,2.2552084922790527
gptoss_medium,218517088,51,2.753234624862671
gptoss_medium,218517128,51,3.3336730003356934
gptoss_medium,218538467,51,2.884002447128296
gptoss_medium,218560609,51,3.9264280796051025
gptoss_medium,218571018,51,2.5583252906799316
gptoss_medium,218571035,51,2.729111433029175
gptoss_medium,218571152,51,3.0529396533966064
gptoss_medium,218571167,51,2.9775891304016113
gptoss_medium,218571335,51,2.862396240234375
gptoss_medium,218580945,51,2.9149186611175537
gptoss_medium,218581853,51,2.8349721431732178
gptoss_medium,218595658,51,3.6137783527374268
gptoss_medium,218595710,51,3.065765857696533
gptoss_medium,218595915,51,4.546877384185791
gptoss_medium,218595930,51,3.050530433654785
gptoss_medium,218610661,51,3.535550832748413
gptoss_medium,218613630,51,3.221604585647583
gptoss_medium,218613850,51,2.9981489181518555
gptoss_medium,218614095,51,2.677849531173706
gptoss_medium,218628691,51,3.188901901245117
gptoss_medium,218628872,51,5.357730388641357
gptoss_medium,218630027,51,3.1660497188568115
gptoss_medium,218665566,51,2.900104522705078
gptoss_medium,218674382,51,3.7531347274780273
gptoss_medium,218684346,51,3.027181625366211
gptoss_medium,218718559,51,2.6037025451660156
gptoss_medium,218718982,51,2.739230155944824
gptoss_medium,218763259,51,5.088237285614014
gptoss_medium,218763425,51,3.2494935989379883
gptoss_medium,218763678,51,1.9595017433166504
gptoss_medium,218869840,51,2.90934419631958
gptoss_medium,218883429,51,3.0560057163238525
gptoss_medium,218889746,51,2.462050437927246
gptoss_medium,218901061,51,4.691666603088379
gptoss_medium,218971632,51,3.757072687149048
gptoss_medium,218971877,51,3.541214942932129
gptoss_medium,218974137,51,2.3834848403930664
gptoss_medium,219036690,51,2.9491074085235596
gptoss_medium,219124328,51,3.35197377204895
gptoss_medium,219165306,51,3.377134084701538
gptoss_medium,219176513,51,4.0340166091918945
gptoss_medium,219176849,51,2.6981923580169678
gptoss_medium,219177150,51,3.102247714996338
gptoss_medium,219260306,51,2.8640480041503906
gptoss_medium,219302617,51,2.7998929023742676
gptoss_medium,219304854,51,3.3904433250427246
gptoss_medium,219304992,51,3.0862324237823486
gptoss_medium,219306244,51,6.02429723739624
gptoss_medium,219307246,51,2.5644803047180176
gptoss_medium,219309091,51,3.1586453914642334
gptoss_medium,219310312,51,2.8603856563568115
gptoss_medium,219401758,51,2.595548629760742
gptoss_medium,219530664,51,3.369072437286377
gptoss_medium,219530980,51,3.0678200721740723
gptoss_medium,219558508,51,2.58732008934021
gptoss_medium,219573244,51,3.472306728363037
gptoss_medium,219573654,51,2.9018657207489014
gptoss_medium,219635956,51,2.5416483879089355
gptoss_medium,219708219,51,3.544098138809204
gptoss_medium,219719687,51,3.4990267753601074
gptoss_medium,219721462,51,3.39593243598938
gptoss_medium,219966938,51,5.114027976989746
gptoss_medium,219980605,51,3.5451436042785645
gptoss_medium,220044829,51,3.2823269367218018
gptoss_medium,220044878,51,2.2432215213775635
gptoss_medium,220044881,51,3.4969284534454346
gptoss_medium,220045417,51,3.5956990718841553
gptoss_medium,220045465,51,2.7802927494049072
gptoss_medium,220045816,51,3.9709928035736084
gptoss_medium,220045824,51,3.0530383586883545
gptoss_medium,220045825,51,2.9606244564056396
gptoss_medium,220045826,51,3.208063840866089
gptoss_medium,220045828,51,3.1474649906158447
gptoss_medium,220045831,51,3.2643675804138184
gptoss_medium,220045835,51,3.2792210578918457
gptoss_medium,220045906,51,3.5358428955078125
gptoss_medium,220045915,51,3.640993595123291
gptoss_medium,220045953,51,2.7220263481140137
gptoss_medium,220046222,51,2.508650541305542
gptoss_medium,220046453,51,2.809476375579834
gptoss_medium,220046465,51,3.166135549545288
gptoss_medium,220046499,51,3.732541561126709
gptoss_medium,220046510,51,3.151972532272339
gptoss_medium,220046814,51,2.906108856201172
gptoss_medium,220047070,51,3.0711827278137207
gptoss_medium,220047186,51,3.2527520656585693
gptoss_medium,220047251,51,3.8776588439941406
gptoss_medium,220047266,51,3.0740773677825928
gptoss_medium,220047363,51,2.5194947719573975
gptoss_medium,220047771,51,3.2118239402770996
gptoss_medium,220047822,51,2.874971628189087
gptoss_medium,220047831,51,3.8787238597869873
gptoss_medium,220047862,51,3.048733711242676
gptoss_medium,220047871,51,4.05478572845459
gptoss_medium,220047976,51,3.103037118911743
gptoss_medium,220048083,51,2.89573335647583
gptoss_medium,220048213,51,3.175185441970825
gptoss_medium,220048228,51,2.3708925247192383
gptoss_medium,220049701,51,2.41497802734375
gptoss_medium,220059617,51,2.7417919635772705
gptoss_medium,220060899,51,2.535090684890747
gptoss_medium,220250648,51,4.025723457336426
gptoss_medium,220265679,51,4.319974899291992
gptoss_medium,220280994,51,3.1957576274871826
gptoss_medium,220330688,51,2.450894594192505
gptoss_medium,220331638,51,2.5961124897003174
gptoss_medium,220363596,51,4.230662822723389
gptoss_medium,220364230,51,3.9406533241271973
gptoss_medium,220425360,51,3.3584213256835938
gptoss_medium,220525491,51,4.212581634521484
gptoss_medium,220546439,51,3.934091567993164
gptoss_medium,220686630,51,2.6142470836639404
gptoss_medium,220794027,51,3.029916286468506
gptoss_medium,220919861,51,3.1162362098693848
gptoss_medium,221005781,51,3.2456858158111572
gptoss_medium,221090091,51,2.294374465942383
gptoss_medium,221090332,51,2.3400163650512695
gptoss_medium,221150562,51,4.112400054931641
gptoss_medium,221246333,51,2.6362040042877197
gptoss_medium,221376974,51,3.2976579666137695
gptoss_medium,221517069,51,2.4458658695220947
gptoss_medium,221640658,51,3.4694766998291016
gptoss_medium,221702970,51,3.8392255306243896
gptoss_medium,221703773,51,3.6254336833953857
gptoss_medium,221738937,51,3.549348831176758
gptoss_medium,221738987,51,2.5507009029388428
gptoss_medium,221739233,51,3.6464006900787354
gptoss_medium,221739295,51,3.2821457386016846
gptoss_medium,221739314,51,3.885596752166748
gptoss_medium,221749138,51,2.988375186920166
gptoss_medium,221761251,51,3.0052788257598877
gptoss_medium,221761320,51,3.411952018737793
gptoss_medium,221761685,51,2.93208384513855
gptoss_medium,221802738,51,3.401597738265991
gptoss_medium,221802772,51,3.6679320335388184
gptoss_medium,221818878,51,3.6030139923095703
gptoss_medium,221835708,51,2.9275572299957275
gptoss_medium,221836078,51,4.928909778594971
gptoss_medium,221836081,51,3.0059239864349365
gptoss_medium,221845203,51,5.70357084274292
gptoss_medium,221857750,51,3.1956734657287598
gptoss_medium,221878973,51,3.428719997406006
gptoss_medium,221879025,51,4.2724456787109375
gptoss_medium,221948991,51,3.3189337253570557
gptoss_medium,221949175,51,3.5966296195983887
gptoss_medium,221949448,51,2.63376522064209
gptoss_medium,221970112,51,3.991680145263672
gptoss_medium,221970445,51,3.518477439880371
gptoss_medium,221970493,51,3.081488847732544
gptoss_medium,221995543,51,3.398850202560425
gptoss_medium,221995630,51,4.8134074211120605
gptoss_medium,221996144,51,3.2222607135772705
gptoss_medium,222008363,51,3.4735467433929443
gptoss_medium,222066712,51,3.292762517929077
gptoss_medium,222090330,51,2.874603271484375
gptoss_medium,222090412,51,4.152562618255615
gptoss_medium,222103842,51,3.618027687072754
gptoss_medium,222124366,51,3.5938944816589355
gptoss_medium,222124934,51,3.063739776611328
gptoss_medium,222125099,51,3.9497687816619873
gptoss_medium,222132916,51,4.584415912628174
gptoss_medium,222133028,51,3.110583782196045
gptoss_medium,222133166,51,3.0491714477539062
gptoss_medium,222134074,51,2.7050929069519043
gptoss_medium,222134115,51,2.9137701988220215
gptoss_medium,222140803,51,3.2536165714263916
gptoss_medium,222140969,51,2.77942156791687
gptoss_medium,222141043,51,3.6552343368530273
gptoss_medium,222141045,51,3.0034754276275635
gptoss_medium,222141054,51,5.0405168533325195
gptoss_medium,222141056,51,3.70436429977417
gptoss_medium,222141483,51,2.4953277111053467
gptoss_medium,222141790,51,3.6081695556640625
gptoss_medium,222142129,51,3.3930883407592773
gptoss_medium,222156681,51,3.085390090942383
gptoss_medium,222176890,51,4.502684593200684
gptoss_medium,222177069,51,3.09424090385437
gptoss_medium,222177127,51,2.7762069702148438
gptoss_medium,222177239,51,2.4682507514953613
gptoss_medium,222177485,51,4.291025161743164
gptoss_medium,222177762,51,3.0131962299346924
gptoss_medium,222177767,51,2.416658639907837
gptoss_medium,222177851,51,2.604448080062866
gptoss_medium,222205878,51,3.095802068710327
gptoss_medium,222208701,51,3.537013530731201
gptoss_medium,222208714,51,3.568708658218384
gptoss_medium,222208845,51,2.199239730834961
gptoss_medium,222208958,51,3.3762521743774414
gptoss_medium,222208984,51,2.599905014038086
gptoss_medium,222209112,51,3.0993192195892334
gptoss_medium,222225253,51,2.7923262119293213
gptoss_medium,222271911,51,2.936586856842041
gptoss_medium,222272319,51,2.589999198913574
gptoss_medium,222272447,51,4.363330364227295
gptoss_medium,222290596,51,3.2280354499816895
gptoss_medium,222290670,51,4.446518898010254
gptoss_medium,222290677,51,3.0643770694732666
gptoss_medium,222290679,51,2.517047882080078
gptoss_medium,222290752,51,4.184299945831299
gptoss_medium,222290851,51,3.2200019359588623
gptoss_medium,222291117,51,3.4887115955352783
gptoss_medium,222291132,51,3.1985056400299072
gptoss_medium,222291386,51,2.917118787765503
gptoss_medium,222291532,51,4.359310626983643
gptoss_medium,222291619,51,2.5829999446868896
gptoss_medium,222306079,51,3.052555799484253
gptoss_medium,222310116,51,3.0805258750915527
gptoss_medium,222310469,51,2.5615394115448
gptoss_medium,222310559,51,3.2569923400878906
gptoss_medium,222310618,51,4.777020454406738
gptoss_medium,222310689,51,2.489254951477051
gptoss_medium,222310761,51,2.932241678237915
gptoss_medium,222310837,51,4.546210765838623
gptoss_medium,222341502,51,3.4033308029174805
gptoss_medium,222341606,51,3.3065085411071777
gptoss_medium,222341713,51,3.75516414642334
gptoss_medium,222341867,51,3.2699060440063477
gptoss_medium,222377768,51,4.543167591094971
gptoss_medium,222379195,51,3.4633524417877197
gptoss_medium,223953395,51,2.7588140964508057
gptoss_medium,223953416,51,4.759818077087402
gptoss_medium,223957053,51,3.288378953933716
gptoss_medium,224704949,51,3.0858154296875
gptoss_medium,224705337,51,3.736480474472046
gptoss_medium,224706384,51,2.9101829528808594
gptoss_medium,224724415,51,4.023675918579102
gptoss_medium,224802782,51,2.6974756717681885
gptoss_medium,224803298,51,2.8954086303710938
gptoss_medium,224803491,51,3.8201944828033447
gptoss_medium,224803588,51,4.275784969329834
gptoss_medium,224814107,51,4.770984649658203
gptoss_medium,224818197,51,4.347391128540039
gptoss_medium,225039884,51,2.5162353515625
gptoss_medium,225040672,51,2.586440324783325
gptoss_medium,225041226,51,3.456291675567627
gptoss_medium,225062282,51,4.327992916107178
gptoss_medium,225062337,51,4.134084701538086
gptoss_medium,225066679,51,2.797576427459717
gptoss_medium,225066984,51,4.037260055541992
gptoss_medium,225067055,51,5.453007698059082
gptoss_medium,225067077,51,2.698171377182007
gptoss_medium,225067549,51,3.897935390472412
gptoss_medium,225067563,51,3.758726119995117
gptoss_medium,225067713,51,3.0129168033599854
gptoss_medium,225068329,51,3.7412779331207275
gptoss_medium,225070214,51,2.8740437030792236
gptoss_medium,225074971,51,2.865819215774536
gptoss_medium,225075639,51,3.110630750656128
gptoss_medium,225094152,51,2.6526126861572266
gptoss_medium,225103036,51,2.8994498252868652
gptoss_medium,226222232,51,4.230103969573975
gptoss_medium,226226607,51,4.250936508178711
gptoss_medium,226226666,51,3.779505968093872
gptoss_medium,226226744,51,4.0653252601623535
gptoss_medium,226227390,51,3.4201009273529053
gptoss_medium,226236740,51,3.2544355392456055
gptoss_medium,226237179,51,2.77866268157959
gptoss_medium,226237546,51,3.0373175144195557
gptoss_medium,226245979,51,2.6712350845336914
gptoss_medium,226254361,51,2.930192470550537
gptoss_medium,226262191,51,3.915623903274536
gptoss_medium,226262204,51,3.543433427810669
gptoss_medium,226262205,51,4.5036821365356445
gptoss_medium,226262224,51,2.8819711208343506
gptoss_medium,226262227,51,2.8056607246398926
gptoss_medium,226262252,51,3.0163543224334717
gptoss_medium,226262263,51,2.474226236343384
gptoss_medium,226262266,51,2.736881971359253
gptoss_medium,226262283,51,2.797010660171509
gptoss_medium,226262284,51,2.656395196914673
gptoss_medium,226262316,51,4.326480388641357
gptoss_medium,226262325,51,3.7079904079437256
gptoss_medium,226262344,51,2.765582799911499
gptoss_medium,226262349,51,2.6049702167510986
gptoss_medium,226262425,51,3.079627513885498
gptoss_medium,226278099,51,2.3516602516174316
gptoss_medium,226281376,51,2.779025077819824
gptoss_medium,226281660,51,3.669050693511963
gptoss_medium,226283452,51,2.191950559616089
gptoss_medium,226283533,51,3.3871710300445557
gptoss_medium,226283593,51,4.583835124969482
gptoss_medium,226283779,51,3.1719744205474854
gptoss_medium,226283839,51,5.4423441886901855
gptoss_medium,226283910,51,4.593620300292969
gptoss_medium,226283984,51,3.8839213848114014
gptoss_medium,226284018,51,3.2159695625305176
gptoss_medium,227230267,51,2.5807712078094482
gptoss_medium,227230896,51,2.52703857421875
gptoss_medium,227231059,51,2.695981502532959
gptoss_medium,227231123,51,3.536853075027466
gptoss_medium,227231240,51,3.3501570224761963
gptoss_medium,227231454,51,4.57841157913208
gptoss_medium,227231541,51,3.1117804050445557
gptoss_medium,227231632,51,2.7663259506225586
gptoss_medium,227231689,51,3.770460605621338
gptoss_medium,227255526,51,4.336108207702637
gptoss_medium,227745074,51,4.042999267578125
gptoss_medium,227840539,51,2.650754451751709
gptoss_medium,229152766,51,4.128416538238525
gptoss_medium,229363636,51,2.976548194885254
gptoss_medium,229365667,51,2.7680976390838623
gptoss_medium,229365773,51,3.144735097885132
gptoss_medium,229365839,51,3.4901034832000732
gptoss_medium,229371560,51,3.702415943145752
gptoss_medium,229376913,51,5.765761375427246
gptoss_medium,229376920,51,3.5009145736694336
gptoss_medium,229679941,51,4.9214277267456055
gptoss_medium,229923069,51,3.899723768234253
gptoss_medium,229923118,51,4.468681812286377
gptoss_medium,229923196,51,5.634919166564941
gptoss_medium,229923207,51,2.7882437705993652
gptoss_medium,229923220,51,2.7106637954711914
gptoss_medium,229923438,51,3.7264814376831055
gptoss_medium,229923538,51,3.8032898902893066
gptoss_medium,229923551,51,2.600428342819214
gptoss_medium,229923747,51,3.292466402053833
gptoss_medium,229923749,51,3.429417848587036
gptoss_medium,229923903,51,3.320293426513672
gptoss_medium,229924005,51,2.5843141078948975
gptoss_medium,229924184,51,4.22505521774292
gptoss_medium,229924220,51,3.4178192615509033
gptoss_medium,229924402,51,3.3274049758911133
gptoss_medium,230119728,51,3.6868836879730225
gptoss_medium,230433978,51,3.280860662460327
gptoss_medium,230434014,51,2.698976993560791
gptoss_medium,230437591,51,3.0882935523986816
gptoss_medium,230437613,51,3.8880817890167236
gptoss_medium,230438816,51,3.211772918701172
gptoss_medium,231572779,51,4.546472072601318
gptoss_medium,231592914,51,3.5566627979278564
gptoss_medium,231648372,51,3.7992188930511475
gptoss_medium,231698419,51,2.2375292778015137
gptoss_medium,231698657,51,3.3039016723632812
gptoss_medium,231704318,51,3.017557382583618
gptoss_medium,231718729,51,4.123839378356934
gptoss_medium,231719525,51,4.193836212158203
gptoss_medium,231740666,51,3.130892753601074
gptoss_medium,231749968,51,3.801060199737549
gptoss_medium,231750020,51,3.0941381454467773
gptoss_medium,231879840,51,2.8936545848846436
gptoss_medium,231951460,51,2.900636672973633
gptoss_medium,232147874,51,3.983769655227661
gptoss_medium,232185112,51,4.505352020263672
gptoss_medium,232185275,51,2.829538345336914
gptoss_medium,232185425,51,2.6613125801086426
gptoss_medium,232185439,51,2.855440855026245
gptoss_medium,232222189,51,4.3498969078063965
gptoss_medium,232233408,51,4.254254341125488
gptoss_medium,232233599,51,2.629307508468628
gptoss_medium,232240181,51,3.2755239009857178
gptoss_medium,232257699,51,4.359894275665283
gptoss_medium,232307006,51,2.4868154525756836
gptoss_medium,232307434,51,2.8598997592926025
gptoss_medium,232307483,51,4.583965301513672
gptoss_medium,232335602,51,5.623977184295654
gptoss_medium,232335863,51,2.6663432121276855
gptoss_medium,232404131,51,3.1545372009277344
gptoss_medium,232478685,51,2.46815824508667
gptoss_medium,233004708,51,2.9264750480651855
gptoss_medium,233033916,51,3.3390774726867676
gptoss_medium,233189542,51,5.345095634460449
gptoss_medium,233189569,51,2.860456705093384
gptoss_medium,233204406,51,2.794114351272583
gptoss_medium,233209848,51,2.8785336017608643
gptoss_medium,233210110,51,4.040955066680908
gptoss_medium,233210195,51,3.7099852561950684
gptoss_medium,233210199,51,3.3585047721862793
gptoss_medium,233210367,51,3.6299471855163574
gptoss_medium,233210556,51,2.5292580127716064
gptoss_medium,233219387,51,3.3313183784484863
gptoss_medium,233219395,51,2.100569486618042
gptoss_medium,233219660,51,2.837819814682007
gptoss_medium,233219933,51,2.8547048568725586
gptoss_medium,233231453,51,3.769315004348755
gptoss_medium,233231592,51,3.5063674449920654
gptoss_medium,233240744,51,2.4413723945617676
gptoss_medium,233240759,51,2.484661340713501
gptoss_medium,233240823,51,3.387449026107788
gptoss_medium,233241004,51,3.53877329826355
gptoss_medium,233241070,51,3.9173805713653564
gptoss_medium,233241169,51,3.257563829421997
gptoss_medium,233289620,51,3.462745189666748
gptoss_medium,233289621,51,2.960914373397827
gptoss_medium,233289750,51,3.554593324661255
gptoss_medium,233296168,51,4.714025020599365
gptoss_medium,233296182,51,3.9870824813842773
gptoss_medium,233296487,51,3.731335163116455
gptoss_medium,233296511,51,3.744036912918091
gptoss_medium,233296655,51,3.6022350788116455
gptoss_medium,233296689,51,3.7083237171173096
gptoss_medium,233296709,51,2.7361862659454346
gptoss_medium,233296775,51,2.935673475265503
gptoss_medium,233297024,51,4.672583103179932
gptoss_medium,233304563,51,2.481379747390747
gptoss_medium,233324564,51,3.538228988647461
gptoss_medium,233365172,51,4.085647106170654
gptoss_medium,233365339,51,2.311840295791626
gptoss_medium,233423658,51,3.6623170375823975
gptoss_medium,233444226,51,6.29763650894165
gptoss_medium,233481097,51,4.164785385131836
gptoss_medium,233864627,51,4.791929244995117
gptoss_medium,234334712,51,2.2049269676208496
gptoss_medium,234335834,51,4.5267205238342285
gptoss_medium,234337605,51,3.4978599548339844
gptoss_medium,234341137,51,3.1129586696624756
gptoss_medium,234469638,51,2.982250213623047
gptoss_medium,234469858,51,4.405246257781982
gptoss_medium,234679287,51,2.3244690895080566
gptoss_medium,234679391,51,3.1985907554626465
gptoss_medium,234681504,51,2.7526865005493164
gptoss_medium,234741719,51,3.03969407081604
gptoss_medium,234762936,51,4.598779678344727
gptoss_medium,234763248,51,3.1620020866394043
gptoss_medium,234778136,51,2.722717761993408
gptoss_medium,234790219,51,3.6945571899414062
gptoss_medium,235097275,51,3.013763189315796
gptoss_medium,235097294,51,3.3474769592285156
gptoss_medium,235097313,51,2.868161916732788
gptoss_medium,235097561,51,3.09578537940979
gptoss_medium,235097625,51,3.0901923179626465
gptoss_medium,235097662,51,3.4776532649993896
gptoss_medium,235125628,51,3.198896884918213
gptoss_medium,235166279,51,3.8041763305664062
gptoss_medium,235166395,51,3.1636691093444824
gptoss_medium,235166497,51,3.9283812046051025
gptoss_medium,235187032,51,3.1414594650268555
gptoss_medium,235196029,51,2.929330825805664
gptoss_medium,235196067,51,3.054190158843994
gptoss_medium,235212088,51,2.882392406463623
gptoss_medium,235248187,51,2.4073874950408936
gptoss_medium,235253782,51,2.5358800888061523
gptoss_medium,235253912,51,3.3115859031677246
gptoss_medium,235254048,51,3.508791923522949
gptoss_medium,235254574,51,3.158583402633667
gptoss_medium,235254732,51,3.6015374660491943
gptoss_medium,235254796,51,2.728853225708008
gptoss_medium,235265858,51,2.9706170558929443
gptoss_medium,235266233,51,3.1321160793304443
gptoss_medium,235266322,51,4.154514312744141
gptoss_medium,235266324,51,2.943756580352783
gptoss_medium,235293739,51,2.5339510440826416
gptoss_medium,235293774,51,3.1089439392089844
gptoss_medium,235293802,51,3.397238254547119
gptoss_medium,235293967,51,3.998941421508789
gptoss_medium,235294002,51,2.6808488368988037
gptoss_medium,235294081,51,3.14152193069458
gptoss_medium,235294296,51,4.606695652008057
gptoss_medium,235313431,51,2.312612295150757
gptoss_medium,235313469,51,2.960632085800171
gptoss_medium,235313508,51,2.593632459640503
gptoss_medium,235313546,51,2.4276299476623535
gptoss_medium,235313658,51,2.7773566246032715
gptoss_medium,235313785,51,3.1083593368530273
gptoss_medium,235313788,51,3.1100544929504395
gptoss_medium,235313818,51,2.758183717727661
gptoss_medium,235313879,51,3.2309489250183105
gptoss_medium,235313916,51,3.076507568359375
gptoss_medium,235313996,51,3.16841721534729
gptoss_medium,235352646,51,4.278902530670166
gptoss_medium,235358130,51,3.2653133869171143
gptoss_medium,235358897,51,3.6598575115203857
gptoss_medium,235358955,51,2.879819393157959
gptoss_medium,235359141,51,4.44685697555542
gptoss_medium,235364002,51,2.747457981109619
gptoss_medium,235364036,51,2.70102858543396
gptoss_medium,235367681,51,2.5083112716674805
gptoss_medium,235368202,51,3.2171592712402344
gptoss_medium,235390503,51,2.5723066329956055
gptoss_medium,235391043,51,3.917184829711914
gptoss_medium,235415270,51,3.1921539306640625
gptoss_medium,235417102,51,3.3091981410980225
gptoss_medium,235417177,51,2.6968460083007812
gptoss_medium,235417503,51,3.200946092605591
gptoss_medium,235422047,51,2.9841079711914062
gptoss_medium,235433328,51,2.897984266281128
gptoss_medium,235446895,51,2.5946881771087646
gptoss_medium,235457983,51,2.24478816986084
gptoss_medium,235458570,51,2.6988093852996826
gptoss_medium,235458620,51,2.999329090118408
gptoss_medium,235458643,51,3.119938850402832
gptoss_medium,235485451,51,3.315985918045044
gptoss_medium,235490087,51,3.3089377880096436
gptoss_medium,235652287,51,3.575596570968628
gptoss_medium,235669861,51,3.368476390838623
gptoss_medium,235683062,51,4.516733169555664
gptoss_medium,235683485,51,4.094254493713379
gptoss_medium,235694265,51,4.267147064208984
gptoss_medium,235720578,51,3.2377889156341553
gptoss_medium,235794968,51,2.9090898036956787
gptoss_medium,235795670,51,3.829606533050537
gptoss_medium,235828923,51,3.3928897380828857
gptoss_medium,235828943,51,2.674865961074829
gptoss_medium,235898896,51,3.7471039295196533
gptoss_medium,236087808,51,2.8645942211151123
gptoss_medium,236171157,51,3.053231716156006
gptoss_medium,236428724,51,2.590097188949585
gptoss_medium,236428961,51,2.3917360305786133
gptoss_medium,236459819,51,3.2390260696411133
gptoss_medium,236459826,51,3.148529052734375
gptoss_medium,236459873,51,3.295351266860962
gptoss_medium,236459933,51,3.2078142166137695
gptoss_medium,236459946,51,2.4067835807800293
gptoss_medium,236459953,51,4.311405181884766
gptoss_medium,236460001,51,2.7385547161102295
gptoss_medium,236460053,51,2.8965964317321777
gptoss_medium,236460056,51,3.429135322570801
gptoss_medium,236460087,51,2.4444777965545654
gptoss_medium,236460102,51,3.5753560066223145
gptoss_medium,236460230,51,2.4782440662384033
gptoss_medium,236460239,51,3.586608648300171
gptoss_medium,236460257,51,3.3126935958862305
gptoss_medium,236460275,51,4.517937660217285
gptoss_medium,236460302,51,4.089794158935547
gptoss_medium,236460322,51,2.4946789741516113
gptoss_medium,236477365,51,3.1137263774871826
gptoss_medium,236477682,51,2.386470317840576
gptoss_medium,236477844,51,3.0101091861724854
gptoss_medium,236477909,51,2.829000949859619
gptoss_medium,236478188,51,3.286177396774292
gptoss_medium,236478383,51,2.614957094192505
gptoss_medium,236912915,51,4.347062587738037
gptoss_medium,236924832,51,3.905592203140259
gptoss_medium,236956577,51,3.725005626678467
gptoss_medium,237091377,51,2.726361036300659
gptoss_medium,237213465,51,2.6028695106506348
gptoss_medium,237251782,51,3.2501277923583984
gptoss_medium,237263305,51,3.4955248832702637
gptoss_medium,237304047,51,3.2722232341766357
gptoss_medium,237304067,51,2.894308090209961
gptoss_medium,237304520,51,2.8044919967651367
gptoss_medium,237346893,51,3.640911102294922
gptoss_medium,237346897,51,4.588947772979736
gptoss_medium,237347122,51,3.5694265365600586
gptoss_medium,237353665,51,3.1750075817108154
gptoss_medium,237365058,51,3.1022629737854004
gptoss_medium,237386676,51,2.688565731048584
gptoss_medium,237416760,51,3.488229990005493
gptoss_medium,237420398,51,3.186889886856079
gptoss_medium,237420821,51,2.7658820152282715
gptoss_medium,237421373,51,3.361079216003418
gptoss_medium,237431340,51,6.378051280975342
gptoss_medium,237433655,51,3.906639575958252
gptoss_medium,237439400,51,2.660700798034668
gptoss_medium,237440319,51,3.494748592376709
gptoss_medium,237442211,51,2.737898349761963
gptoss_medium,237442331,51,5.91079568862915
gptoss_medium,237452184,51,3.8200459480285645
gptoss_medium,237452236,51,3.501194953918457
gptoss_medium,237453242,51,2.6268625259399414
gptoss_medium,237453543,51,3.4521682262420654
gptoss_medium,237453590,51,3.1176252365112305
gptoss_medium,237454564,51,2.9032981395721436
gptoss_medium,237485098,51,2.6521401405334473
gptoss_medium,237485454,51,4.242223262786865
gptoss_medium,237485472,51,3.7534730434417725
gptoss_medium,237485586,51,3.0797805786132812
gptoss_medium,237490811,51,3.1987292766571045
gptoss_medium,237491053,51,4.131028175354004
gptoss_medium,237491444,51,2.4382197856903076
gptoss_medium,237491751,51,2.705744504928589
gptoss_medium,237492043,51,2.730801820755005
gptoss_medium,237492197,51,2.884380578994751
gptoss_medium,237500283,51,2.4036190509796143
gptoss_medium,237504105,51,2.320929527282715
gptoss_medium,237507028,51,4.0457234382629395
gptoss_medium,237513360,51,2.6407434940338135
gptoss_medium,237532321,51,2.9743969440460205
gptoss_medium,237532404,51,2.6818246841430664
gptoss_medium,237561567,51,5.230464458465576
gptoss_medium,237562875,51,2.86413311958313
gptoss_medium,237562927,51,3.3646416664123535
gptoss_medium,237568724,51,3.6985414028167725
gptoss_medium,237571370,51,2.282931089401245
gptoss_medium,237571691,51,3.401916027069092
gptoss_medium,237572304,51,2.670267343521118
gptoss_medium,237581068,51,3.641188144683838
gptoss_medium,237698810,51,4.100683212280273
gptoss_medium,237940082,51,3.3028688430786133
gptoss_medium,237940206,51,3.693419933319092
gptoss_medium,237940558,51,3.027036190032959
gptoss_medium,238198104,51,2.707077741622925
gptoss_medium,238198383,51,2.8277535438537598
gptoss_medium,238226978,51,3.4235548973083496
gptoss_medium,238259221,51,2.187964677810669
gptoss_medium,238259403,51,3.6519906520843506
gptoss_medium,238634750,51,4.081059455871582
gptoss_medium,238744497,51,3.107041835784912
gptoss_medium,238856828,51,4.02726411819458
gptoss_medium,238856900,51,3.5788915157318115
gptoss_medium,238857078,51,2.979635715484619
gptoss_medium,238857121,51,3.986424207687378
gptoss_medium,238857301,51,3.89538311958313
gptoss_medium,238857304,51,3.3980495929718018
gptoss_medium,239009558,51,3.419337034225464
gptoss_medium,239009606,51,2.9978315830230713
gptoss_medium,239015827,51,3.1753652095794678
gptoss_medium,239015946,51,3.5214221477508545
gptoss_medium,239016123,51,4.471224784851074
gptoss_medium,239016717,51,2.8978254795074463
gptoss_medium,239016893,51,2.994539976119995
gptoss_medium,239049842,51,3.068167209625244
gptoss_medium,240225648,51,4.036411762237549
gptoss_medium,240288892,51,3.8856258392333984
gptoss_medium,241032941,51,2.5425007343292236
gptoss_medium,241033259,51,4.7214035987854
gptoss_medium,241583340,51,3.47109317779541
gptoss_medium,241583576,51,2.4103739261627197
gptoss_medium,243865127,51,2.645920753479004
gptoss_medium,243865204,51,2.947765827178955
gptoss_medium,243865235,51,3.2359485626220703
gptoss_medium,243865296,51,2.4268810749053955
gptoss_medium,243865314,51,2.8212387561798096
gptoss_medium,243865355,51,3.218465805053711
gptoss_medium,243865391,51,3.485736608505249
gptoss_medium,243865395,51,3.1278257369995117
gptoss_medium,243865399,51,3.4604716300964355
gptoss_medium,244117167,51,2.4639477729797363
gptoss_medium,244909056,51,3.7636828422546387
gptoss_medium,245124270,51,3.703296661376953
gptoss_medium,245130931,51,4.903929710388184
gptoss_medium,245131402,51,3.3261280059814453
gptoss_medium,245144752,51,2.725313425064087
gptoss_medium,245218563,51,3.615016222000122
gptoss_medium,245218671,51,5.546760082244873
gptoss_medium,245218982,51,3.2429795265197754
gptoss_medium,245219268,51,3.5001399517059326
gptoss_medium,245219282,51,4.17824649810791
gptoss_medium,245334784,51,3.9725182056427
gptoss_medium,245836939,51,3.089804172515869
gptoss_medium,245853756,51,2.5342745780944824
gptoss_medium,245855870,51,3.2975988388061523
gptoss_medium,246016271,51,3.045982837677002
gptoss_medium,246017095,51,3.698996067047119
gptoss_medium,246063436,51,2.392484188079834
gptoss_medium,246867373,51,2.812199115753174
gptoss_medium,247158838,51,4.307394027709961
gptoss_medium,247159046,51,3.759490489959717
gptoss_medium,247187588,51,3.4953677654266357
gptoss_medium,247222710,51,2.6907193660736084
gptoss_medium,247291740,51,2.88962984085083
gptoss_medium,247315166,51,3.3306386470794678
gptoss_medium,247315260,51,3.3284404277801514
gptoss_medium,247362971,51,2.520204782485962
gptoss_medium,247411350,51,3.4015026092529297
gptoss_medium,247446572,51,3.947305917739868
gptoss_medium,247446894,51,3.2212955951690674
gptoss_medium,247447662,51,3.9046199321746826
gptoss_medium,247450580,51,2.939178466796875
gptoss_medium,247450969,51,2.9248785972595215
gptoss_medium,247451025,51,3.1189491748809814
gptoss_medium,247451243,51,3.145655393600464
gptoss_medium,247475919,51,6.214955806732178
gptoss_medium,247518984,51,2.4785096645355225
gptoss_medium,247519084,51,3.2763636112213135
gptoss_medium,247593812,51,2.4843101501464844
gptoss_medium,247594302,51,3.0589027404785156
gptoss_medium,247594716,51,3.740457057952881
gptoss_medium,247594869,51,2.9344229698181152
gptoss_medium,247595094,51,3.3768372535705566
gptoss_medium,247595225,51,3.0442299842834473
gptoss_medium,247596835,51,3.349524736404419
gptoss_medium,247748640,51,3.3588714599609375
gptoss_medium,247748753,51,2.7400496006011963
gptoss_medium,247748809,51,5.190431118011475
gptoss_medium,247762948,51,3.618602752685547
gptoss_medium,247792843,51,2.957634687423706
gptoss_medium,247849293,51,2.520723342895508
gptoss_medium,247958465,51,4.378172874450684
gptoss_medium,248069378,51,2.8079326152801514
gptoss_medium,248085045,51,3.079399585723877
gptoss_medium,248118588,51,3.0243659019470215
gptoss_medium,248118703,51,2.397709846496582
gptoss_medium,248157348,51,2.906574249267578
gptoss_medium,248227577,51,2.7928922176361084
gptoss_medium,248227660,51,3.9506092071533203
gptoss_medium,248239933,51,2.7297186851501465
gptoss_medium,248377325,51,4.000826358795166
gptoss_medium,248377585,51,2.3125810623168945
gptoss_medium,248406097,51,2.7526886463165283
gptoss_medium,248427016,51,2.8418619632720947
gptoss_medium,248476156,51,2.879180431365967
gptoss_medium,248512779,51,3.1862595081329346
gptoss_medium,248524999,51,3.424920082092285
gptoss_medium,248721950,51,2.741429328918457
gptoss_medium,248779865,51,4.258505344390869
gptoss_medium,248780015,51,3.3962855339050293
gptoss_medium,248780118,51,3.0130810737609863
gptoss_medium,248780173,51,3.1334924697875977
gptoss_medium,248780372,51,3.6005656719207764
gptoss_medium,248780440,51,3.1712138652801514
gptoss_medium,248780469,51,2.656261682510376
gptoss_medium,248780517,51,2.4730186462402344
gptoss_medium,248811704,51,2.7804718017578125
gptoss_medium,248888019,51,2.311917304992676
gptoss_medium,248962000,51,2.0735833644866943
gptoss_medium,248987526,51,2.9678564071655273
gptoss_medium,249062699,51,4.84127950668335
gptoss_medium,249062866,51,3.3443655967712402
gptoss_medium,249151979,51,2.9049253463745117
gptoss_medium,249172784,51,2.921290636062622
gptoss_medium,249209909,51,2.3227641582489014
gptoss_medium,249240598,51,2.623450517654419
gptoss_medium,249687727,51,3.3644473552703857
gptoss_medium,250311114,51,2.8362364768981934
gptoss_medium,250390839,51,2.4029104709625244
gptoss_medium,250390923,51,2.949589490890503
gptoss_medium,251765463,51,2.9478261470794678
gptoss_medium,252089779,51,3.8974790573120117
gptoss_medium,252439211,51,3.2138125896453857
gptoss_medium,252693442,51,2.6036062240600586
gptoss_medium,252735160,51,3.5617239475250244
gptoss_medium,252735212,51,3.9571752548217773
gptoss_medium,252762414,51,2.840062141418457
gptoss_medium,252780775,51,3.01607346534729
gptoss_medium,252815378,51,3.885662794113159
gptoss_medium,252846273,51,2.7162275314331055
gptoss_medium,252873593,51,4.606129169464111
gptoss_medium,252907428,51,3.354094982147217
gptoss_medium,252967945,51,2.7903823852539062
gptoss_medium,252992571,51,2.526135206222534
gptoss_medium,253018348,51,2.8860464096069336
gptoss_medium,253097741,51,3.0984091758728027
gptoss_medium,253098632,51,2.9756863117218018
gptoss_medium,253107167,51,2.9925589561462402
gptoss_medium,253157899,51,2.597662925720215
gptoss_medium,253224433,51,3.751211404800415
gptoss_medium,253237701,51,4.741840839385986
gptoss_medium,253244049,51,3.9221713542938232
gptoss_medium,253420743,51,4.1357102394104
gptoss_medium,253447251,51,2.263685703277588
gptoss_medium,253510953,51,2.668670177459717
gptoss_medium,253735139,51,3.3373706340789795
gptoss_medium,253762071,51,4.074095726013184
gptoss_medium,254275120,51,2.8838579654693604
gptoss_medium,254591242,51,5.3275065422058105
gptoss_medium,254686088,51,2.4855496883392334
gptoss_medium,254823156,51,2.7453646659851074
gptoss_medium,254854009,51,3.0699477195739746
gptoss_medium,254854257,51,2.5955655574798584
gptoss_medium,254854495,51,3.8956174850463867
gptoss_medium,254877229,51,3.0214571952819824
gptoss_medium,254877371,51,3.464937448501587
gptoss_medium,254877569,51,3.3378305435180664
gptoss_medium,254877590,51,5.731224536895752
gptoss_medium,256461033,51,3.3935718536376953
gptoss_medium,257365015,51,4.950648307800293
gptoss_medium,257833897,51,2.964092493057251
gptoss_medium,258352678,51,3.5004818439483643
gptoss_medium,258378275,51,3.6591713428497314
gptoss_medium,258480165,51,3.2380287647247314
gptoss_medium,258547173,51,3.953529119491577
gptoss_medium,258762343,51,3.9678657054901123
gptoss_medium,258822870,51,3.5158660411834717
gptoss_medium,258832427,51,4.831157684326172
gptoss_medium,258865558,51,2.7061169147491455
gptoss_medium,258887946,51,3.2486419677734375
gptoss_medium,258947457,51,3.8620283603668213
gptoss_medium,258967265,51,3.826631784439087
gptoss_medium,259251773,51,3.68046498298645
gptoss_medium,259370700,51,4.255035400390625
gptoss_medium,259370817,51,4.201221942901611
gptoss_medium,259370847,51,4.55808687210083
gptoss_medium,259847758,51,3.4568941593170166
gptoss_medium,260316324,51,2.804647922515869
gptoss_medium,260490640,51,3.776074171066284
gptoss_medium,260537993,51,3.0122578144073486
gptoss_medium,260557571,51,3.1229007244110107
gptoss_medium,260704223,51,3.88508939743042
gptoss_medium,261432085,51,3.520348072052002
gptoss_medium,263266654,51,2.7481226921081543
gptoss_medium,263334529,51,3.631195545196533
gptoss_medium,263610040,51,3.1419551372528076
gptoss_medium,263797079,51,2.313086748123169
gptoss_medium,263797641,51,3.7451729774475098
gptoss_medium,263864711,51,3.227649450302124
gptoss_medium,263876556,51,3.66951847076416
gptoss_medium,263877300,51,2.4550974369049072
gptoss_medium,263883914,51,2.4698712825775146
gptoss_medium,263883936,51,2.8052947521209717
gptoss_medium,264147090,51,4.425339698791504
gptoss_medium,264591429,51,6.5864386558532715
gptoss_medium,264719695,51,5.368760585784912
gptoss_medium,265067269,51,2.995891571044922
gptoss_medium,265157516,51,4.463544845581055
gptoss_medium,265157884,51,4.50008487701416
gptoss_medium,265212821,51,4.188716411590576
gptoss_medium,265221210,51,3.6033692359924316
gptoss_medium,265607943,51,3.1222188472747803
gptoss_medium,265608038,51,4.3770551681518555
gptoss_medium,265608057,51,2.359675407409668
gptoss_medium,265962751,51,4.631143093109131
gptoss_medium,268357635,51,4.466191291809082
